feast	f-the-sabbath	The Sabbath	sabbath|sabbaths|sabbath day	1	1002002-1002003,2020008-2020011,2031013-2031017,5005012-5005015,23058013-23058014,41002027-41002028,42004016-42004016,58004009-58004010		[[1002002-1002003|Genesis 2:2-3]]; [[2020008-2020011|Exodus 20:8-11]]; [[2031013-2031017|Exodus 31:13-17]]; [[5005012-5005015|Deuteronomy 5:12-15]]; [[23058013-23058014|Isaiah 58:13-14]]; [[41002027-41002028|Mark 2:27-28]]; [[42004016-42004016|Luke 4:16]]; [[58004009-58004010|Hebrews 4:9-10]]	Easton's Bible Dictionary; Edersheim, Sketches of Jewish Social Life	The seventh day of the week (from Friday sunset to Saturday sunset), kept holy as a day of rest and worship. God rested on the seventh day of creation, and the Sabbath was a sign of his covenant with Israel. No work was done; in Jesus' day people met in the synagogue to hear the Scriptures read. Jesus called himself Lord of the Sabbath, and Christians have kept the first day, the day of his resurrection, as the Lord's Day.
feast	f-passover	Passover	passover|passovers	1	2012001-2012028,3023005-3023005,4009001-4009014,5016001-5016008,40026017-40026030,42022007-42022020,43001029-43001029,46005007-46005007		[[2012001-2012028|Exodus 12:1-28]]; [[3023005-3023005|Leviticus 23:5]]; [[4009001-4009014|Numbers 9:1-14]]; [[5016001-5016008|Deuteronomy 16:1-8]]; [[40026017-40026030|Matthew 26:17-30]]; [[42022007-42022020|Luke 22:7-20]]; [[43001029-43001029|John 1:29]]; [[46005007-46005007|1 Corinthians 5:7]]	Easton's Bible Dictionary; Edersheim, The Temple: Its Ministry and Services	The spring feast remembering the night God freed Israel from Egypt: the angel of death "passed over" the houses marked with a lamb's blood. Each family ate a roast lamb with unleavened bread and bitter herbs, on the evening of the 14th of Nisan (March or April). Jesus was crucified at Passover; the New Testament calls him "Christ our Passover" (1 Cor 5:7), and the Lord's Supper began at a Passover meal.
feast	f-the-feast-of-unleavened-bread	The Feast of Unleavened Bread	feast of unleavened bread|festival of unleavened bread|days of unleavened bread|unleavened bread	0	2012015-2012020,2012039-2012039,2013003-2013010,2023015-2023015,3023006-3023008,4028017-4028017,5016003-5016008,14030013-14030013,14030021-14030021,14035017-14035017,15006022-15006022,40026017-40026017,41014001-41014001,41014012-41014012,42022001-42022001,42022007-42022007,44012003-44012003,44020006-44020006,46005008-46005008		[[2012015-2012020|Exodus 12:15-20]]; [[2012039-2012039|Exodus 12:39]]; [[2013003-2013010|Exodus 13:3-10]]; [[2023015-2023015|Exodus 23:15]]; [[3023006-3023008|Leviticus 23:6-8]]; [[4028017-4028017|Numbers 28:17]]; [[5016003-5016008|Deuteronomy 16:3-8]]; [[14030013-14030021|2 Chronicles 30:13,21]]; [[14035017-14035017|2 Chronicles 35:17]]; [[15006022-15006022|Ezra 6:22]]; [[40026017-40026017|Matthew 26:17]]; [[41014001-41014012|Mark 14:1,12]]; [[42022001-42022007|Luke 22:1,7]]; [[44012003-44012003|Acts 12:3]]; [[44020006-44020006|Acts 20:6]]; [[46005008-46005008|1 Corinthians 5:8]]	Easton's Bible Dictionary; Edersheim, The Temple: Its Ministry and Services	Seven days straight after Passover when no bread with yeast (leaven) was eaten, and all leaven was cleared from the house. It recalled the haste of leaving Egypt, with no time for dough to rise. Paul uses it as a picture of a life cleared of malice and wickedness (1 Cor 5:7-8).
feast	f-firstfruits	Firstfruits	firstfruits|firstfruit|first fruits|first-fruits|first of the firstfruits	1	2023016-2023016,2023019-2023019,3023009-3023014,4018012-4018013,5026001-5026011,20003009-20003009,45008023-45008023,46015020-46015023,59001018-59001018,66014004-66014004		[[2023016-2023019|Exodus 23:16,19]]; [[3023009-3023014|Leviticus 23:9-14]]; [[4018012-4018013|Numbers 18:12-13]]; [[5026001-5026011|Deuteronomy 26:1-11]]; [[20003009-20003009|Proverbs 3:9]]; [[45008023-45008023|Romans 8:23]]; [[46015020-46015023|1 Corinthians 15:20-23]]; [[59001018-59001018|James 1:18]]; [[66014004-66014004|Revelation 14:4]]	Easton's Bible Dictionary; Edersheim, The Temple: Its Ministry and Services	The first and best of the harvest, given to God before the rest was used, as thanks that all of it came from him. A sheaf of the first barley was waved before the Lord the day after the Sabbath of Passover week. Paul calls the risen Christ "the firstfruits of them that slept" (1 Cor 15:20): the first of the great harvest of the resurrection.
feast	f-pentecost-the-feast-of-weeks	Pentecost (the Feast of Weeks)	pentecost|feast of weeks|festival of weeks|feast of harvest|festival of harvest|harvest festival	1	2023016-2023016,2034022-2034022,3023015-3023021,4028026-4028031,5016009-5016012,44002001-44002041,44020016-44020016,46016008-46016008		[[2023016-2023016|Exodus 23:16]]; [[2034022-2034022|Exodus 34:22]]; [[3023015-3023021|Leviticus 23:15-21]]; [[4028026-4028031|Numbers 28:26-31]]; [[5016009-5016012|Deuteronomy 16:9-12]]; [[44002001-44002041|Acts 2:1-41]]; [[44020016-44020016|Acts 20:16]]; [[46016008-46016008|1 Corinthians 16:8]]	Easton's Bible Dictionary; Edersheim, The Temple: Its Ministry and Services	The harvest feast held fifty days (seven weeks) after Passover, when two loaves from the new wheat were offered. "Pentecost" is Greek for "fiftieth". Jews from many lands came to Jerusalem for it, which is why so many nations heard the apostles when the Holy Spirit was poured out at Pentecost (Acts 2).
feast	f-the-feast-of-trumpets	The Feast of Trumpets	feast of trumpets|festival of trumpets|blowing of trumpets|blowing of the trumpets|day of blowing|day for you to blow the trumpets|trumpet blasts	0	3023023-3023025,4029001-4029006		[[3023023-3023025|Leviticus 23:23-25]]; [[4029001-4029006|Numbers 29:1-6]]	Easton's Bible Dictionary; Edersheim, The Temple: Its Ministry and Services	A holy day of rest on the first day of the seventh month (September or October), announced by the blowing of trumpets (the ram's horn). It began the most solemn month of Israel's year, leading to the Day of Atonement and the Feast of Tabernacles. In later Judaism it became the New Year (Rosh Hashanah).
feast	f-the-day-of-atonement	The Day of Atonement	day of atonement|day of the atonement|day of atonements|atonement day	1	3016000-3016999,3023026-3023032,4029007-4029011,58009006-58009014,58009024-58009028,58010001-58010014		[[3016000-3016999|Leviticus 16]]; [[3023026-3023032|Leviticus 23:26-32]]; [[4029007-4029011|Numbers 29:7-11]]; [[58009006-58009014|Hebrews 9:6-14]]; [[58009024-58009028|Hebrews 9:24-28]]; [[58010001-58010014|Hebrews 10:1-14]]	Easton's Bible Dictionary; Edersheim, The Temple: Its Ministry and Services	The holiest day of Israel's year (Yom Kippur), on the tenth day of the seventh month: a day of fasting and confession. Only on this day did the high priest enter the Most Holy Place, with the blood of a sacrifice, to make atonement for the sins of the whole nation; a second goat, the scapegoat, carried their sins away into the wilderness. Hebrews shows Jesus as the great High Priest who entered heaven itself with his own blood, once for all.
feast	f-the-feast-of-tabernacles-booths	The Feast of Tabernacles (Booths)	feast of tabernacles|feast of the tabernacles|feast of booths|festival of booths|festival of shelters|feast of shelters|feast of ingathering|festival of ingathering	1	2023016-2023016,3023033-3023043,4029012-4029038,5016013-5016015,5031010-5031013,16008013-16008018,38014016-38014019,43007002-43007002,43007037-43007039		[[2023016-2023016|Exodus 23:16]]; [[3023033-3023043|Leviticus 23:33-43]]; [[4029012-4029038|Numbers 29:12-38]]; [[5016013-5016015|Deuteronomy 16:13-15]]; [[5031010-5031013|Deuteronomy 31:10-13]]; [[16008013-16008018|Nehemiah 8:13-18]]; [[38014016-38014019|Zechariah 14:16-19]]; [[43007002-43007039|John 7:2,37-39]]	Easton's Bible Dictionary; Edersheim, The Temple: Its Ministry and Services	The joyful autumn feast at the end of harvest, from the 15th of the seventh month for seven days. Families lived in shelters (booths) made of branches, to remember Israel's tents in the wilderness. Water was poured out at the temple each day and great lamps were lit; on the last day Jesus stood and offered "living water" (John 7:37-38).
feast	f-the-new-moon	The New Moon	new moon|new moons|new moon's|new moon festival|new moon festivals|new moon feast|new moon feasts|new moon celebrations|beginnings of your months|beginning of your months	1	4010010-4010010,4028011-4028015,9020005-9020005,9020018-9020018,9020024-9020024,12004023-12004023,19081003-19081003,23001013-23001014,23066023-23066023,30008005-30008005,51002016-51002016		[[4010010-4010010|Numbers 10:10]]; [[4028011-4028015|Numbers 28:11-15]]; [[9020005-9020024|1 Samuel 20:5,18,24]]; [[12004023-12004023|2 Kings 4:23]]; [[19081003-19081003|Psalms 81:3]]; [[23001013-23001014|Isaiah 1:13-14]]; [[23066023-23066023|Isaiah 66:23]]; [[30008005-30008005|Amos 8:5]]; [[51002016-51002016|Colossians 2:16]]	Easton's Bible Dictionary; Edersheim, The Temple: Its Ministry and Services	The first day of each month in Israel's calendar, which followed the moon. Trumpets were blown, extra offerings made and work often stopped, with family meals (1 Sam 20). Paul says such days were "a shadow of things to come", while the reality is Christ (Col 2:16-17).
feast	f-the-appointed-feasts	The appointed feasts	appointed feasts|appointed feast|appointed festivals|appointed festival|solemn feasts|solemn feast|set feasts|appointed times|feasts of the lord|festivals of the lord|appointed seasons	1	2023014-2023017,3023000-3023999,4028000-4029999,5016016-5016017,26046009-26046011,28002011-28002011		[[2023014-2023017|Exodus 23:14-17]]; [[3023000-3023999|Leviticus 23]]; [[4028000-4029999|Numbers 28-29]]; [[5016016-5016017|Deuteronomy 16:16-17]]; [[26046009-26046011|Ezekiel 46:9-11]]; [[28002011-28002011|Hosea 2:11]]	Easton's Bible Dictionary; Edersheim, The Temple: Its Ministry and Services	The holy days God gave Israel (Lev 23): the weekly Sabbath, and the yearly feasts of Passover and Unleavened Bread, Firstfruits, Weeks (Pentecost), Trumpets, the Day of Atonement and Tabernacles. Three times a year, at Unleavened Bread, Weeks and Tabernacles, every man was to appear before the Lord at his sanctuary. They marked Israel's year with God's saving acts and the harvests he gave.
feast	f-the-sabbath-year	The Sabbath year	seventh year|year of release|release|sabbath of rest|year of rest|rest for the land|the land shall keep a sabbath|cancel debts|cancellation of debts|cancel the debts	0	2023010-2023011,3025001-3025007,3025018-3025022,5015001-5015011,5031010-5031013,16010031-16010031,24034014-24034014,14036021-14036021		[[2023010-2023011|Exodus 23:10-11]]; [[3025001-3025022|Leviticus 25:1-7,18-22]]; [[5015001-5015011|Deuteronomy 15:1-11]]; [[5031010-5031013|Deuteronomy 31:10-13]]; [[16010031-16010031|Nehemiah 10:31]]; [[24034014-24034014|Jeremiah 34:14]]; [[14036021-14036021|2 Chronicles 36:21]]	Easton's Bible Dictionary	Every seventh year the fields were left unsown so the land could rest, and what grew by itself was left for the poor and the animals. Debts between Israelites were cancelled, and Hebrew servants were set free. It taught that the land was the Lord's; the exile's seventy years were linked to the Sabbath years Israel had not kept (2 Chr 36:21).
feast	f-the-jubilee	The Jubilee	jubilee|jubile|year of jubilee|year of jubile|the jubilee year	1	3025008-3025055,3027017-3027024,4036004-4036004,23061001-23061002,42004016-42004021		[[3025008-3025055|Leviticus 25:8-55]]; [[3027017-3027024|Leviticus 27:17-24]]; [[4036004-4036004|Numbers 36:4]]; [[23061001-23061002|Isaiah 61:1-2]]; [[42004016-42004021|Luke 4:16-21]]	Easton's Bible Dictionary	Every fiftieth year, after seven Sabbath years, a trumpet on the Day of Atonement proclaimed liberty through the land. Land that had been sold went back to the family it was first given to, and Israelites who had sold themselves as servants went free. Jesus read Isaiah's "acceptable year of the Lord", which echoes the Jubilee, as fulfilled in himself (Luke 4:18-21).
feast	f-purim	Purim	purim|pur	1	17003007-17003007,17009020-17009032		[[17003007-17003007|Esther 3:7]]; [[17009020-17009032|Esther 9:20-32]]	Easton's Bible Dictionary	A joyful feast on the 14th and 15th of the month Adar (February or March), remembering how God saved the Jews in Persia from Haman's plot, as told in Esther. "Pur" means "lot": Haman cast lots to choose the day to destroy them. It was kept with feasting, gifts to one another and gifts to the poor.
feast	f-the-feast-of-dedication-hanukkah	The Feast of Dedication (Hanukkah)	feast of the dedication|feast of dedication|festival of dedication|festival of the dedication|hanukkah	1	43010022-43010023		[[43010022-43010023|John 10:22-23]]	Easton's Bible Dictionary; Edersheim, The Temple: Its Ministry and Services	A winter feast of eight days (in December), remembering the cleansing and rededication of the temple in 164 BC, after the Maccabees freed it from the Greek king Antiochus, who had defiled it. It was also called the Feast of Lights, as lamps were lit in every home. Jesus was in the temple at this feast when he said, "I and my Father are one" (John 10:30).
feast	f-fasting	Fasting	fast|fasted|fasting|fastings|fasts|fastest|the fast	0	3016029-3016031,7020026-7020026,9007006-9007006,10012016-10012023,15008021-15008023,16009001-16009001,17004003-17004003,17004016-17004016,19035013-19035013,23058003-23058007,24036009-24036009,27009003-27009003,29002012-29002015,32003005-32003005,38007003-38007005,38008019-38008019,40004002-40004002,40006016-40006018,40009014-40009015,41002018-41002020,42002037-42002037,42018012-42018012,44013002-44013003,44014023-44014023,44027009-44027009		[[3016029-3016031|Leviticus 16:29-31]]; [[7020026-7020026|Judges 20:26]]; [[9007006-9007006|1 Samuel 7:6]]; [[10012016-10012023|2 Samuel 12:16-23]]; [[15008021-15008023|Ezra 8:21-23]]; [[16009001-16009001|Nehemiah 9:1]]; [[17004003-17004016|Esther 4:3,16]]; [[19035013-19035013|Psalms 35:13]]; [[23058003-23058007|Isaiah 58:3-7]]; [[24036009-24036009|Jeremiah 36:9]]; [[27009003-27009003|Daniel 9:3]]; [[29002012-29002015|Joel 2:12-15]]; [[32003005-32003005|Jonah 3:5]]; [[38007003-38007005|Zechariah 7:3-5]]; [[38008019-38008019|Zechariah 8:19]]; [[40004002-40004002|Matthew 4:2]]; [[40006016-40006018|Matthew 6:16-18]]; [[40009014-40009015|Matthew 9:14-15]]; [[41002018-41002020|Mark 2:18-20]]; [[42002037-42002037|Luke 2:37]]; [[42018012-42018012|Luke 18:12]]; [[44013002-44013003|Acts 13:2-3]]; [[44014023-44014023|Acts 14:23]]; [[44027009-44027009|Acts 27:9]]	Easton's Bible Dictionary; Edersheim, Sketches of Jewish Social Life	Going without food for a time, to humble oneself before God: in sorrow for sin, in grief, or when seeking God's help. The Law commanded only one fast, on the Day of Atonement ("the fast" of Acts 27:9); others were added for times of trouble. Pharisees fasted twice a week; Jesus taught that fasting should be done for God's eyes, not to be seen.
feast	f-the-preparation-day	The preparation day	preparation|day of preparation|preparation day|day before the sabbath	0	40027062-40027062,41015042-41015042,42023054-42023054,43019014-43019014,43019031-43019031,43019042-43019042		[[40027062-40027062|Matthew 27:62]]; [[41015042-41015042|Mark 15:42]]; [[42023054-42023054|Luke 23:54]]; [[43019014-43019042|John 19:14,31,42]]	Easton's Bible Dictionary	The day before the Sabbath (Friday), when food was cooked and everything readied so no work need be done on the Sabbath. Jesus died on a preparation day; his body had to be buried before sunset, when the Sabbath began.
feast	f-a-sabbath-day-s-journey	A Sabbath day's journey	sabbath day's journey|sabbath day journey|sabbath day's walk|sabbath day walk	1	44001012-44001012		[[44001012-44001012|Acts 1:12]]	Easton's Bible Dictionary	The distance the rabbis allowed a person to walk on the Sabbath: about 2,000 cubits, roughly two-thirds of a mile (1 km). Acts uses it to say how near the Mount of Olives was to Jerusalem.
feast	f-the-hours-of-the-day	The hours of the day	third hour|sixth hour|ninth hour|seventh hour|tenth hour|eleventh hour|first hour|hour of prayer	1	40020001-40020012,40027045-40027046,41015025-41015025,41015033-41015034,43001039-43001039,43004006-43004006,43004052-43004052,43019014-43019014,44002015-44002015,44003001-44003001,44010003-44010003,44010009-44010009,44010030-44010030		[[40020001-40020012|Matthew 20:1-12]]; [[40027045-40027046|Matthew 27:45-46]]; [[41015025-41015034|Mark 15:25,33-34]]; [[43001039-43001039|John 1:39]]; [[43004006-43004052|John 4:6,52]]; [[43019014-43019014|John 19:14]]; [[44002015-44002015|Acts 2:15]]; [[44003001-44003001|Acts 3:1]]; [[44010003-44010030|Acts 10:3,9,30]]	Easton's Bible Dictionary; Edersheim, The Temple: Its Ministry and Services	In Jesus' day the daylight was counted in twelve hours from sunrise (about 6 a.m.). The third hour was about 9 a.m., the sixth about noon and the ninth about 3 p.m.; the morning and evening sacrifices at the temple were the usual hours of prayer. John's Gospel may count from midnight, as the Romans did.
feast	f-the-watches-of-the-night	The watches of the night	watch|watches|morning watch|middle watch|fourth watch|second watch|third watch	0	2014024-2014024,7007019-7007019,9011011-9011011,19063006-19063006,19090004-19090004,19119148-19119148,25002019-25002019,40014025-40014025,41006048-41006048,41013035-41013035,42012038-42012038		[[2014024-2014024|Exodus 14:24]]; [[7007019-7007019|Judges 7:19]]; [[9011011-9011011|1 Samuel 11:11]]; [[19063006-19063006|Psalms 63:6]]; [[19090004-19090004|Psalms 90:4]]; [[19119148-19119148|Psalms 119:148]]; [[25002019-25002019|Lamentations 2:19]]; [[40014025-40014025|Matthew 14:25]]; [[41006048-41006048|Mark 6:48]]; [[41013035-41013035|Mark 13:35]]; [[42012038-42012038|Luke 12:38]]	Easton's Bible Dictionary	The night was divided into watches, the times when guards took turns. The Old Testament counts three watches; in Roman times there were four, of three hours each, from 6 p.m. to 6 a.m. Jesus walked on the water "in the fourth watch", just before dawn.
feast	f-the-shema	The Shema	hear o israel|listen o israel|hear israel|listen israel	1	5006004-5006009,5011013-5011021,4015037-4015041,41012029-41012030		[[5006004-5006009|Deuteronomy 6:4-9]]; [[5011013-5011021|Deuteronomy 11:13-21]]; [[4015037-4015041|Numbers 15:37-41]]; [[41012029-41012030|Mark 12:29-30]]	Edersheim, Sketches of Jewish Social Life	"Hear, O Israel: the Lord our God is one Lord" (Deut 6:4), the confession of faith every Jew said morning and evening, named from its first word in Hebrew, "Shema" ("Hear"). Jesus quoted it as the first and greatest commandment, with the call to love God with all your heart, soul, mind and strength.
group	g-pharisees	Pharisees	pharisee|pharisees|pharisee's|pharisees'	1	40005020-40005020,40023001-40023036,41007001-41007013,42007036-42007050,42018009-42018014,43003001-43003001,44023006-44023009,50003005-50003005		[[40005020-40005020|Matthew 5:20]]; [[40023001-40023036|Matthew 23:1-36]]; [[41007001-41007013|Mark 7:1-13]]; [[42007036-42007050|Luke 7:36-50]]; [[42018009-42018014|Luke 18:9-14]]; [[43003001-43003001|John 3:1]]; [[44023006-44023009|Acts 23:6-9]]; [[50003005-50003005|Philippians 3:5]]	Easton's Bible Dictionary; Edersheim, Sketches of Jewish Social Life	The strictest religious party among the Jews, known for careful keeping of the Law and of the "tradition of the elders" added to it, especially on the Sabbath, tithing and ritual washing. They believed in the resurrection and in angels. Many opposed Jesus, who rebuked their hypocrisy, but some, like Nicodemus and Paul, came to believe.
group	g-sadducees	Sadducees	sadducee|sadducees	1	40003007-40003007,40016001-40016012,40022023-40022034,41012018-41012027,44004001-44004002,44005017-44005017,44023006-44023008		[[40003007-40003007|Matthew 3:7]]; [[40016001-40016012|Matthew 16:1-12]]; [[40022023-40022034|Matthew 22:23-34]]; [[41012018-41012027|Mark 12:18-27]]; [[44004001-44004002|Acts 4:1-2]]; [[44005017-44005017|Acts 5:17]]; [[44023006-44023008|Acts 23:6-8]]	Easton's Bible Dictionary	A party of wealthy, priestly families who controlled the temple and much of the council. They accepted only the written Law and denied the resurrection, angels and spirits. They worked with Rome to keep their power, and led the opposition to the apostles' preaching of Jesus' resurrection.
group	g-scribes-teachers-of-the-law	Scribes (teachers of the law)	scribe|scribes|teacher of the law|teachers of the law|teachers of religious law|teacher of religious law|experts in the law|expert in the law|lawyer|lawyers|doctors of the law|doctor of the law|teachers of the scriptures	1	15007006-15007006,15007010-15007012,16008001-16008009,40007029-40007029,40023002-40023036,41012028-41012040,42010025-42010025,42011045-42011052	10008017-10008017,10020025-10020025,12012010-12012010,12018018-12018018,12018037-12018037,12019002-12019002,12022003-12022012,24036010-24036032,17003012-17003012,17008009-17008009,44019035-44019035,56003013-56003013	[[15007006-15007012|Ezra 7:6,10-12]]; [[16008001-16008009|Nehemiah 8:1-9]]; [[40007029-40007029|Matthew 7:29]]; [[40023002-40023036|Matthew 23:2-36]]; [[41012028-41012040|Mark 12:28-40]]; [[42010025-42010025|Luke 10:25]]; [[42011045-42011052|Luke 11:45-52]]	Easton's Bible Dictionary; Edersheim, Sketches of Jewish Social Life	Experts who copied, studied and taught the Law of Moses and how it applied to daily life. Ezra was the great scribe after the exile. In Jesus' day most scribes were Pharisees and sat on the council; people were amazed that Jesus taught "as one having authority, and not as the scribes" (Matt 7:29). In the early kingdom a "scribe" was a royal secretary.
group	g-the-council-sanhedrin	The council (Sanhedrin)	sanhedrin|council|high council|supreme council|jewish council|ruling council|councils	0	40005022-40005022,40026059-40026059,41014055-41014055,41015001-41015001,42022066-42022066,43011047-43011047,44004015-44004015,44005021-44005021,44005027-44005027,44005034-44005034,44005041-44005041,44006012-44006012,44006015-44006015,44022030-44022030,44023001-44023001,44023006-44023006,44023015-44023015,44023020-44023020,44023028-44023028,44024020-44024020		[[40005022-40005022|Matthew 5:22]]; [[40026059-40026059|Matthew 26:59]]; [[41014055-41014055|Mark 14:55]]; [[41015001-41015001|Mark 15:1]]; [[42022066-42022066|Luke 22:66]]; [[43011047-43011047|John 11:47]]; [[44004015-44004015|Acts 4:15]]; [[44005021-44005041|Acts 5:21,27,34,41]]; [[44006012-44006015|Acts 6:12,15]]; [[44022030-44022030|Acts 22:30]]; [[44023001-44023028|Acts 23:1,6,15,20,28]]; [[44024020-44024020|Acts 24:20]]	Easton's Bible Dictionary; Edersheim, Sketches of Jewish Social Life	The highest Jewish court in Jerusalem, of 71 members: chief priests, elders and scribes, led by the high priest. Under Rome it governed religious matters but could not carry out a death sentence, which is why Jesus was handed to Pilate. Peter, John, Stephen and Paul were all tried before it.
group	g-herodians	Herodians	herodians	1	40022016-40022016,41003006-41003006,41012013-41012013		[[40022016-40022016|Matthew 22:16]]; [[41003006-41003006|Mark 3:6]]; [[41012013-41012013|Mark 12:13]]	Easton's Bible Dictionary	Jews who supported the rule of Herod's family, and so Rome. Though usually opposed to the Pharisees, they joined them in plotting against Jesus and in trying to trap him with the question of paying taxes to Caesar.
group	g-zealots	Zealots	zealot|zelotes|the zealot|canaanite|cananaean|cananite	0	40010004-40010004,41003018-41003018,42006015-42006015,44001013-44001013		[[40010004-40010004|Matthew 10:4]]; [[41003018-41003018|Mark 3:18]]; [[42006015-42006015|Luke 6:15]]; [[44001013-44001013|Acts 1:13]]	Easton's Bible Dictionary	Jews zealous to free their nation from Rome, some by violence. One of the twelve apostles, Simon, was called the Zealot ("Canaanite" in the King James Version comes from the Aramaic word for "zealous", not the land of Canaan).
group	g-samaritans	Samaritans	samaritan|samaritans	1	12017024-12017041,15004001-15004005,42009052-42009056,42010030-42010037,42017016-42017016,43004004-43004042,43008048-43008048,44008005-44008025		[[12017024-12017041|2 Kings 17:24-41]]; [[15004001-15004005|Ezra 4:1-5]]; [[42009052-42009056|Luke 9:52-56]]; [[42010030-42010037|Luke 10:30-37]]; [[42017016-42017016|Luke 17:16]]; [[43004004-43004042|John 4:4-42]]; [[43008048-43008048|John 8:48]]; [[44008005-44008025|Acts 8:5-25]]	Easton's Bible Dictionary	The people of Samaria, between Judea and Galilee, descended from Israelites left after the Assyrian conquest and foreigners settled there. They worshipped on Mount Gerizim and accepted only the five books of Moses. Jews and Samaritans despised each other, which is why Jesus' talk with the Samaritan woman and his parable of the Good Samaritan were so startling.
group	g-tax-collectors	Tax collectors	publican|publicans|tax collector|tax collectors|tax-collector|tax-collectors|chief tax collector|chief among the publicans|collector of taxes	1	40005046-40005046,40009009-40009013,40011019-40011019,40021031-40021032,42003012-42003013,42015001-42015002,42018009-42018014,42019001-42019010		[[40005046-40005046|Matthew 5:46]]; [[40009009-40009013|Matthew 9:9-13]]; [[40011019-40011019|Matthew 11:19]]; [[40021031-40021032|Matthew 21:31-32]]; [[42003012-42003013|Luke 3:12-13]]; [[42015001-42015002|Luke 15:1-2]]; [[42018009-42018014|Luke 18:9-14]]; [[42019001-42019010|Luke 19:1-10]]	Easton's Bible Dictionary; Edersheim, Sketches of Jewish Social Life	Jews who collected taxes for Rome, often taking more than was owed and keeping the rest. They were hated as traitors and cheats, and ranked with "sinners". Jesus ate with them and called one, Matthew, to be an apostle; Zacchaeus, a chief tax collector, repaid four times what he had taken.
group	g-gentiles	Gentiles	gentile|gentiles|heathen|the nations|uncircumcised	0	1012003-1012003,23042006-23042006,23049006-23049006,40004015-40004015,40028019-40028019,42002032-42002032,44010045-44010045,44013046-44013048,44015007-44015019,45001016-45001016,45011011-45011025,48003008-48003008,48003014-48003014,49002011-49002022,49003006-49003006		[[1012003-1012003|Genesis 12:3]]; [[23042006-23042006|Isaiah 42:6]]; [[23049006-23049006|Isaiah 49:6]]; [[40004015-40004015|Matthew 4:15]]; [[40028019-40028019|Matthew 28:19]]; [[42002032-42002032|Luke 2:32]]; [[44010045-44010045|Acts 10:45]]; [[44013046-44013048|Acts 13:46-48]]; [[44015007-44015019|Acts 15:7-19]]; [[45001016-45001016|Romans 1:16]]; [[45011011-45011025|Romans 11:11-25]]; [[48003008-48003014|Galatians 3:8,14]]; [[49002011-49002022|Ephesians 2:11-22]]; [[49003006-49003006|Ephesians 3:6]]	Easton's Bible Dictionary	All peoples who were not Jews. Jews kept apart from them, would not eat with them, and kept them out of the inner temple courts. Yet God promised Abraham that all nations would be blessed through him; the New Testament tells how the gospel went to the Gentiles and made Jew and Gentile one in Christ.
group	g-proselytes	Proselytes	proselyte|proselytes|converts to judaism|convert to judaism|converts|proselyte to judaism	0	40023015-40023015,44002010-44002010,44006005-44006005,44013043-44013043		[[40023015-40023015|Matthew 23:15]]; [[44002010-44002010|Acts 2:10]]; [[44006005-44006005|Acts 6:5]]; [[44013043-44013043|Acts 13:43]]	Easton's Bible Dictionary	Gentiles who became Jews, accepting circumcision and the whole Law. Many others, called "God-fearers" or "devout" (like Cornelius), worshipped Israel's God without fully converting; many of the first Gentile believers came from among them.
group	g-rabbis	Rabbis	rabbi|rabbis|rabboni|master|teacher	0	40023007-40023008,43001038-43001038,43001049-43001049,43003002-43003002,43020016-43020016,41009005-41009005,41010051-41010051		[[40023007-40023008|Matthew 23:7-8]]; [[43001038-43001049|John 1:38,49]]; [[43003002-43003002|John 3:2]]; [[43020016-43020016|John 20:16]]; [[41009005-41009005|Mark 9:5]]; [[41010051-41010051|Mark 10:51]]	Easton's Bible Dictionary; Edersheim, Sketches of Jewish Social Life	"Rabbi" means "my master" or "my teacher": a respectful title for a teacher of the Law, who gathered disciples to learn from him and live with him. Jesus was called Rabbi; Mary Magdalene called him "Rabboni" at the tomb.
group	g-disciples	Disciples	disciple|disciples|disciple's	0	40005001-40005001,40010001-40010001,40028019-40028019,41002018-41002018,42014026-42014033,43001035-43001037,43008031-43008031,43013035-43013035,44011026-44011026		[[40005001-40005001|Matthew 5:1]]; [[40010001-40010001|Matthew 10:1]]; [[40028019-40028019|Matthew 28:19]]; [[41002018-41002018|Mark 2:18]]; [[42014026-42014033|Luke 14:26-33]]; [[43001035-43001037|John 1:35-37]]; [[43008031-43008031|John 8:31]]; [[43013035-43013035|John 13:35]]; [[44011026-44011026|Acts 11:26]]	Easton's Bible Dictionary; Edersheim, Sketches of Jewish Social Life	A disciple was a learner who followed a teacher, lived with him and copied his way of life. John the Baptist and the Pharisees had disciples; Jesus called many to follow him and chose twelve as apostles. Jesus told his followers to make disciples of all nations.
group	g-patriarchs	Patriarchs	patriarch|patriarchs|fathers	0	44002029-44002029,44007008-44007009,58007004-58007004,45009005-45009005		[[44002029-44002029|Acts 2:29]]; [[44007008-44007009|Acts 7:8-9]]; [[58007004-58007004|Hebrews 7:4]]; [[45009005-45009005|Romans 9:5]]	Easton's Bible Dictionary	The founding fathers of Israel: Abraham, Isaac and Jacob, and Jacob's twelve sons, the heads of the tribes. The New Testament also calls David and Abraham patriarchs.
group	g-the-twelve-tribes	The twelve tribes	twelve tribes|tribes of israel|twelve tribes of israel|tribe|tribes	0	1049001-1049028,4001001-4001046,4002000-4002999,6013000-6021999,40019028-40019028,42022030-42022030,44026007-44026007,59001001-59001001,66007004-66007008,66021012-66021012		[[1049001-1049028|Genesis 49:1-28]]; [[4001001-4001046|Numbers 1:1-46]]; [[4002000-4002999|Numbers 2]]; [[6013000-6021999|Joshua 13-21]]; [[40019028-40019028|Matthew 19:28]]; [[42022030-42022030|Luke 22:30]]; [[44026007-44026007|Acts 26:7]]; [[59001001-59001001|James 1:1]]; [[66007004-66007008|Revelation 7:4-8]]; [[66021012-66021012|Revelation 21:12]]	Easton's Bible Dictionary	Israel was made up of twelve tribes, each descended from one of Jacob's sons (with Joseph's two sons, Ephraim and Manasseh, counted as tribes and Levi given no land). Each tribe received its own share of the land. Jesus promised the apostles they would sit on twelve thrones judging the twelve tribes.
life	l-betrothal	Betrothal	betroth|betrothed|betrothest|espoused|espouse|pledged to be married|pledged to marry|engaged|promised in marriage|promised to be married|to be married	0	1024050-1024058,2022016-2022016,5020007-5020007,5022023-5022029,28002019-28002020,40001018-40001020,42001027-42001027,42002005-42002005,47011002-47011002		[[1024050-1024058|Genesis 24:50-58]]; [[2022016-2022016|Exodus 22:16]]; [[5020007-5020007|Deuteronomy 20:7]]; [[5022023-5022029|Deuteronomy 22:23-29]]; [[28002019-28002020|Hosea 2:19-20]]; [[40001018-40001020|Matthew 1:18-20]]; [[42001027-42001027|Luke 1:27]]; [[42002005-42002005|Luke 2:5]]; [[47011002-47011002|2 Corinthians 11:2]]	Easton's Bible Dictionary; Edersheim, Sketches of Jewish Social Life	Betrothal was the binding first stage of marriage, made by agreement between families, often with a bride price, about a year before the wedding. The couple were legally husband and wife, though they did not yet live together; ending it needed a divorce. That is why Joseph, betrothed to Mary, planned to "put her away privately" (Matt 1:19).
life	l-weddings	Weddings	wedding|weddings|marriage feast|wedding feast|wedding banquet|wedding garment|wedding clothes|wedding hall|wedding guests|bridechamber|bride chamber|children of the bridechamber|friend of the bridegroom	1	1029022-1029027,7014010-7014020,19045013-19045015,40009015-40009015,40022001-40022014,40025001-40025013,43002001-43002011,43003029-43003029,66019007-66019009		[[1029022-1029027|Genesis 29:22-27]]; [[7014010-7014020|Judges 14:10-20]]; [[19045013-19045015|Psalms 45:13-15]]; [[40009015-40009015|Matthew 9:15]]; [[40022001-40022014|Matthew 22:1-14]]; [[40025001-40025013|Matthew 25:1-13]]; [[43002001-43002011|John 2:1-11]]; [[43003029-43003029|John 3:29]]; [[66019007-66019009|Revelation 19:7-9]]	Easton's Bible Dictionary; Edersheim, Sketches of Jewish Social Life	At the wedding the bridegroom came with his friends, often at night with lamps, to bring the bride to his home, where a feast lasted up to a week. Guests wore festive clothes, and running out of wine was a real shame for the family (John 2). Jesus' parables of the wedding feast and the ten virgins draw on these customs.
life	l-the-bride-price-dowry	The bride price (dowry)	dowry|bride price|bride-price|marriage present|mohar|price for the bride|endowment	1	1024053-1024053,1029018-1029020,1034012-1034012,2022016-2022017,9018025-9018025,28003002-28003002		[[1024053-1024053|Genesis 24:53]]; [[1029018-1029020|Genesis 29:18-20]]; [[1034012-1034012|Genesis 34:12]]; [[2022016-2022017|Exodus 22:16-17]]; [[9018025-9018025|1 Samuel 18:25]]; [[28003002-28003002|Hosea 3:2]]	Easton's Bible Dictionary	A payment or service the bridegroom gave the bride's family at betrothal. Jacob worked seven years for Rachel; Saul asked David for a hundred Philistine foreskins, hoping he would be killed.
life	l-levirate-marriage	Levirate marriage	brother|brother's|husband's brother|brother's wife|raise up seed|raise up offspring|raise up children|perform the duty	0	1038008-1038010,5025005-5025010,8001011-8001013,40022024-40022028,41012019-41012023,42020028-42020033		[[1038008-1038010|Genesis 38:8-10]]; [[5025005-5025010|Deuteronomy 25:5-10]]; [[8001011-8001013|Ruth 1:11-13]]; [[40022024-40022028|Matthew 22:24-28]]; [[41012019-41012023|Mark 12:19-23]]; [[42020028-42020033|Luke 20:28-33]]	Easton's Bible Dictionary	If a man died without a son, his brother was to marry the widow, and their first son would carry on the dead man's name and inherit his land. A brother who refused was shamed at the city gate. The Sadducees used this law to try to trap Jesus with a question about the resurrection.
life	l-the-kinsman-redeemer	The kinsman-redeemer	kinsman|kinsmen|near kinsman|next of kin|near relative|close relative|relative|guardian-redeemer|guardian redeemer|family redeemer|redeemer|redeem|redemption|one of our redeemers	0	3025025-3025034,3025047-3025055,8002001-8002001,8002020-8002020,8003009-8003013,8004001-8004014,24032006-24032015,18019025-18019025,23059020-23059020		[[3025025-3025055|Leviticus 25:25-34,47-55]]; [[8002001-8002020|Ruth 2:1,20]]; [[8003009-8003013|Ruth 3:9-13]]; [[8004001-8004014|Ruth 4:1-14]]; [[24032006-24032015|Jeremiah 32:6-15]]; [[18019025-18019025|Job 19:25]]; [[23059020-23059020|Isaiah 59:20]]	Easton's Bible Dictionary	The nearest male relative (Hebrew "goel") had the right and duty to help a family member in trouble: to buy back land that had been sold, to free a relative sold into slavery, and to carry on a dead man's name. Boaz did this for Ruth and Naomi. God calls himself Israel's Redeemer, and Christians have long seen Christ in the kinsman who pays the price to set his people free.
life	l-the-avenger-of-blood	The avenger of blood	avenger of blood|revenger of blood|avenger|revenger|city of refuge|cities of refuge	0	4035006-4035034,5004041-5004043,5019001-5019013,6020000-6020999,10014007-10014011		[[4035006-4035034|Numbers 35:6-34]]; [[5004041-5004043|Deuteronomy 4:41-43]]; [[5019001-5019013|Deuteronomy 19:1-13]]; [[6020000-6020999|Joshua 20]]; [[10014007-10014011|2 Samuel 14:7-11]]	Easton's Bible Dictionary	In Israel the nearest relative of a person killed was to avenge them. To protect someone who killed by accident, God appointed six cities of refuge; the killer could flee there and be safe until a fair trial, and could go home free when the high priest died.
life	l-gleaning	Gleaning	glean|gleaned|gleaning|gleanings|gleaneth|glean among the sheaves|corners of your field|corners of thy field|edges of your field	1	3019009-3019010,3023022-3023022,5024019-5024022,8002002-8002023,23017006-23017006		[[3019009-3019010|Leviticus 19:9-10]]; [[3023022-3023022|Leviticus 23:22]]; [[5024019-5024022|Deuteronomy 24:19-22]]; [[8002002-8002023|Ruth 2:2-23]]; [[23017006-23017006|Isaiah 17:6]]	Easton's Bible Dictionary	Farmers were not to reap the edges of their fields, gather what fell, or strip their vines and olive trees bare: what was left was for the poor, the widow, the orphan and the foreigner to gather. This is how Ruth, a poor widow from Moab, came to glean in Boaz's field.
life	l-the-threshing-floor	The threshing floor	threshing floor|threshingfloor|threshing-floor|threshing floors|floor|threshing|thresh|threshed|threshingfloors	0	1050010-1050010,7006011-7006011,7006037-7006037,8003002-8003014,10006006-10006006,10024016-10024025,13021015-13021028,14003001-14003001,28009001-28009001,33004012-33004012,40003012-40003012,42003017-42003017		[[1050010-1050010|Genesis 50:10]]; [[7006011-7006037|Judges 6:11,37]]; [[8003002-8003014|Ruth 3:2-14]]; [[10006006-10006006|2 Samuel 6:6]]; [[10024016-10024025|2 Samuel 24:16-25]]; [[13021015-13021028|1 Chronicles 21:15-28]]; [[14003001-14003001|2 Chronicles 3:1]]; [[28009001-28009001|Hosea 9:1]]; [[33004012-33004012|Micah 4:12]]; [[40003012-40003012|Matthew 3:12]]; [[42003017-42003017|Luke 3:17]]	Easton's Bible Dictionary	A flat, hard area of earth or rock, often on a hill to catch the wind, where harvested grain was beaten or trampled by oxen to loosen the kernels. Then it was winnowed. Men slept there at harvest to guard the grain, as Boaz did. David bought Araunah's threshing floor, where Solomon later built the temple.
life	l-winnowing	Winnowing	winnow|winnowed|winnoweth|winnowing|winnowing fork|winnowing shovel|fan|fanned	0	8003002-8003002,23030024-23030024,23041016-23041016,24004011-24004011,24015007-24015007,24051002-24051002,40003012-40003012,42003017-42003017		[[8003002-8003002|Ruth 3:2]]; [[23030024-23030024|Isaiah 30:24]]; [[23041016-23041016|Isaiah 41:16]]; [[24004011-24004011|Jeremiah 4:11]]; [[24015007-24015007|Jeremiah 15:7]]; [[24051002-24051002|Jeremiah 51:2]]; [[40003012-40003012|Matthew 3:12]]; [[42003017-42003017|Luke 3:17]]	Easton's Bible Dictionary	After threshing, the grain and straw were tossed into the air with a fork or shovel (the KJV "fan"); the wind blew the light chaff away and the heavy grain fell back. John the Baptist used it as a picture of Christ's judgment, separating the wheat from the chaff.
life	l-the-city-gate	The city gate	gate|gates|gate of the city|city gate|gate of his city|gates of the city|town gate	0	1019001-1019001,1023010-1023010,1023018-1023018,1034020-1034024,5021019-5021019,5022015-5022015,5022024-5022024,5025007-5025007,8004001-8004001,8004011-8004011,10015002-10015002,10018024-10018024,10019008-10019008,12007001-12007001,18029007-18029007,19069012-19069012,19127005-19127005,20022022-20022022,20031023-20031023,30005010-30005015		[[1019001-1019001|Genesis 19:1]]; [[1023010-1023018|Genesis 23:10,18]]; [[1034020-1034024|Genesis 34:20-24]]; [[5021019-5021019|Deuteronomy 21:19]]; [[5022015-5022024|Deuteronomy 22:15,24]]; [[5025007-5025007|Deuteronomy 25:7]]; [[8004001-8004011|Ruth 4:1,11]]; [[10015002-10015002|2 Samuel 15:2]]; [[10018024-10018024|2 Samuel 18:24]]; [[10019008-10019008|2 Samuel 19:8]]; [[12007001-12007001|2 Kings 7:1]]; [[18029007-18029007|Job 29:7]]; [[19069012-19069012|Psalms 69:12]]; [[19127005-19127005|Psalms 127:5]]; [[20022022-20022022|Proverbs 22:22]]; [[20031023-20031023|Proverbs 31:23]]; [[30005010-30005015|Amos 5:10-15]]	Easton's Bible Dictionary	The gateway of a walled town was its centre of public life: the elders sat there to judge cases and witness agreements, business was done, and news was shared. Boaz settled his right to marry Ruth before ten elders at the gate; the good wife's husband is "known in the gates" (Prov 31:23).
life	l-elders	Elders	elder|elders|elders of israel|elders of the people|elders of the city|elders of the town	1	2003016-2003016,2024001-2024001,2024009-2024009,4011016-4011025,5021019-5021019,8004002-8004002,40016021-40016021,41015001-41015001,44011030-44011030,44014023-44014023,44015002-44015006,54005017-54005017,56001005-56001009,60005001-60005004,66004004-66004004		[[2003016-2003016|Exodus 3:16]]; [[2024001-2024009|Exodus 24:1,9]]; [[4011016-4011025|Numbers 11:16-25]]; [[5021019-5021019|Deuteronomy 21:19]]; [[8004002-8004002|Ruth 4:2]]; [[40016021-40016021|Matthew 16:21]]; [[41015001-41015001|Mark 15:1]]; [[44011030-44011030|Acts 11:30]]; [[44014023-44014023|Acts 14:23]]; [[44015002-44015006|Acts 15:2-6]]; [[54005017-54005017|1 Timothy 5:17]]; [[56001005-56001009|Titus 1:5-9]]; [[60005001-60005004|1 Peter 5:1-4]]; [[66004004-66004004|Revelation 4:4]]	Easton's Bible Dictionary	Older men who led their families, towns and the nation, judged cases and represented the people. In Jesus' day the elders were part of the council with the chief priests and scribes. In the church, elders (also called overseers) were appointed to lead and care for each congregation.
life	l-hospitality	Hospitality	hospitality|hospitable|entertain|entertained|strangers|stranger|guest|guests|lodge|lodged|welcomed|received them|take him in	0	1018001-1018008,1019001-1019003,2002020-2002020,7019015-7019021,12004008-12004010,18031032-18031032,42007044-42007046,42010038-42010038,45012013-45012013,54003002-54003002,58013002-58013002,60004009-60004009,64001005-64001008		[[1018001-1018008|Genesis 18:1-8]]; [[1019001-1019003|Genesis 19:1-3]]; [[2002020-2002020|Exodus 2:20]]; [[7019015-7019021|Judges 19:15-21]]; [[12004008-12004010|2 Kings 4:8-10]]; [[18031032-18031032|Job 31:32]]; [[42007044-42007046|Luke 7:44-46]]; [[42010038-42010038|Luke 10:38]]; [[45012013-45012013|Romans 12:13]]; [[54003002-54003002|1 Timothy 3:2]]; [[58013002-58013002|Hebrews 13:2]]; [[60004009-60004009|1 Peter 4:9]]; [[64001005-64001008|3 John 1:5-8]]	Easton's Bible Dictionary; Edersheim, Sketches of Jewish Social Life	Welcoming travellers and strangers was a sacred duty in the Bible's world, where there were few inns. A host gave water to wash the feet, food, and shelter, and protected the guest. Abraham welcomed three visitors who turned out to be the Lord and angels; Hebrews remembers it: "some have entertained angels unawares".
life	l-washing-feet	Washing feet	wash|washed|washing|washeth|feet|wash his feet|wash your feet|washed his feet|washed their feet|wash the feet|washing of feet	0	1018004-1018004,1019002-1019002,1024032-1024032,1043024-1043024,7019021-7019021,9025041-9025041,42007038-42007038,42007044-42007044,43013004-43013014,54005010-54005010		[[1018004-1018004|Genesis 18:4]]; [[1019002-1019002|Genesis 19:2]]; [[1024032-1024032|Genesis 24:32]]; [[1043024-1043024|Genesis 43:24]]; [[7019021-7019021|Judges 19:21]]; [[9025041-9025041|1 Samuel 25:41]]; [[42007038-42007044|Luke 7:38,44]]; [[43013004-43013014|John 13:4-14]]; [[54005010-54005010|1 Timothy 5:10]]	Easton's Bible Dictionary	People walked dusty roads in sandals, so a host offered water to wash a guest's feet, and the lowest servant did the washing. When Jesus, their Lord and Teacher, washed his disciples' feet, he gave them an example of humble service.
life	l-reclining-at-meals	Reclining at meals	reclined|reclining|recline|sat at meat|sat at table|sitting at meat|lay|leaning|lying|leaned|sat down|at table|reclined at table	0	40026007-40026007,40026020-40026020,41014003-41014003,41014018-41014018,42007036-42007038,42014007-42014010,43012002-43012002,43013023-43013025,43021020-43021020		[[40026007-40026020|Matthew 26:7,20]]; [[41014003-41014018|Mark 14:3,18]]; [[42007036-42007038|Luke 7:36-38]]; [[42014007-42014010|Luke 14:7-10]]; [[43012002-43012002|John 12:2]]; [[43013023-43013025|John 13:23-25]]; [[43021020-43021020|John 21:20]]	Easton's Bible Dictionary; Edersheim, Sketches of Jewish Social Life	At feasts in Jesus' day guests lay on couches around a low table, leaning on the left elbow with their feet stretched out behind. That is how a woman could come behind Jesus and wash his feet, and how John could lean back against Jesus at the Last Supper. The places nearest the host were the places of honour.
life	l-covenant-making	Covenant-making	covenant|cut a covenant|made a covenant|pieces|between the pieces|divided them|cut in two|heap|pillar|witness	0	1015009-1015018,1021027-1021032,1026028-1026031,1031044-1031054,2024003-2024011,9018003-9018004,24034018-24034020		[[1015009-1015018|Genesis 15:9-18]]; [[1021027-1021032|Genesis 21:27-32]]; [[1026028-1026031|Genesis 26:28-31]]; [[1031044-1031054|Genesis 31:44-54]]; [[2024003-2024011|Exodus 24:3-11]]; [[9018003-9018004|1 Samuel 18:3-4]]; [[24034018-24034020|Jeremiah 34:18-20]]	Easton's Bible Dictionary	A covenant was a solemn binding agreement. It was often sealed by cutting animals in two and walking between the pieces, as if to say, "may this happen to me if I break it"; or by a shared meal, a heap of stones or a pillar as witness. In Genesis 15 God alone passed between the pieces, binding himself to keep his promise to Abraham.
life	l-oaths	Oaths	swear|sware|swore|sworn|oath|oaths|under my thigh|under his thigh	0	1024002-1024009,1047029-1047029,4030002-4030002,5006013-5006013,40005033-40005037,40023016-40023022,58006013-58006018,59005012-59005012		[[1024002-1024009|Genesis 24:2-9]]; [[1047029-1047029|Genesis 47:29]]; [[4030002-4030002|Numbers 30:2]]; [[5006013-5006013|Deuteronomy 6:13]]; [[40005033-40005037|Matthew 5:33-37]]; [[40023016-40023022|Matthew 23:16-22]]; [[58006013-58006018|Hebrews 6:13-18]]; [[59005012-59005012|James 5:12]]	Easton's Bible Dictionary	A solemn promise calling on God as witness. Some were made by putting a hand under the other's thigh. Jesus taught his followers to be so truthful that a plain "yes" or "no" is enough, rather than piling up oaths.
life	l-casting-lots	Casting lots	lot|lots|cast lots|casting lots|the lot fell|cast the lot	0	3016008-3016010,4026055-4026056,6018006-6018010,9014041-9014042,13024005-13024005,13024031-13024031,13025008-13025008,16010034-16010034,16011001-16011001,17003007-17003007,17009024-17009024,20016033-20016033,20018018-20018018,32001007-32001007,40027035-40027035,41015024-41015024,42001009-42001009,42023034-42023034,43019024-43019024,44001026-44001026		[[3016008-3016010|Leviticus 16:8-10]]; [[4026055-4026056|Numbers 26:55-56]]; [[6018006-6018010|Joshua 18:6-10]]; [[9014041-9014042|1 Samuel 14:41-42]]; [[13024005-13024031|1 Chronicles 24:5,31]]; [[13025008-13025008|1 Chronicles 25:8]]; [[16010034-16010034|Nehemiah 10:34]]; [[16011001-16011001|Nehemiah 11:1]]; [[17003007-17003007|Esther 3:7]]; [[17009024-17009024|Esther 9:24]]; [[20016033-20016033|Proverbs 16:33]]; [[20018018-20018018|Proverbs 18:18]]; [[32001007-32001007|Jonah 1:7]]; [[40027035-40027035|Matthew 27:35]]; [[41015024-41015024|Mark 15:24]]; [[42001009-42001009|Luke 1:9]]; [[42023034-42023034|Luke 23:34]]; [[43019024-43019024|John 19:24]]; [[44001026-44001026|Acts 1:26]]	Easton's Bible Dictionary	Marked stones or sticks drawn or thrown to make a decision, trusting God to decide: "the lot is cast into the lap; but the whole disposing thereof is of the Lord" (Prov 16:33). The land was divided by lot, priests' duties were chosen by lot, and the apostles chose Matthias so. The soldiers cast lots for Jesus' clothes, as Psalm 22 had said.
life	l-the-birthright	The birthright	birthright|birth right|rights as the firstborn|rights of the firstborn|right of the firstborn|firstborn's right	1	1025029-1025034,1027036-1027036,1043033-1043033,5021015-5021017,13005001-13005002,58012016-58012017		[[1025029-1025034|Genesis 25:29-34]]; [[1027036-1027036|Genesis 27:36]]; [[1043033-1043033|Genesis 43:33]]; [[5021015-5021017|Deuteronomy 21:15-17]]; [[13005001-13005002|1 Chronicles 5:1-2]]; [[58012016-58012017|Hebrews 12:16-17]]	Easton's Bible Dictionary	The special rights of the firstborn son: a double share of the inheritance and leadership of the family after the father. Esau sold his birthright to Jacob for a meal; Hebrews warns against treating holy things as lightly as he did.
life	l-the-father-s-blessing	The father's blessing	bless|blessed|blessing|blessings|blesseth	0	1027001-1027041,1048008-1048020,1049001-1049028,5033001-5033001,58011020-58011021		[[1027001-1027041|Genesis 27:1-41]]; [[1048008-1048020|Genesis 48:8-20]]; [[1049001-1049028|Genesis 49:1-28]]; [[5033001-5033001|Deuteronomy 33:1]]; [[58011020-58011021|Hebrews 11:20-21]]	Easton's Bible Dictionary	Near death, a father solemnly blessed his sons, speaking God's promises over their future. Once given, the blessing could not be taken back, which is why Esau wept bitterly when Jacob received it by a trick.
life	l-servants-and-slaves	Servants and slaves	bondman|bondmen|bondwoman|bondmaid|bondmaids|bondservant|bondservants|bond-servant|bondslave|slave|slaves|slavery|manservant|maidservant|menservants|maidservants|handmaid|handmaiden|handmaids|servant girl|slave girl	1	2021001-2021011,3025039-3025055,5015012-5015018,57001010-57001016,46007021-46007023,48003028-48003028,49006005-49006009,51004001-51004001		[[2021001-2021011|Exodus 21:1-11]]; [[3025039-3025055|Leviticus 25:39-55]]; [[5015012-5015018|Deuteronomy 15:12-18]]; [[57001010-57001016|Philemon 1:10-16]]; [[46007021-46007023|1 Corinthians 7:21-23]]; [[48003028-48003028|Galatians 3:28]]; [[49006005-49006009|Ephesians 6:5-9]]; [[51004001-51004001|Colossians 4:1]]	Easton's Bible Dictionary	In the ancient world many people were servants or slaves, through debt, war or birth. The Law limited it among Israelites: a Hebrew servant went free in the seventh year, and was not to be ruled harshly, for Israel had been slaves in Egypt. The New Testament calls masters to treat slaves justly, and says that in Christ there is "neither bond nor free" (Gal 3:28).
life	l-concubines	Concubines	concubine|concubines|secondary wife	1	1016001-1016003,1022024-1022024,1025006-1025006,1035022-1035022,7019001-7019030,10003007-10003007,10016021-10016022,11011003-11011003		[[1016001-1016003|Genesis 16:1-3]]; [[1022024-1022024|Genesis 22:24]]; [[1025006-1025006|Genesis 25:6]]; [[1035022-1035022|Genesis 35:22]]; [[7019001-7019030|Judges 19:1-30]]; [[10003007-10003007|2 Samuel 3:7]]; [[10016021-10016022|2 Samuel 16:21-22]]; [[11011003-11011003|1 Kings 11:3]]	Easton's Bible Dictionary	A secondary wife, often a servant, with fewer rights than a full wife; her children could inherit only if the father allowed. The Bible tells the stories plainly and shows the trouble that came from it, while God's purpose from the beginning was one husband and one wife (Gen 2:24; Matt 19:4-6).
life	l-eunuchs	Eunuchs	eunuch|eunuchs|chamberlain|chamberlains	0	12009032-12009032,12020018-12020018,17001010-17001015,17002003-17002003,17002014-17002015,17004004-17004005,23056003-23056005,27001003-27001018,40019012-40019012,44008027-44008039		[[12009032-12009032|2 Kings 9:32]]; [[12020018-12020018|2 Kings 20:18]]; [[17001010-17001015|Esther 1:10-15]]; [[17002003-17002015|Esther 2:3,14-15]]; [[17004004-17004005|Esther 4:4-5]]; [[23056003-23056005|Isaiah 56:3-5]]; [[27001003-27001018|Daniel 1:3-18]]; [[40019012-40019012|Matthew 19:12]]; [[44008027-44008039|Acts 8:27-39]]	Easton's Bible Dictionary	Men who were castrated, often to serve in royal palaces and in charge of the king's women; the word came to mean any high court official. Isaiah promised faithful eunuchs a name in God's house, and the Ethiopian eunuch was one of the first Gentiles to believe.
life	l-cupbearers	Cupbearers	cupbearer|cupbearers|butler|butlers|chief butler|chief cupbearer	0	1040001-1040023,1041009-1041009,11010005-11010005,16001011-16001011,16002001-16002001		[[1040001-1040023|Genesis 40:1-23]]; [[1041009-1041009|Genesis 41:9]]; [[11010005-11010005|1 Kings 10:5]]; [[16001011-16001011|Nehemiah 1:11]]; [[16002001-16002001|Nehemiah 2:1]]	Easton's Bible Dictionary	A trusted officer who served the king's wine, tasting it first to guard against poison. Being close to the king, he had great influence, which is how Nehemiah could ask the king of Persia to let him rebuild Jerusalem.
life	l-mourning-and-burial	Mourning and burial	mourn|mourned|mourning|mourners|mourneth|wail|wailing|weep|weeping|wept|minstrels|flute|flutes|flute players|pipers|tomb|tombs|sepulchre|sepulchres|sepulcher|grave|spices|linen|cave|burial|bury|buried	0	1023001-1023020,1050001-1050013,10003031-10003035,24009017-24009018,40009023-40009024,40027057-40027061,41005038-41005040,41015046-41015046,41016001-41016004,42007012-42007012,42023053-42023056,42024001-42024001,43011017-43011044,43019038-43019042,43020001-43020007		[[1023001-1023020|Genesis 23:1-20]]; [[1050001-1050013|Genesis 50:1-13]]; [[10003031-10003035|2 Samuel 3:31-35]]; [[24009017-24009018|Jeremiah 9:17-18]]; [[40009023-40009024|Matthew 9:23-24]]; [[40027057-40027061|Matthew 27:57-61]]; [[41005038-41005040|Mark 5:38-40]]; [[41015046-41015046|Mark 15:46]]; [[41016001-41016004|Mark 16:1-4]]; [[42007012-42007012|Luke 7:12]]; [[42023053-42023056|Luke 23:53-56]]; [[42024001-42024001|Luke 24:1]]; [[43011017-43011044|John 11:17-44]]; [[43019038-43019042|John 19:38-42]]; [[43020001-43020007|John 20:1-7]]	Easton's Bible Dictionary; Edersheim, Sketches of Jewish Social Life	The dead were buried quickly, usually the same day, wrapped in linen with spices, in a family tomb: often a cave or a room cut in rock, closed by a large stone. Families mourned loudly, often hiring flute players and wailing women, and mourning lasted seven days or more. This is the background to the burial of Jesus and the women coming with spices on the third day.
life	l-shoes-and-sandals	Shoes and sandals	shoe|shoes|sandal|sandals|latchet|thong|strap	0	2003005-2003005,5025009-5025010,6005015-6005015,8004007-8004008,41001007-41001007,42003016-42003016,43001027-43001027,44007033-44007033		[[2003005-2003005|Exodus 3:5]]; [[5025009-5025010|Deuteronomy 25:9-10]]; [[6005015-6005015|Joshua 5:15]]; [[8004007-8004008|Ruth 4:7-8]]; [[41001007-41001007|Mark 1:7]]; [[42003016-42003016|Luke 3:16]]; [[43001027-43001027|John 1:27]]; [[44007033-44007033|Acts 7:33]]	Easton's Bible Dictionary	Taking off one's sandals showed reverence on holy ground. Handing over a sandal sealed the transfer of land or rights (Ruth 4:7). Untying a master's sandals was a slave's lowest task; John the Baptist said he was not worthy even to do that for Christ.
life	l-wells-and-cisterns	Wells and cisterns	well|wells|cistern|cisterns|draw water|drew water|fountain	0	1021025-1021031,1024011-1024020,1026015-1026022,1029002-1029010,2002015-2002017,24002013-24002013,24038006-24038006,43004006-43004015		[[1021025-1021031|Genesis 21:25-31]]; [[1024011-1024020|Genesis 24:11-20]]; [[1026015-1026022|Genesis 26:15-22]]; [[1029002-1029010|Genesis 29:2-10]]; [[2002015-2002017|Exodus 2:15-17]]; [[24002013-24002013|Jeremiah 2:13]]; [[24038006-24038006|Jeremiah 38:6]]; [[43004006-43004015|John 4:6-15]]	Easton's Bible Dictionary	In a dry land wells were precious, dug deep and sometimes fought over. Women drew water at evening, so the well was a meeting place where Abraham's servant found Rebekah, Jacob met Rachel and Moses met Zipporah, and where Jesus met the Samaritan woman at noon. Cisterns were pits cut in rock to store rainwater; an empty one could be used as a prison, as for Joseph and Jeremiah.
life	l-the-sheepfold	The sheepfold	sheepfold|sheepfolds|fold|folds|sheep pen|sheep pens|pen|door|gate	0	4032016-4032016,9024003-9024003,19078070-19078070,43010001-43010016		[[4032016-4032016|Numbers 32:16]]; [[9024003-9024003|1 Samuel 24:3]]; [[19078070-19078070|Psalms 78:70]]; [[43010001-43010016|John 10:1-16]]	Easton's Bible Dictionary	A walled enclosure where flocks were kept safe at night, with one opening. Several shepherds might share one fold; each called his own sheep, who knew his voice. Some shepherds slept across the opening themselves, which helps explain Jesus' words "I am the door of the sheep" (John 10:7).
life	l-flat-roofs	Flat roofs	housetop|housetops|roof|roofs|rooftop|rooftops|parapet|battlement|upon the house top	0	5022008-5022008,6002006-6002006,9009025-9009026,10011002-10011002,20021009-20021009,40010027-40010027,40024017-40024017,41002004-41002004,42005019-42005019,44010009-44010009		[[5022008-5022008|Deuteronomy 22:8]]; [[6002006-6002006|Joshua 2:6]]; [[9009025-9009026|1 Samuel 9:25-26]]; [[10011002-10011002|2 Samuel 11:2]]; [[20021009-20021009|Proverbs 21:9]]; [[40010027-40010027|Matthew 10:27]]; [[40024017-40024017|Matthew 24:17]]; [[41002004-41002004|Mark 2:4]]; [[42005019-42005019|Luke 5:19]]; [[44010009-44010009|Acts 10:9]]	Easton's Bible Dictionary	Houses had flat roofs, reached by outside stairs, used for drying crops, sleeping in hot weather, praying and talking. A wall around the edge was required so no one fell. The friends of the paralysed man dug through the roof of earth and branches to lower him to Jesus.
life	l-millstones	Millstones	millstone|millstones|mill|mills|grinding|grind|grinders|grinding at the mill	0	2011005-2011005,5024006-5024006,7009053-7009053,7016021-7016021,40018006-40018006,40024041-40024041,42017002-42017002,42017035-42017035,66018021-66018022		[[2011005-2011005|Exodus 11:5]]; [[5024006-5024006|Deuteronomy 24:6]]; [[7009053-7009053|Judges 9:53]]; [[7016021-7016021|Judges 16:21]]; [[40018006-40018006|Matthew 18:6]]; [[40024041-40024041|Matthew 24:41]]; [[42017002-42017035|Luke 17:2,35]]; [[66018021-66018022|Revelation 18:21-22]]	Easton's Bible Dictionary	Grain was ground daily between two round stones, usually by women working a hand mill at home. A large millstone turned by a donkey was too heavy to lift, the picture Jesus used of what it would be better to drown with than to cause a little one to stumble. The Law forbade taking a millstone as a pledge, since a family's food depended on it.
life	l-wineskins	Wineskins	bottles|bottle|wineskins|wineskin|skins|skin bottles	0	6009004-6009004,6009013-6009013,18032019-18032019,19119083-19119083,40009017-40009017,41002022-41002022,42005037-42005038		[[6009004-6009013|Joshua 9:4,13]]; [[18032019-18032019|Job 32:19]]; [[19119083-19119083|Psalms 119:83]]; [[40009017-40009017|Matthew 9:17]]; [[41002022-41002022|Mark 2:22]]; [[42005037-42005038|Luke 5:37-38]]	Easton's Bible Dictionary	Wine was kept in the whole skins of goats, sewn up. New wine still fermenting would stretch a skin; an old, dry skin would burst. Jesus used this to show that the new life he brings cannot be poured into old forms.
life	l-the-winepress	The winepress	winepress|winepresses|wine press|winefat|winevat|wine vat|presses|press|wine presses	0	4018027-4018027,5015014-5015014,7006011-7006011,16013015-16013015,23005002-23005002,40021033-40021033,41012001-41012001		[[4018027-4018027|Numbers 18:27]]; [[5015014-5015014|Deuteronomy 15:14]]; [[7006011-7006011|Judges 6:11]]; [[16013015-16013015|Nehemiah 13:15]]; [[23005002-23005002|Isaiah 5:2]]; [[40021033-40021033|Matthew 21:33]]; [[41012001-41012001|Mark 12:1]]	Easton's Bible Dictionary	A pit cut in rock where grapes were trodden underfoot, with the juice running into a lower vat. Gideon threshed wheat in a winepress to hide from the Midianites. (In the prophets and Revelation it pictures God's judgment: see Symbols.)
life	l-seals-and-signet-rings	Seals and signet rings	signet|signets|signet ring|seal|sealed|seals|ring	0	1038018-1038018,1038025-1038025,1041042-1041042,11021008-11021008,17003010-17003012,17008002-17008002,17008008-17008010,24032010-24032014,27006017-27006017,37002023-37002023,40027066-40027066		[[1038018-1038025|Genesis 38:18,25]]; [[1041042-1041042|Genesis 41:42]]; [[11021008-11021008|1 Kings 21:8]]; [[17003010-17003012|Esther 3:10-12]]; [[17008002-17008010|Esther 8:2,8-10]]; [[24032010-24032014|Jeremiah 32:10-14]]; [[27006017-27006017|Daniel 6:17]]; [[37002023-37002023|Haggai 2:23]]; [[40027066-40027066|Matthew 27:66]]	Easton's Bible Dictionary	A seal was an engraved stone or ring pressed into clay or wax to sign a document or show ownership; a king's seal carried his full authority. Pharaoh gave Joseph his signet ring; the tomb of Jesus was sealed so no one could open it.
life	l-scrolls	Scrolls	scroll|scrolls|roll|rolls|book|books	0	15006002-15006002,24036002-24036032,26002009-26003003,42004017-42004020,55004013-55004013		[[15006002-15006002|Ezra 6:2]]; [[24036002-24036032|Jeremiah 36:2-32]]; [[26002009-26003003|Ezekiel 2:9-3:3]]; [[42004017-42004020|Luke 4:17-20]]; [[55004013-55004013|2 Timothy 4:13]]	Easton's Bible Dictionary	Books were long strips of papyrus or leather, rolled on rods, read by unrolling from one side to the other. In the synagogue at Nazareth Jesus was handed the scroll of Isaiah, found the place, read, rolled it up and sat down to teach.
life	l-money-changers	Money changers	moneychangers|money changers|money-changers|changers of money|changers|exchangers|bankers	0	40021012-40021012,41011015-41011015,43002014-43002015,40025027-40025027		[[40021012-40021012|Matthew 21:12]]; [[41011015-41011015|Mark 11:15]]; [[43002014-43002015|John 2:14-15]]; [[40025027-40025027|Matthew 25:27]]	Easton's Bible Dictionary; Edersheim, The Temple: Its Ministry and Services	Men who exchanged the many foreign coins pilgrims brought into the coins accepted for the temple tax, charging a fee. They set up their tables in the temple courts; Jesus overturned them, saying his Father's house should be a house of prayer.
life	l-the-temple-tax	The temple tax	tribute|tribute money|half shekel|half a shekel|temple tax|two-drachma tax|two drachma|didrachma|drachma|tax|shekel	0	2030011-2030016,2038026-2038026,16010032-16010032,40017024-40017027		[[2030011-2030016|Exodus 30:11-16]]; [[2038026-2038026|Exodus 38:26]]; [[16010032-16010032|Nehemiah 10:32]]; [[40017024-40017027|Matthew 17:24-27]]	Easton's Bible Dictionary; Edersheim, The Temple: Its Ministry and Services	Every Jewish man paid half a shekel a year for the upkeep of the temple, first commanded as a ransom when the people were counted. Jesus paid it for himself and Peter with a coin found in a fish's mouth.
life	l-corban	Corban	corban|devoted to god|gift devoted to god|a gift|gift to god	0	41007011-41007013,40015005-40015006,3001002-3001002		[[41007011-41007013|Mark 7:11-13]]; [[40015005-40015006|Matthew 15:5-6]]; [[3001002-3001002|Leviticus 1:2]]	Easton's Bible Dictionary	A Hebrew word for an offering given to God. Some declared their money "corban", dedicated to God, so they would not have to use it to support their parents; Jesus condemned this as cancelling God's command to honour father and mother.
rome	r-crucifixion	Crucifixion	crucify|crucified|crucifixion|crucifying|crucifieth|cross	0	40020019-40020019,40027022-40027044,41015013-41015032,42023021-42023043,43019006-43019037,44002023-44002023,44002036-44002036,46001017-46001018,46001023-46001023,46002002-46002002,48003013-48003013,48006014-48006014,50002008-50002008,58012002-58012002		[[40020019-40020019|Matthew 20:19]]; [[40027022-40027044|Matthew 27:22-44]]; [[41015013-41015032|Mark 15:13-32]]; [[42023021-42023043|Luke 23:21-43]]; [[43019006-43019037|John 19:6-37]]; [[44002023-44002036|Acts 2:23,36]]; [[46001017-46001023|1 Corinthians 1:17-18,23]]; [[46002002-46002002|1 Corinthians 2:2]]; [[48003013-48003013|Galatians 3:13]]; [[48006014-48006014|Galatians 6:14]]; [[50002008-50002008|Philippians 2:8]]; [[58012002-58012002|Hebrews 12:2]]	Easton's Bible Dictionary	The Roman way of putting slaves, rebels and criminals to death: nailed or tied to a wooden cross and left to die slowly in public, often after flogging. It was the most shameful death, and the Law said one hanged on a tree was under God's curse (Deut 21:23; Gal 3:13). Paul preached "Christ crucified" as God's power to save.
rome	r-centurions	Centurions	centurion|centurions|centurion's|captain of a hundred|commander of a hundred	1	40008005-40008013,40027054-40027054,41015039-41015039,42007002-42007010,44010001-44010048,44022025-44022026,44027001-44027044		[[40008005-40008013|Matthew 8:5-13]]; [[40027054-40027054|Matthew 27:54]]; [[41015039-41015039|Mark 15:39]]; [[42007002-42007010|Luke 7:2-10]]; [[44010001-44010048|Acts 10:1-48]]; [[44022025-44022026|Acts 22:25-26]]; [[44027001-44027044|Acts 27:1-44]]	Easton's Bible Dictionary	An officer in the Roman army in charge of about a hundred soldiers. Several centurions in the New Testament are good men: one whose faith amazed Jesus, the one at the cross who said "truly this was the Son of God", and Cornelius, the first Gentile believer.
rome	r-the-governor-s-headquarters	The governor's headquarters	praetorium|common hall|judgment hall|hall of judgment|governor's headquarters|governor's palace|palace guard|praetorian guard|imperial guard|headquarters	0	40027027-40027027,41015016-41015016,43018028-43018028,43018033-43018033,43019009-43019009,44023035-44023035,50001013-50001013		[[40027027-40027027|Matthew 27:27]]; [[41015016-41015016|Mark 15:16]]; [[43018028-43018033|John 18:28,33]]; [[43019009-43019009|John 19:9]]; [[44023035-44023035|Acts 23:35]]; [[50001013-50001013|Philippians 1:13]]	Easton's Bible Dictionary	The Praetorium was the Roman governor's residence and court. In Jerusalem Pilate judged Jesus there; the Jewish leaders would not go in, so as not to be made unclean before the Passover. In Rome the Praetorian Guard watched Paul in prison, and he wrote that the gospel had become known to them all.
rome	r-roman-citizenship	Roman citizenship	roman|romans|citizen|citizens|citizenship|freeborn|free born|uncondemned	0	44016037-44016038,44022025-44022029,44023027-44023027,44025010-44025012,50003020-50003020		[[44016037-44016038|Acts 16:37-38]]; [[44022025-44022029|Acts 22:25-29]]; [[44023027-44023027|Acts 23:27]]; [[44025010-44025012|Acts 25:10-12]]; [[50003020-50003020|Philippians 3:20]]	Easton's Bible Dictionary	Being a Roman citizen gave valuable rights: a citizen could not be flogged or punished without a trial, and could appeal to Caesar. Paul was born a citizen and used his rights to protect himself and the gospel; he reminded the Philippians that their true citizenship is in heaven.
rome	r-the-census	The census	taxed|taxing|census|registration|registered|enrolled|enrolment|enrollment|decree	0	42002001-42002005,44005037-44005037		[[42002001-42002005|Luke 2:1-5]]; [[44005037-44005037|Acts 5:37]]	Easton's Bible Dictionary	The Roman emperor counted the people of his provinces in order to tax them. Because of Caesar Augustus' decree, Joseph and Mary travelled to Bethlehem, the town of David's family, where Jesus was born, as Micah had foretold.
rome	r-adoption	Adoption	adoption|adopted|adoption as sons|adoption to sonship|sonship|adoption of children|adopted as his sons	1	45008015-45008015,45008023-45008023,45009004-45009004,48004005-48004005,49001005-49001005		[[45008015-45008023|Romans 8:15,23]]; [[45009004-45009004|Romans 9:4]]; [[48004005-48004005|Galatians 4:5]]; [[49001005-49001005|Ephesians 1:5]]	Easton's Bible Dictionary	Under Roman law an adopted son received all the rights of a natural son, including the father's name and inheritance, and his old debts were cancelled. Paul uses it to describe believers: brought into God's family, able to call him "Abba, Father", and heirs with Christ.
rome	r-the-dividing-wall	The dividing wall	middle wall of partition|dividing wall|wall of hostility|partition|wall|barrier	0	49002014-49002014,44021028-44021029		[[49002014-49002014|Ephesians 2:14]]; [[44021028-44021029|Acts 21:28-29]]	Easton's Bible Dictionary; Edersheim, The Temple: Its Ministry and Services	In the temple a low stone wall kept Gentiles out of the inner courts, with notices warning of death for any who passed it. Paul was nearly killed when he was thought to have brought a Gentile in. He writes that Christ has broken down the "middle wall of partition" between Jew and Gentile.
life	l-the-wise-men-magi	The wise men (magi)	wise men|magi|magi from the east|wise men from the east	0	40002001-40002016		[[40002001-40002016|Matthew 2:1-16]]	Easton's Bible Dictionary	Learned men from the east (perhaps Persia or Babylon) who studied the stars. They followed a star to Bethlehem and worshipped the child Jesus with gold, frankincense and myrrh: the first Gentiles to honour him as king. The Bible does not say how many there were.
number	n-one	One	one|one lord|one god|one body|one spirit|one flesh	0	1002024-1002024,5006004-5006004,41010008-41010008,41012029-41012029,41012032-41012032,43010016-43010016,43010030-43010030,43017011-43017011,43017021-43017023,45012005-45012005,46008006-46008006,46010017-46010017,46012012-46012013,46012020-46012020,48003028-48003028,49002014-49002016,49004004-49004006,54002005-54002005		[[1002024-1002024|Genesis 2:24]]; [[5006004-5006004|Deuteronomy 6:4]]; [[41010008-41010008|Mark 10:8]]; [[41012029-41012032|Mark 12:29,32]]; [[43010016-43010030|John 10:16,30]]; [[43017011-43017023|John 17:11,21-23]]; [[45012005-45012005|Romans 12:5]]; [[46008006-46008006|1 Corinthians 8:6]]; [[46010017-46010017|1 Corinthians 10:17]]; [[46012012-46012020|1 Corinthians 12:12-13,20]]; [[48003028-48003028|Galatians 3:28]]; [[49002014-49002016|Ephesians 2:14-16]]; [[49004004-49004006|Ephesians 4:4-6]]; [[54002005-54002005|1 Timothy 2:5]]	Easton's Bible Dictionary	Unity and the uniqueness of God: "the Lord our God is one Lord" (Deut 6:4). Jesus prayed that his people "may be one", and Paul writes of "one body, and one Spirit... one Lord, one faith, one baptism, one God and Father of all" (Eph 4:4-6).
number	n-two	Two	two|twain|two or three|two witnesses	0	5017006-5017006,5019015-5019015,21004009-21004012,40018016-40018016,40018019-40018020,41006007-41006007,42010001-42010001,43008017-43008017,47013001-47013001,54005019-54005019,58010028-58010028,66011003-66011003		[[5017006-5017006|Deuteronomy 17:6]]; [[5019015-5019015|Deuteronomy 19:15]]; [[21004009-21004012|Ecclesiastes 4:9-12]]; [[40018016-40018020|Matthew 18:16,19-20]]; [[41006007-41006007|Mark 6:7]]; [[42010001-42010001|Luke 10:1]]; [[43008017-43008017|John 8:17]]; [[47013001-47013001|2 Corinthians 13:1]]; [[54005019-54005019|1 Timothy 5:19]]; [[58010028-58010028|Hebrews 10:28]]; [[66011003-66011003|Revelation 11:3]]	Easton's Bible Dictionary	Witness and confirmation: "at the mouth of two witnesses, or at the mouth of three witnesses, shall the matter be established" (Deut 19:15). Jesus sent his disciples out two by two.
number	n-three	Three	three|third|thrice|three days|third day|holy holy holy	0	23006003-23006003,28006002-28006002,32001017-32001017,40012040-40012040,40016021-40016021,40017023-40017023,40020019-40020019,40026034-40026034,40026061-40026061,40026075-40026075,40027040-40027040,40027063-40027063,40028019-40028019,41008031-41008031,41009031-41009031,41010034-41010034,42009022-42009022,42024007-42024007,42024021-42024021,42024046-42024046,43002019-43002020,43021017-43021017,44010040-44010040,46015004-46015004,47013014-47013014,66004008-66004008		[[23006003-23006003|Isaiah 6:3]]; [[28006002-28006002|Hosea 6:2]]; [[32001017-32001017|Jonah 1:17]]; [[40012040-40012040|Matthew 12:40]]; [[40016021-40016021|Matthew 16:21]]; [[40017023-40017023|Matthew 17:23]]; [[40020019-40020019|Matthew 20:19]]; [[40026034-40026075|Matthew 26:34,61,75]]; [[40027040-40027063|Matthew 27:40,63]]; [[40028019-40028019|Matthew 28:19]]; [[41008031-41008031|Mark 8:31]]; [[41009031-41009031|Mark 9:31]]; [[41010034-41010034|Mark 10:34]]; [[42009022-42009022|Luke 9:22]]; [[42024007-42024046|Luke 24:7,21,46]]; [[43002019-43002020|John 2:19-20]]; [[43021017-43021017|John 21:17]]; [[44010040-44010040|Acts 10:40]]; [[46015004-46015004|1 Corinthians 15:4]]; [[47013014-47013014|2 Corinthians 13:14]]; [[66004008-66004008|Revelation 4:8]]	Easton's Bible Dictionary	Completeness and the work of God; above all, the third day of Christ's resurrection: "he was buried, and... rose again the third day according to the scriptures" (1 Cor 15:4). The threefold "Holy, holy, holy" and the threefold name of Father, Son and Holy Spirit have long been read as pointing to the Trinity.
number	n-four	Four	four|fourth|four corners|four winds|four living creatures|four beasts	0	23011012-23011012,26001005-26001010,26037009-26037009,27007002-27007003,27007017-27007017,38001018-38001021,38006001-38006005,40024031-40024031,66004006-66004008,66005006-66005014,66006001-66006008,66007001-66007002,66009014-66009015,66020008-66020008		[[23011012-23011012|Isaiah 11:12]]; [[26001005-26001010|Ezekiel 1:5-10]]; [[26037009-26037009|Ezekiel 37:9]]; [[27007002-27007017|Daniel 7:2-3,17]]; [[38001018-38001021|Zechariah 1:18-21]]; [[38006001-38006005|Zechariah 6:1-5]]; [[40024031-40024031|Matthew 24:31]]; [[66004006-66004008|Revelation 4:6-8]]; [[66005006-66005014|Revelation 5:6-14]]; [[66006001-66006008|Revelation 6:1-8]]; [[66007001-66007002|Revelation 7:1-2]]; [[66009014-66009015|Revelation 9:14-15]]; [[66020008-66020008|Revelation 20:8]]	Easton's Bible Dictionary	The whole created world, with its four directions: the four winds, the four corners of the earth, the four living creatures around the throne and the four horsemen sent through the earth.
number	n-six-and-666	Six and 666	six|six hundred threescore and six|666|six hundred sixty six|six hundred and sixty six|threescore|sixty	0	27003001-27003001,66013018-66013018		[[27003001-27003001|Daniel 3:1]]; [[66013018-66013018|Revelation 13:18]]	Easton's Bible Dictionary	"Here is wisdom. Let him that hath understanding count the number of the beast: for it is the number of a man; and his number is Six hundred threescore and six" (Rev 13:18). Because six falls short of seven, the number of completeness, the traditional reading is that it marks the beast as a human counterfeit that always falls short of God. Many have tried to name a person from it; the Bible does not say who it is. Nebuchadnezzar's idol was sixty cubits high and six wide.
number	n-seven	Seven	seven|seventh|sevenfold|seven times|sevens|seventy times seven|seven spirits|seven churches|seven seals|seven trumpets|seven vials|seven bowls|seven stars|seven lamps|seven eyes|seven horns	0	1002002-1002003,1004024-1004024,1007002-1007004,2020010-2020010,3004006-3004006,3004017-3004017,3016014-3016014,3016019-3016019,3023015-3023016,3025003-3025004,3025008-3025008,6006004-6006004,6006008-6006008,6006013-6006013,6006015-6006015,12005010-12005010,12005014-12005014,19012006-19012006,19119164-19119164,20009001-20009001,20024016-20024016,38003009-38003009,38004002-38004002,38004010-38004010,40018021-40018022,42017004-42017004,58004004-58004004,66001004-66001004,66001011-66001013,66001016-66001016,66001020-66001020,66002001-66002001,66003001-66003001,66004005-66004005,66005001-66005001,66005005-66005006,66008002-66008002,66008006-66008006,66010003-66010004,66011013-66011013,66012003-66012003,66013001-66013001,66015001-66015001,66015006-66015008,66016001-66016001,66017001-66017001,66017003-66017003,66017007-66017007,66017009-66017011,66021009-66021009		[[1002002-1002003|Genesis 2:2-3]]; [[1004024-1004024|Genesis 4:24]]; [[1007002-1007004|Genesis 7:2-4]]; [[2020010-2020010|Exodus 20:10]]; [[3004006-3004017|Leviticus 4:6,17]]; [[3016014-3016019|Leviticus 16:14,19]]; [[3023015-3023016|Leviticus 23:15-16]]; [[3025003-3025008|Leviticus 25:3-4,8]]; [[6006004-6006015|Joshua 6:4,8,13,15]]; [[12005010-12005014|2 Kings 5:10,14]]; [[19012006-19012006|Psalms 12:6]]; [[19119164-19119164|Psalms 119:164]]; [[20009001-20009001|Proverbs 9:1]]; [[20024016-20024016|Proverbs 24:16]]; [[38003009-38003009|Zechariah 3:9]]; [[38004002-38004010|Zechariah 4:2,10]]; [[40018021-40018022|Matthew 18:21-22]]; [[42017004-42017004|Luke 17:4]]; [[58004004-58004004|Hebrews 4:4]]; [[66001004-66001020|Revelation 1:4,11-13,16,20]]; [[66002001-66002001|Revelation 2:1]]; [[66003001-66003001|Revelation 3:1]]; [[66004005-66004005|Revelation 4:5]]; [[66005001-66005006|Revelation 5:1,5-6]]; [[66008002-66008006|Revelation 8:2,6]]; [[66010003-66010004|Revelation 10:3-4]]; [[66011013-66011013|Revelation 11:13]]; [[66012003-66012003|Revelation 12:3]]; [[66013001-66013001|Revelation 13:1]]; [[66015001-66015008|Revelation 15:1,6-8]]; [[66016001-66016001|Revelation 16:1]]; [[66017001-66017011|Revelation 17:1,3,7,9-11]]; [[66021009-66021009|Revelation 21:9]]	Easton's Bible Dictionary	Completeness and perfection, especially God's own work, from the seven days of creation and the seventh-day Sabbath. Sevens run through the Law (sprinkling seven times), the fall of Jericho, and above all Revelation: seven churches, seals, trumpets and bowls, and the Lamb's seven horns and eyes (perfect power and knowledge). Jesus' "seventy times seven" means forgiving without limit.
number	n-eight	Eight	eight|eighth|eighth day|eight souls	0	1017012-1017012,3012003-3012003,3023036-3023036,3023039-3023039,42002021-42002021,43020026-43020026,60003020-60003020,61002005-61002005		[[1017012-1017012|Genesis 17:12]]; [[3012003-3012003|Leviticus 12:3]]; [[3023036-3023039|Leviticus 23:36,39]]; [[42002021-42002021|Luke 2:21]]; [[43020026-43020026|John 20:26]]; [[60003020-60003020|1 Peter 3:20]]; [[61002005-61002005|2 Peter 2:5]]	Easton's Bible Dictionary	A new beginning, one beyond the complete seven: boys were circumcised on the eighth day, eight people came through the flood into a new world, and Jesus rose on the first day of a new week. This reading is traditional but less certain than for seven or twelve.
number	n-ten	Ten	ten|tenth|ten commandments|ten horns|ten days|ten virgins|ten talents|ten pieces of silver|ten servants|ten pounds	0	2034028-2034028,5004013-5004013,5010004-5010004,27001012-27001020,27007007-27007007,27007020-27007020,27007024-27007024,40025001-40025001,40025028-40025028,42015008-42015008,42019013-42019017,66002010-66002010,66012003-66012003,66013001-66013001,66017003-66017003,66017007-66017007,66017012-66017012,66017016-66017016		[[2034028-2034028|Exodus 34:28]]; [[5004013-5004013|Deuteronomy 4:13]]; [[5010004-5010004|Deuteronomy 10:4]]; [[27001012-27001020|Daniel 1:12-20]]; [[27007007-27007024|Daniel 7:7,20,24]]; [[40025001-40025028|Matthew 25:1,28]]; [[42015008-42015008|Luke 15:8]]; [[42019013-42019017|Luke 19:13-17]]; [[66002010-66002010|Revelation 2:10]]; [[66012003-66012003|Revelation 12:3]]; [[66013001-66013001|Revelation 13:1]]; [[66017003-66017016|Revelation 17:3,7,12,16]]	Easton's Bible Dictionary	A complete or full number, as of the fingers on two hands: the Ten Commandments, the ten plagues, ten virgins in the parable. In Daniel and Revelation ten horns are ten kings, the full sum of worldly power.
number	n-twelve	Twelve	twelve|twelfth|twelve tribes|twelve apostles|twelve stars|twelve gates|twelve foundations|twelve thrones|twelve disciples	0	1035022-1035022,1049028-1049028,2024004-2024004,2028021-2028021,6004002-6004009,11018031-11018031,40010001-40010005,40019028-40019028,41003014-41003014,42022030-42022030,44026007-44026007,59001001-59001001,66007005-66007008,66012001-66012001,66021012-66021021,66022002-66022002		[[1035022-1035022|Genesis 35:22]]; [[1049028-1049028|Genesis 49:28]]; [[2024004-2024004|Exodus 24:4]]; [[2028021-2028021|Exodus 28:21]]; [[6004002-6004009|Joshua 4:2-9]]; [[11018031-11018031|1 Kings 18:31]]; [[40010001-40010005|Matthew 10:1-5]]; [[40019028-40019028|Matthew 19:28]]; [[41003014-41003014|Mark 3:14]]; [[42022030-42022030|Luke 22:30]]; [[44026007-44026007|Acts 26:7]]; [[59001001-59001001|James 1:1]]; [[66007005-66007008|Revelation 7:5-8]]; [[66012001-66012001|Revelation 12:1]]; [[66021012-66021021|Revelation 21:12-21]]; [[66022002-66022002|Revelation 22:2]]	Easton's Bible Dictionary	God's people, complete: the twelve tribes of Israel and the twelve apostles of the Lamb. The new Jerusalem has twelve gates with the tribes' names and twelve foundations with the apostles' names: Old and New Testament people of God together.
number	n-thirty-pieces-of-silver	Thirty pieces of silver	thirty|thirty pieces of silver|thirty shekels|thirty silver coins	0	2021032-2021032,38011012-38011013,40026015-40026015,40027003-40027010		[[2021032-2021032|Exodus 21:32]]; [[38011012-38011013|Zechariah 11:12-13]]; [[40026015-40026015|Matthew 26:15]]; [[40027003-40027010|Matthew 27:3-10]]	Easton's Bible Dictionary	The price of a slave under the Law (Exod 21:32). Zechariah was paid thirty pieces of silver as an insult and threw them to the potter; Judas betrayed Jesus for the same sum, and it was used to buy the potter's field.
number	n-forty	Forty	forty|fortieth|forty days|forty years|forty days and forty nights	0	1007004-1007004,1007012-1007012,1007017-1007017,2024018-2024018,2034028-2034028,4013025-4013025,4014033-4014034,5008002-5008002,5008004-5008004,5009009-5009009,5009011-5009011,5009018-5009018,5009025-5009025,5029005-5029005,7003011-7003011,7005031-7005031,7008028-7008028,9017016-9017016,11019008-11019008,26004006-26004006,32003004-32003004,40004002-40004002,41001013-41001013,42004002-42004002,44001003-44001003,44007030-44007030,44007036-44007036,44013018-44013018,58003009-58003009,58003017-58003017		[[1007004-1007017|Genesis 7:4,12,17]]; [[2024018-2024018|Exodus 24:18]]; [[2034028-2034028|Exodus 34:28]]; [[4013025-4013025|Numbers 13:25]]; [[4014033-4014034|Numbers 14:33-34]]; [[5008002-5008004|Deuteronomy 8:2,4]]; [[5009009-5009025|Deuteronomy 9:9,11,18,25]]; [[5029005-5029005|Deuteronomy 29:5]]; [[7003011-7003011|Judges 3:11]]; [[7005031-7005031|Judges 5:31]]; [[7008028-7008028|Judges 8:28]]; [[9017016-9017016|1 Samuel 17:16]]; [[11019008-11019008|1 Kings 19:8]]; [[26004006-26004006|Ezekiel 4:6]]; [[32003004-32003004|Jonah 3:4]]; [[40004002-40004002|Matthew 4:2]]; [[41001013-41001013|Mark 1:13]]; [[42004002-42004002|Luke 4:2]]; [[44001003-44001003|Acts 1:3]]; [[44007030-44007036|Acts 7:30,36]]; [[44013018-44013018|Acts 13:18]]; [[58003009-58003017|Hebrews 3:9,17]]	Easton's Bible Dictionary	A time of testing, trial and preparation: forty days of rain in the flood, Moses forty days on Sinai, Israel forty years in the wilderness, Elijah forty days to Horeb, and Jesus forty days tempted in the wilderness. Jesus appeared to his disciples for forty days after he rose.
number	n-fifty	Fifty	fifty|fiftieth|fifty days	0	3023016-3023016,3025010-3025011,4004003-4004003,44002001-44002001		[[3023016-3023016|Leviticus 23:16]]; [[3025010-3025011|Leviticus 25:10-11]]; [[4004003-4004003|Numbers 4:3]]; [[44002001-44002001|Acts 2:1]]	Easton's Bible Dictionary	Freedom and fulfilment: the fiftieth year was the Jubilee, when liberty was proclaimed, and the fiftieth day after Passover was Pentecost, when the Holy Spirit was given.
number	n-seventy	Seventy	seventy|threescore and ten|seventy elders|seventy years|seventy two|seventy-two|other seventy	0	1046027-1046027,2001005-2001005,2024001-2024001,2024009-2024009,4011016-4011016,4011024-4011025,19090010-19090010,24025011-24025012,24029010-24029010,27009002-27009002,38001012-38001012,38007005-38007005,42010001-42010001,42010017-42010017		[[1046027-1046027|Genesis 46:27]]; [[2001005-2001005|Exodus 1:5]]; [[2024001-2024009|Exodus 24:1,9]]; [[4011016-4011025|Numbers 11:16,24-25]]; [[19090010-19090010|Psalms 90:10]]; [[24025011-24025012|Jeremiah 25:11-12]]; [[24029010-24029010|Jeremiah 29:10]]; [[27009002-27009002|Daniel 9:2]]; [[38001012-38001012|Zechariah 1:12]]; [[38007005-38007005|Zechariah 7:5]]; [[42010001-42010017|Luke 10:1,17]]	Easton's Bible Dictionary	A full number of people or years: seventy elders shared Moses' work, the exile in Babylon lasted seventy years as Jeremiah foretold, and Jesus sent out seventy (some manuscripts, seventy-two) to go ahead of him, often linked with the seventy nations of Genesis 10.
number	n-seventy-weeks	Seventy weeks	seventy weeks|seventy sevens|weeks|sevens|threescore and two weeks|sixty-two weeks|one week	0	27009024-27009027		[[27009024-27009027|Daniel 9:24-27]]	Easton's Bible Dictionary	Gabriel told Daniel that "seventy weeks" (seventy sevens, of years) were decreed "to make an end of sins... and to bring in everlasting righteousness" and to anoint the most Holy. Traditional Protestant interpreters count the weeks of years from the decree to rebuild Jerusalem to the coming and death of the Messiah, Christ, "cut off, but not for himself" (Dan 9:26).
number	n-three-and-a-half-a-time-times-and-half-a-time	Three and a half (a time, times and half a time)	time and times and the dividing of time|time and times and half a time|a time and times and half a time|forty and two months|forty-two months|42 months|thousand two hundred and threescore days|1 260 days|1260 days|three days and an half|three and a half days|months|days|time	0	27007025-27007025,27012007-27012007,27012011-27012012,66011002-66011003,66011009-66011009,66011011-66011011,66012006-66012006,66012014-66012014,66013005-66013005		[[27007025-27007025|Daniel 7:25]]; [[27012007-27012012|Daniel 12:7,11-12]]; [[66011002-66011011|Revelation 11:2-3,9,11]]; [[66012006-66012014|Revelation 12:6,14]]; [[66013005-66013005|Revelation 13:5]]	Easton's Bible Dictionary	Half of seven: a broken, limited time of trouble that God has set and will cut short. It appears as "a time, and times, and half a time", 42 months and 1,260 days: the time the holy city is trampled, the woman is kept safe in the wilderness and the beast is allowed to act. However hard the time, it is limited, and it ends at God's appointed time.
number	n-144-000	144,000	144|hundred and forty and four thousand|hundred forty-four thousand|one hundred and forty-four thousand|144 000|one hundred forty-four thousand	0	66007004-66007008,66014001-66014005		[[66007004-66007008|Revelation 7:4-8]]; [[66014001-66014005|Revelation 14:1-5]]	Easton's Bible Dictionary	Twelve times twelve times a thousand: God's people complete, every one sealed and kept safe, none missing. Revelation 7 lists twelve thousand from each tribe, then John sees "a great multitude, which no man could number, of all nations" (Rev 7:9). Many traditional interpreters see the two as the same people of God seen two ways.
number	n-a-thousand-years	A thousand years	thousand years|thousand|a thousand years|1 000 years|1000 years	0	19050010-19050010,19090004-19090004,61003008-61003008,66020002-66020007		[[19050010-19050010|Psalms 50:10]]; [[19090004-19090004|Psalms 90:4]]; [[61003008-61003008|2 Peter 3:8]]; [[66020002-66020007|Revelation 20:2-7]]	Easton's Bible Dictionary	A thousand stands for a great, complete number ("the cattle upon a thousand hills", Ps 50:10), and "one day is with the Lord as a thousand years" (2 Pet 3:8). In Revelation 20 Satan is bound for a thousand years while the saints reign with Christ; Augustine and the Reformers read this as Christ's reign now, from his resurrection to his return, with Satan restrained so the gospel goes to the nations.
symbol	s-the-lamb	The Lamb	lamb|lambs|lamb's	0	1022007-1022008,2012003-2012005,2012021-2012021,23053007-23053007,24011019-24011019,43001029-43001029,43001036-43001036,44008032-44008032,46005007-46005007,60001019-60001019,66005006-66005006,66005008-66005008,66005012-66005013,66006001-66006001,66006016-66006016,66007009-66007010,66007014-66007014,66007017-66007017,66012011-66012011,66013008-66013008,66014001-66014001,66014004-66014004,66014010-66014010,66015003-66015003,66017014-66017014,66019007-66019007,66019009-66019009,66021009-66021009,66021014-66021014,66021022-66021023,66021027-66021027,66022001-66022001,66022003-66022003		[[1022007-1022008|Genesis 22:7-8]]; [[2012003-2012021|Exodus 12:3-5,21]]; [[23053007-23053007|Isaiah 53:7]]; [[24011019-24011019|Jeremiah 11:19]]; [[43001029-43001036|John 1:29,36]]; [[44008032-44008032|Acts 8:32]]; [[46005007-46005007|1 Corinthians 5:7]]; [[60001019-60001019|1 Peter 1:19]]; [[66005006-66005013|Revelation 5:6,8,12-13]]; [[66006001-66006016|Revelation 6:1,16]]; [[66007009-66007017|Revelation 7:9-10,14,17]]; [[66012011-66012011|Revelation 12:11]]; [[66013008-66013008|Revelation 13:8]]; [[66014001-66014010|Revelation 14:1,4,10]]; [[66015003-66015003|Revelation 15:3]]; [[66017014-66017014|Revelation 17:14]]; [[66019007-66019009|Revelation 19:7,9]]; [[66021009-66021027|Revelation 21:9,14,22-23,27]]; [[66022001-66022003|Revelation 22:1,3]]	Easton's Bible Dictionary	Jesus, the sacrifice for sin. John the Baptist called him "the Lamb of God, which taketh away the sin of the world" (John 1:29), fulfilling the Passover lamb and Isaiah's servant led "as a lamb to the slaughter". In Revelation the slain Lamb stands on the throne, worshipped by all heaven, and conquers.
symbol	s-the-lion	The lion	lion|lions|lion's|lioness	0	1049009-1049009,4024009-4024009,20028001-20028001,26001010-26001010,27007004-27007004,28005014-28005014,30003008-30003008,60005008-60005008,66004007-66004007,66005005-66005005,66013002-66013002		[[1049009-1049009|Genesis 49:9]]; [[4024009-4024009|Numbers 24:9]]; [[20028001-20028001|Proverbs 28:1]]; [[26001010-26001010|Ezekiel 1:10]]; [[27007004-27007004|Daniel 7:4]]; [[28005014-28005014|Hosea 5:14]]; [[30003008-30003008|Amos 3:8]]; [[60005008-60005008|1 Peter 5:8]]; [[66004007-66004007|Revelation 4:7]]; [[66005005-66005005|Revelation 5:5]]; [[66013002-66013002|Revelation 13:2]]	Easton's Bible Dictionary	Strength, courage and royal power. Jacob called Judah a lion, and Christ is "the Lion of the tribe of Judah" (Rev 5:5); the Lord's voice roars like a lion (Amos 3:8). But the devil too "walketh about, as a roaring lion, seeking whom he may devour" (1 Pet 5:8). In Daniel 7 a lion with wings stands for Babylon.
symbol	s-the-dove	The dove	dove|doves|dove's|turtledove|turtle	0	1008008-1008012,19055006-19055006,22002014-22002014,22005002-22005002,28007011-28007011,40003016-40003016,40010016-40010016,41001010-41001010,42003022-42003022,43001032-43001032		[[1008008-1008012|Genesis 8:8-12]]; [[19055006-19055006|Psalms 55:6]]; [[22002014-22002014|Song of Solomon 2:14]]; [[22005002-22005002|Song of Solomon 5:2]]; [[28007011-28007011|Hosea 7:11]]; [[40003016-40003016|Matthew 3:16]]; [[40010016-40010016|Matthew 10:16]]; [[41001010-41001010|Mark 1:10]]; [[42003022-42003022|Luke 3:22]]; [[43001032-43001032|John 1:32]]	Easton's Bible Dictionary	The Holy Spirit, who came down on Jesus at his baptism "like a dove". The dove also stands for gentleness and innocence ("harmless as doves", Matt 10:16), for peace (the dove with the olive leaf after the flood), and in the Song of Songs for the beloved.
symbol	s-the-serpent-and-the-dragon	The serpent and the dragon	serpent|serpents|dragon|dragons|snake|leviathan|old serpent|ancient serpent	0	1003001-1003015,18041001-18041001,19074013-19074014,23027001-23027001,47011003-47011003,66012003-66012017,66013002-66013002,66013004-66013004,66013011-66013011,66016013-66016013,66020002-66020002		[[1003001-1003015|Genesis 3:1-15]]; [[18041001-18041001|Job 41:1]]; [[19074013-19074014|Psalms 74:13-14]]; [[23027001-23027001|Isaiah 27:1]]; [[47011003-47011003|2 Corinthians 11:3]]; [[66012003-66012017|Revelation 12:3-17]]; [[66013002-66013011|Revelation 13:2,4,11]]; [[66016013-66016013|Revelation 16:13]]; [[66020002-66020002|Revelation 20:2]]	Easton's Bible Dictionary	Satan, the deceiver. The serpent tempted Eve in Eden; Revelation names "that old serpent, called the Devil, and Satan, which deceiveth the whole world" (Rev 12:9) and shows the great red dragon defeated and bound. God's promise that the woman's offspring would crush the serpent's head (Gen 3:15) is read as the first promise of Christ.
symbol	s-the-bronze-serpent	The bronze serpent	serpent|serpents|snake|bronze|brass|brasen|nehushtan	0	4021006-4021009,12018004-12018004,43003014-43003015		[[4021006-4021009|Numbers 21:6-9]]; [[12018004-12018004|2 Kings 18:4]]; [[43003014-43003015|John 3:14-15]]	Easton's Bible Dictionary	When Israel was dying from snake bites, God told Moses to set a bronze snake on a pole: whoever looked at it lived. Jesus said, "as Moses lifted up the serpent in the wilderness, even so must the Son of man be lifted up" on the cross, so that whoever believes may have eternal life.
symbol	s-the-beasts	The beasts	beast|beasts|beast's	0	27007003-27007023,27008004-27008004,66011007-66011007,66013001-66013018,66014009-66014009,66014011-66014011,66015002-66015002,66016002-66016002,66016010-66016010,66016013-66016013,66017003-66017017,66019019-66019020,66020004-66020004,66020010-66020010		[[27007003-27007023|Daniel 7:3-23]]; [[27008004-27008004|Daniel 8:4]]; [[66011007-66011007|Revelation 11:7]]; [[66013001-66013018|Revelation 13:1-18]]; [[66014009-66014011|Revelation 14:9,11]]; [[66015002-66015002|Revelation 15:2]]; [[66016002-66016013|Revelation 16:2,10,13]]; [[66017003-66017017|Revelation 17:3-17]]; [[66019019-66019020|Revelation 19:19-20]]; [[66020004-66020010|Revelation 20:4,10]]	Easton's Bible Dictionary	Worldly kingdoms and powers that set themselves against God and his people. Daniel is told that his four beasts "are four kings, which shall arise out of the earth" (Dan 7:17). In Revelation the beast from the sea makes war on the saints and demands worship, but is thrown into the lake of fire.
symbol	s-the-living-creatures	The living creatures	living creatures|living creature|beasts|creatures|beast|cherubim|cherubims|cherub|faces	0	26001005-26001025,26010001-26010022,66004006-66004009,66005006-66005014,66006001-66006007,66007011-66007011,66014003-66014003,66015007-66015007,66019004-66019004		[[26001005-26001025|Ezekiel 1:5-25]]; [[26010001-26010022|Ezekiel 10:1-22]]; [[66004006-66004009|Revelation 4:6-9]]; [[66005006-66005014|Revelation 5:6-14]]; [[66006001-66006007|Revelation 6:1-7]]; [[66007011-66007011|Revelation 7:11]]; [[66014003-66014003|Revelation 14:3]]; [[66015007-66015007|Revelation 15:7]]; [[66019004-66019004|Revelation 19:4]]	Easton's Bible Dictionary	Heavenly beings around God's throne, full of eyes, with the faces of a lion, an ox, a man and an eagle, crying "Holy, holy, holy". They show God's majesty and the worship of all creation. Since early times Christians have also linked the four faces with the four Gospels.
symbol	s-horns	Horns	horn|horns	0	9002001-9002001,9002010-9002010,19018002-19018002,19075004-19075005,19075010-19075010,19089017-19089017,19089024-19089024,19092010-19092010,19112009-19112009,19132017-19132017,27007007-27007008,27007011-27007011,27007020-27007024,27008003-27008022,38001018-38001021,42001069-42001069,66005006-66005006,66012003-66012003,66013001-66013001,66013011-66013011,66017003-66017003,66017007-66017007,66017012-66017012,66017016-66017016		[[9002001-9002010|1 Samuel 2:1,10]]; [[19018002-19018002|Psalms 18:2]]; [[19075004-19075010|Psalms 75:4-5,10]]; [[19089017-19089024|Psalms 89:17,24]]; [[19092010-19092010|Psalms 92:10]]; [[19112009-19112009|Psalms 112:9]]; [[19132017-19132017|Psalms 132:17]]; [[27007007-27007024|Daniel 7:7-8,11,20-24]]; [[27008003-27008022|Daniel 8:3-22]]; [[38001018-38001021|Zechariah 1:18-21]]; [[42001069-42001069|Luke 1:69]]; [[66005006-66005006|Revelation 5:6]]; [[66012003-66012003|Revelation 12:3]]; [[66013001-66013011|Revelation 13:1,11]]; [[66017003-66017016|Revelation 17:3,7,12,16]]	Easton's Bible Dictionary	Power and strength, like the horns of a strong animal; "the horn of salvation" is the strong Saviour God raised up (Luke 1:69). In Daniel and Revelation horns are kings: "the ten horns out of this kingdom are ten kings" (Dan 7:24). The Lamb's seven horns show his perfect power.
symbol	s-the-eagle	The eagle	eagle|eagles|eagle's|eagles'	0	2019004-2019004,5032011-5032011,19103005-19103005,23040031-23040031,26001010-26001010,26017003-26017003,26017007-26017007,27007004-27007004,66004007-66004007,66012014-66012014		[[2019004-2019004|Exodus 19:4]]; [[5032011-5032011|Deuteronomy 32:11]]; [[19103005-19103005|Psalms 103:5]]; [[23040031-23040031|Isaiah 40:31]]; [[26001010-26001010|Ezekiel 1:10]]; [[26017003-26017007|Ezekiel 17:3,7]]; [[27007004-27007004|Daniel 7:4]]; [[66004007-66004007|Revelation 4:7]]; [[66012014-66012014|Revelation 12:14]]	Easton's Bible Dictionary	God's care and strength: he carried Israel "on eagles' wings" out of Egypt, and those who wait on him "shall mount up with wings as eagles" (Isa 40:31). In Ezekiel 17 the eagles are great kings.
symbol	s-sheep	Sheep	sheep|flock|flocks|lambs|ewe	0	19023000-19023999,19074001-19074001,19079013-19079013,19095007-19095007,19100003-19100003,23040011-23040011,23053006-23053006,24023001-24023004,24050006-24050006,26034000-26034999,38013007-38013007,40009036-40009036,40010006-40010006,40010016-40010016,40015024-40015024,40018012-40018013,40025032-40025033,40026031-40026031,42015004-42015007,43010001-43010030,43021015-43021017,58013020-58013020,60002025-60002025,60005002-60005003		[[19023000-19023999|Psalms 23]]; [[19074001-19074001|Psalms 74:1]]; [[19079013-19079013|Psalms 79:13]]; [[19095007-19095007|Psalms 95:7]]; [[19100003-19100003|Psalms 100:3]]; [[23040011-23040011|Isaiah 40:11]]; [[23053006-23053006|Isaiah 53:6]]; [[24023001-24023004|Jeremiah 23:1-4]]; [[24050006-24050006|Jeremiah 50:6]]; [[26034000-26034999|Ezekiel 34]]; [[38013007-38013007|Zechariah 13:7]]; [[40009036-40009036|Matthew 9:36]]; [[40010006-40010016|Matthew 10:6,16]]; [[40015024-40015024|Matthew 15:24]]; [[40018012-40018013|Matthew 18:12-13]]; [[40025032-40025033|Matthew 25:32-33]]; [[40026031-40026031|Matthew 26:31]]; [[42015004-42015007|Luke 15:4-7]]; [[43010001-43010030|John 10:1-30]]; [[43021015-43021017|John 21:15-17]]; [[58013020-58013020|Hebrews 13:20]]; [[60002025-60002025|1 Peter 2:25]]; [[60005002-60005003|1 Peter 5:2-3]]	Easton's Bible Dictionary	God's people: needing a shepherd, prone to wander, cared for and led. "All we like sheep have gone astray" (Isa 53:6); "we are his people, and the sheep of his pasture" (Ps 100:3). At the judgment Christ separates the sheep (the righteous) from the goats.
symbol	s-the-shepherd	The shepherd	shepherd|shepherds|shepherd's|pastor|pastors	0	1049024-1049024,19023001-19023001,19080001-19080001,23040011-23040011,24023001-24023004,26034000-26034999,38011004-38011017,38013007-38013007,40026031-40026031,41014027-41014027,43010011-43010016,58013020-58013020,60002025-60002025,60005002-60005004,66007017-66007017		[[1049024-1049024|Genesis 49:24]]; [[19023001-19023001|Psalms 23:1]]; [[19080001-19080001|Psalms 80:1]]; [[23040011-23040011|Isaiah 40:11]]; [[24023001-24023004|Jeremiah 23:1-4]]; [[26034000-26034999|Ezekiel 34]]; [[38011004-38011017|Zechariah 11:4-17]]; [[38013007-38013007|Zechariah 13:7]]; [[40026031-40026031|Matthew 26:31]]; [[41014027-41014027|Mark 14:27]]; [[43010011-43010016|John 10:11-16]]; [[58013020-58013020|Hebrews 13:20]]; [[60002025-60002025|1 Peter 2:25]]; [[60005002-60005004|1 Peter 5:2-4]]; [[66007017-66007017|Revelation 7:17]]	Easton's Bible Dictionary	One who leads, feeds and protects God's people. "The Lord is my shepherd" (Ps 23:1). Kings and leaders were called shepherds, and the prophets condemned the bad ones. Jesus is "the good shepherd" who gives his life for the sheep (John 10:11), and church leaders are shepherds under him.
symbol	s-wolves	Wolves	wolf|wolves	0	23011006-23011006,23065025-23065025,26022027-26022027,36003003-36003003,40007015-40007015,40010016-40010016,42010003-42010003,43010012-43010012,44020029-44020029		[[23011006-23011006|Isaiah 11:6]]; [[23065025-23065025|Isaiah 65:25]]; [[26022027-26022027|Ezekiel 22:27]]; [[36003003-36003003|Zephaniah 3:3]]; [[40007015-40007015|Matthew 7:15]]; [[40010016-40010016|Matthew 10:16]]; [[42010003-42010003|Luke 10:3]]; [[43010012-43010012|John 10:12]]; [[44020029-44020029|Acts 20:29]]	Easton's Bible Dictionary	False teachers and the enemies of God's people, who come to tear the flock: "false prophets, which come to you in sheep's clothing, but inwardly they are ravening wolves" (Matt 7:15). In Isaiah the wolf living with the lamb pictures the peace of God's coming kingdom.
symbol	s-fishers-of-men	Fishers of men	fishers|fishers of men|fish|fishes|net|nets|catch men	0	24016016-24016016,40004019-40004019,41001017-41001017,42005010-42005010,40013047-40013050,43021006-43021011		[[24016016-24016016|Jeremiah 16:16]]; [[40004019-40004019|Matthew 4:19]]; [[41001017-41001017|Mark 1:17]]; [[42005010-42005010|Luke 5:10]]; [[40013047-40013050|Matthew 13:47-50]]; [[43021006-43021011|John 21:6-11]]	Easton's Bible Dictionary	Jesus called fishermen to become "fishers of men" (Matt 4:19), gathering people into God's kingdom. In the parable of the net, the catch of good and bad fish pictures the final judgment.
symbol	s-locusts	Locusts	locust|locusts|cankerworm|palmerworm|caterpillar|grasshoppers	0	29001004-29001004,29002001-29002011,29002025-29002025,30007001-30007001,34003015-34003017,66009003-66009011		[[29001004-29001004|Joel 1:4]]; [[29002001-29002025|Joel 2:1-11,25]]; [[30007001-30007001|Amos 7:1]]; [[34003015-34003017|Nahum 3:15-17]]; [[66009003-66009011|Revelation 9:3-11]]	Easton's Bible Dictionary	Swarms of locusts that strip the land bare stand for God's judgment and invading armies; Joel describes an army like locusts. God promises, "I will restore to you the years that the locust hath eaten" (Joel 2:25).
symbol	s-the-horses-and-their-riders	The horses and their riders	horse|horses|horseman|horsemen|rider|riders|red horse|white horse|black horse|pale horse	0	38001008-38001011,38006001-38006008,66006002-66006008,66009016-66009019,66019011-66019021		[[38001008-38001011|Zechariah 1:8-11]]; [[38006001-38006008|Zechariah 6:1-8]]; [[66006002-66006008|Revelation 6:2-8]]; [[66009016-66009019|Revelation 9:16-19]]; [[66019011-66019021|Revelation 19:11-21]]	Easton's Bible Dictionary	In Zechariah horses of different colours are God's messengers patrolling the earth. In Revelation 6 four riders bring conquest (white), war (red), famine (black) and death (pale). In Revelation 19 Christ himself rides a white horse, "Faithful and True", to judge and make war in righteousness.
symbol	s-the-vine	The vine	vine|vines|vineyard|vineyards|branch|branches|husbandman|vinedresser	0	19080008-19080016,23005001-23005007,23027002-23027006,24002021-24002021,26015000-26015999,26019010-26019014,28010001-28010001,40021028-40021043,41012001-41012012,42013006-42013009,42020009-42020016,43015001-43015008		[[19080008-19080016|Psalms 80:8-16]]; [[23005001-23005007|Isaiah 5:1-7]]; [[23027002-23027006|Isaiah 27:2-6]]; [[24002021-24002021|Jeremiah 2:21]]; [[26015000-26015999|Ezekiel 15]]; [[26019010-26019014|Ezekiel 19:10-14]]; [[28010001-28010001|Hosea 10:1]]; [[40021028-40021043|Matthew 21:28-43]]; [[41012001-41012012|Mark 12:1-12]]; [[42013006-42013009|Luke 13:6-9]]; [[42020009-42020016|Luke 20:9-16]]; [[43015001-43015008|John 15:1-8]]	Easton's Bible Dictionary	God's people. Israel was the vine God planted and cared for, which should have borne good fruit: "the vineyard of the Lord of hosts is the house of Israel" (Isa 5:7). Jesus said, "I am the true vine, ye are the branches" (John 15:5): life and fruit come only from staying joined to him.
symbol	s-the-branch	The Branch	branch|shoot|rod|stem|sprout|root|offshoot|twig	0	23004002-23004002,23011001-23011001,23011010-23011010,23053002-23053002,24023005-24023005,24033015-24033015,26017022-26017023,38003008-38003008,38006012-38006012,45015012-45015012,66005005-66005005,66022016-66022016		[[23004002-23004002|Isaiah 4:2]]; [[23011001-23011010|Isaiah 11:1,10]]; [[23053002-23053002|Isaiah 53:2]]; [[24023005-24023005|Jeremiah 23:5]]; [[24033015-24033015|Jeremiah 33:15]]; [[26017022-26017023|Ezekiel 17:22-23]]; [[38003008-38003008|Zechariah 3:8]]; [[38006012-38006012|Zechariah 6:12]]; [[45015012-45015012|Romans 15:12]]; [[66005005-66005005|Revelation 5:5]]; [[66022016-66022016|Revelation 22:16]]	Easton's Bible Dictionary	A title of the Messiah: a new shoot growing from the cut-down stump of Jesse, David's father. "I will raise unto David a righteous Branch, and a King shall reign" (Jer 23:5). The New Testament sees it fulfilled in Jesus, "the root and the offspring of David" (Rev 22:16).
symbol	s-the-fig-tree	The fig tree	fig tree|fig trees|fig|figs	0	24008013-24008013,24024001-24024010,28009010-28009010,29001007-29001007,33004004-33004004,40021019-40021021,40024032-40024033,41011013-41011014,41011020-41011021,41013028-41013029,42013006-42013009,42021029-42021031		[[24008013-24008013|Jeremiah 8:13]]; [[24024001-24024010|Jeremiah 24:1-10]]; [[28009010-28009010|Hosea 9:10]]; [[29001007-29001007|Joel 1:7]]; [[33004004-33004004|Micah 4:4]]; [[40021019-40021021|Matthew 21:19-21]]; [[40024032-40024033|Matthew 24:32-33]]; [[41011013-41011021|Mark 11:13-14,20-21]]; [[41013028-41013029|Mark 13:28-29]]; [[42013006-42013009|Luke 13:6-9]]; [[42021029-42021031|Luke 21:29-31]]	Easton's Bible Dictionary	Israel, expected to bear fruit for God. Jesus cursed a fig tree full of leaves but with no fruit, a picture of religion with no true faith, and told the parable of the barren fig tree given one more year. "Every man under his fig tree" pictures peace and plenty (Mic 4:4).
symbol	s-the-olive-tree	The olive tree	olive tree|olive trees|olive|olives|wild olive	0	19052008-19052008,19128003-19128003,24011016-24011016,28014006-28014006,38004003-38004003,38004011-38004014,45011016-45011024,66011004-66011004		[[19052008-19052008|Psalms 52:8]]; [[19128003-19128003|Psalms 128:3]]; [[24011016-24011016|Jeremiah 11:16]]; [[28014006-28014006|Hosea 14:6]]; [[38004003-38004014|Zechariah 4:3,11-14]]; [[45011016-45011024|Romans 11:16-24]]; [[66011004-66011004|Revelation 11:4]]	Easton's Bible Dictionary	God's people, rich and fruitful: "I am like a green olive tree in the house of God" (Ps 52:8). Paul pictures Israel as a cultivated olive tree into which Gentile believers, wild branches, have been grafted. In Zechariah and Revelation two olive trees supply oil: God's anointed witnesses.
symbol	s-the-cedar	The cedar	cedar|cedars|cedar of lebanon|cedars of lebanon	0	19092012-19092012,23002013-23002013,26017003-26017003,26017022-26017023,26031003-26031018,30002009-30002009		[[19092012-19092012|Psalms 92:12]]; [[23002013-23002013|Isaiah 2:13]]; [[26017003-26017023|Ezekiel 17:3,22-23]]; [[26031003-26031018|Ezekiel 31:3-18]]; [[30002009-30002009|Amos 2:9]]	Easton's Bible Dictionary	The tall, strong cedars of Lebanon stand for greatness and lasting strength: "the righteous shall grow like a cedar in Lebanon" (Ps 92:12). Proud nations are pictured as cedars God brings down.
symbol	s-the-mustard-seed	The mustard seed	mustard seed|grain of mustard seed|mustard|seed	0	40013031-40013032,40017020-40017020,41004030-41004032,42013018-42013019,42017006-42017006		[[40013031-40013032|Matthew 13:31-32]]; [[40017020-40017020|Matthew 17:20]]; [[41004030-41004032|Mark 4:30-32]]; [[42013018-42013019|Luke 13:18-19]]; [[42017006-42017006|Luke 17:6]]	Easton's Bible Dictionary	The tiniest of seeds that grows into a great plant: God's kingdom, small in its beginning, grows to fill the world. Faith as small as a mustard seed, trusting a great God, can move mountains.
symbol	s-seed	Seed	seed|seeds|sower|soweth|sow|sowed|sown	0	1003015-1003015,1022018-1022018,41004003-41004020,40013003-40013023,42008005-42008015,43012024-43012024,46015036-46015044,48003016-48003016,60001023-60001023		[[1003015-1003015|Genesis 3:15]]; [[1022018-1022018|Genesis 22:18]]; [[41004003-41004020|Mark 4:3-20]]; [[40013003-40013023|Matthew 13:3-23]]; [[42008005-42008015|Luke 8:5-15]]; [[43012024-43012024|John 12:24]]; [[46015036-46015044|1 Corinthians 15:36-44]]; [[48003016-48003016|Galatians 3:16]]; [[60001023-60001023|1 Peter 1:23]]	Easton's Bible Dictionary	In the parable of the sower, "the seed is the word of God" (Luke 8:11), received differently by different hearts. A grain of wheat dying to bear much fruit pictures Jesus' death and our resurrection. The promised "seed" of the woman and of Abraham is Christ (Gal 3:16).
symbol	s-wheat-and-chaff	Wheat and chaff	wheat|chaff|tares|weeds|darnel|stubble	0	19001004-19001004,19035005-19035005,23017013-23017013,28013003-28013003,39004001-39004001,40003012-40003012,40013024-40013030,40013036-40013043,42003017-42003017,42022031-42022031		[[19001004-19001004|Psalms 1:4]]; [[19035005-19035005|Psalms 35:5]]; [[23017013-23017013|Isaiah 17:13]]; [[28013003-28013003|Hosea 13:3]]; [[39004001-39004001|Malachi 4:1]]; [[40003012-40003012|Matthew 3:12]]; [[40013024-40013043|Matthew 13:24-30,36-43]]; [[42003017-42003017|Luke 3:17]]; [[42022031-42022031|Luke 22:31]]	Easton's Bible Dictionary	The righteous and the wicked, growing together until the harvest, when they are separated. Chaff, light and worthless, blows away: "the ungodly are not so: but are like the chaff which the wind driveth away" (Ps 1:4).
symbol	s-thorns	Thorns	thorns|thorn|thistles|briers|brambles|thornbushes	0	1003018-1003018,23005006-23005006,23055013-23055013,40007016-40007016,40013007-40013007,40013022-40013022,40027029-40027029,41015017-41015017,43019002-43019002,43019005-43019005,47012007-47012007,58006008-58006008		[[1003018-1003018|Genesis 3:18]]; [[23005006-23005006|Isaiah 5:6]]; [[23055013-23055013|Isaiah 55:13]]; [[40007016-40007016|Matthew 7:16]]; [[40013007-40013022|Matthew 13:7,22]]; [[40027029-40027029|Matthew 27:29]]; [[41015017-41015017|Mark 15:17]]; [[43019002-43019005|John 19:2,5]]; [[47012007-47012007|2 Corinthians 12:7]]; [[58006008-58006008|Hebrews 6:8]]	Easton's Bible Dictionary	The curse of sin on the ground (Gen 3:18) and the worries and riches that choke God's word (Matt 13:22). Jesus wore a crown of thorns, bearing the curse; Paul's "thorn in the flesh" was a painful trial that taught him God's grace is enough.
symbol	s-grass-and-flowers	Grass and flowers	grass|flower|flowers|flower of the field	0	19037002-19037002,19090005-19090006,19103015-19103016,23040006-23040008,40006028-40006030,59001010-59001011,60001024-60001025		[[19037002-19037002|Psalms 37:2]]; [[19090005-19090006|Psalms 90:5-6]]; [[19103015-19103016|Psalms 103:15-16]]; [[23040006-23040008|Isaiah 40:6-8]]; [[40006028-40006030|Matthew 6:28-30]]; [[59001010-59001011|James 1:10-11]]; [[60001024-60001025|1 Peter 1:24-25]]	Easton's Bible Dictionary	How short human life is: "All flesh is grass... The grass withereth, the flower fadeth: but the word of our God shall stand for ever" (Isa 40:6-8).
symbol	s-the-tree-of-life	The tree of life	tree of life|tree	0	1002009-1002009,1003022-1003022,1003024-1003024,20003018-20003018,20011030-20011030,20013012-20013012,20015004-20015004,66002007-66002007,66022002-66022002,66022014-66022014,66022019-66022019		[[1002009-1002009|Genesis 2:9]]; [[1003022-1003024|Genesis 3:22,24]]; [[20003018-20003018|Proverbs 3:18]]; [[20011030-20011030|Proverbs 11:30]]; [[20013012-20013012|Proverbs 13:12]]; [[20015004-20015004|Proverbs 15:4]]; [[66002007-66002007|Revelation 2:7]]; [[66022002-66022019|Revelation 22:2,14,19]]	Easton's Bible Dictionary	The tree in Eden whose fruit gave everlasting life, closed to Adam and Eve after the fall. It appears again in the new Jerusalem, open to all who are washed and made clean, "for the healing of the nations" (Rev 22:2): eternal life restored.
symbol	s-a-tree-by-the-water	A tree by the water	tree|trees|planted	0	19001003-19001003,24017007-24017008,26047012-26047012		[[19001003-19001003|Psalms 1:3]]; [[24017007-24017008|Jeremiah 17:7-8]]; [[26047012-26047012|Ezekiel 47:12]]	Easton's Bible Dictionary	The person who delights in God's word and trusts in him is "like a tree planted by the rivers of water, that bringeth forth his fruit in his season" (Ps 1:3): steady, fruitful and green even in drought.
symbol	s-hyssop	Hyssop	hyssop	0	2012022-2012022,3014004-3014006,3014049-3014052,4019006-4019006,4019018-4019018,19051007-19051007,43019029-43019029,58009019-58009019		[[2012022-2012022|Exodus 12:22]]; [[3014004-3014052|Leviticus 14:4-6,49-52]]; [[4019006-4019018|Numbers 19:6,18]]; [[19051007-19051007|Psalms 51:7]]; [[43019029-43019029|John 19:29]]; [[58009019-58009019|Hebrews 9:19]]	Easton's Bible Dictionary	A small bushy plant used to sprinkle blood or water in cleansing rites, as on the doorposts at Passover. David prayed, "Purge me with hyssop, and I shall be clean" (Ps 51:7). Jesus was offered sour wine on a hyssop branch at the cross.
symbol	s-the-rod-and-the-sceptre	The rod and the sceptre	rod|staff|sceptre|scepter|rod of iron|iron rod	0	1049010-1049010,4017001-4017010,4024017-4024017,19002009-19002009,19023004-19023004,19045006-19045006,19110002-19110002,23011004-23011004,58001008-58001008,58009004-58009004,66002027-66002027,66012005-66012005,66019015-66019015		[[1049010-1049010|Genesis 49:10]]; [[4017001-4017010|Numbers 17:1-10]]; [[4024017-4024017|Numbers 24:17]]; [[19002009-19002009|Psalms 2:9]]; [[19023004-19023004|Psalms 23:4]]; [[19045006-19045006|Psalms 45:6]]; [[19110002-19110002|Psalms 110:2]]; [[23011004-23011004|Isaiah 11:4]]; [[58001008-58001008|Hebrews 1:8]]; [[58009004-58009004|Hebrews 9:4]]; [[66002027-66002027|Revelation 2:27]]; [[66012005-66012005|Revelation 12:5]]; [[66019015-66019015|Revelation 19:15]]	Easton's Bible Dictionary	Authority and rule. "The sceptre shall not depart from Judah" (Gen 49:10) promises a lasting king; the Messiah rules the nations "with a rod of iron" (Ps 2:9). Aaron's rod that budded showed God's chosen priest. The shepherd's rod and staff in Psalm 23 mean protection and guidance.
symbol	s-bread	Bread	bread|loaf|loaves|bread of life|living bread	0	5008003-5008003,40004004-40004004,40026026-40026026,41014022-41014022,42022019-42022019,42024030-42024035,43006032-43006058,44002042-44002042,46010016-46010017,46011023-46011027		[[5008003-5008003|Deuteronomy 8:3]]; [[40004004-40004004|Matthew 4:4]]; [[40026026-40026026|Matthew 26:26]]; [[41014022-41014022|Mark 14:22]]; [[42022019-42022019|Luke 22:19]]; [[42024030-42024035|Luke 24:30-35]]; [[43006032-43006058|John 6:32-58]]; [[44002042-44002042|Acts 2:42]]; [[46010016-46010017|1 Corinthians 10:16-17]]; [[46011023-46011027|1 Corinthians 11:23-27]]	Easton's Bible Dictionary	What gives and sustains life. "Man shall not live by bread alone, but by every word that proceedeth out of the mouth of God" (Matt 4:4). Jesus said, "I am the bread of life" (John 6:35); at the Last Supper the broken bread stood for his body given for us.
symbol	s-manna	Manna	manna|bread from heaven|bread of heaven|hidden manna	0	2016004-2016004,2016014-2016035,4011006-4011009,5008003-5008003,5008016-5008016,16009015-16009015,16009020-16009020,19078024-19078025,43006031-43006035,43006048-43006051,43006058-43006058,58009004-58009004,66002017-66002017		[[2016004-2016035|Exodus 16:4,14-35]]; [[4011006-4011009|Numbers 11:6-9]]; [[5008003-5008016|Deuteronomy 8:3,16]]; [[16009015-16009020|Nehemiah 9:15,20]]; [[19078024-19078025|Psalms 78:24-25]]; [[43006031-43006058|John 6:31-35,48-51,58]]; [[58009004-58009004|Hebrews 9:4]]; [[66002017-66002017|Revelation 2:17]]	Easton's Bible Dictionary	The bread God sent from heaven each morning to feed Israel in the wilderness for forty years. Jesus said he is the true bread from heaven: "your fathers did eat manna in the wilderness, and are dead... if any man eat of this bread, he shall live for ever" (John 6:49-51).
symbol	s-the-cup	The cup	cup|cups	0	19011006-19011006,19016005-19016005,19023005-19023005,19075008-19075008,19116013-19116013,23051017-23051017,23051022-23051022,24025015-24025028,40020022-40020023,40026027-40026029,40026039-40026039,40026042-40026042,41010038-41010039,41014023-41014024,41014036-41014036,42022017-42022020,42022042-42022042,43018011-43018011,46010016-46010016,46010021-46010021,46011025-46011027,66014010-66014010,66016019-66016019,66017004-66017004,66018006-66018006		[[19011006-19011006|Psalms 11:6]]; [[19016005-19016005|Psalms 16:5]]; [[19023005-19023005|Psalms 23:5]]; [[19075008-19075008|Psalms 75:8]]; [[19116013-19116013|Psalms 116:13]]; [[23051017-23051022|Isaiah 51:17,22]]; [[24025015-24025028|Jeremiah 25:15-28]]; [[40020022-40020023|Matthew 20:22-23]]; [[40026027-40026042|Matthew 26:27-29,39,42]]; [[41010038-41010039|Mark 10:38-39]]; [[41014023-41014036|Mark 14:23-24,36]]; [[42022017-42022042|Luke 22:17-20,42]]; [[43018011-43018011|John 18:11]]; [[46010016-46010021|1 Corinthians 10:16,21]]; [[46011025-46011027|1 Corinthians 11:25-27]]; [[66014010-66014010|Revelation 14:10]]; [[66016019-66016019|Revelation 16:19]]; [[66017004-66017004|Revelation 17:4]]; [[66018006-66018006|Revelation 18:6]]	Easton's Bible Dictionary	A person's portion or lot from God: a cup of blessing and salvation, or the cup of God's wrath against sin. In Gethsemane Jesus prayed that "this cup" might pass from him, yet drank it for us. At the Last Supper the cup of wine is "the new testament in my blood".
symbol	s-wine	Wine	wine|new wine	0	19104015-19104015,20009002-20009002,20009005-20009005,23025006-23025006,23055001-23055001,30009013-30009013,29003018-29003018,40009017-40009017,43002001-43002011,66014008-66014008,66014010-66014010,66016019-66016019,66017002-66017002,66018003-66018003		[[19104015-19104015|Psalms 104:15]]; [[20009002-20009005|Proverbs 9:2,5]]; [[23025006-23025006|Isaiah 25:6]]; [[23055001-23055001|Isaiah 55:1]]; [[30009013-30009013|Amos 9:13]]; [[29003018-29003018|Joel 3:18]]; [[40009017-40009017|Matthew 9:17]]; [[43002001-43002011|John 2:1-11]]; [[66014008-66014010|Revelation 14:8,10]]; [[66016019-66016019|Revelation 16:19]]; [[66017002-66017002|Revelation 17:2]]; [[66018003-66018003|Revelation 18:3]]	Easton's Bible Dictionary	Joy and blessing: the coming kingdom is a feast "of wines on the lees" (Isa 25:6), and Jesus' first sign turned water into the best wine. New wine pictures the new life he brings. In Revelation Babylon makes the nations drunk with the wine of her immorality, and the wicked drink the wine of God's wrath.
symbol	s-water	Water	water|waters|living water|fountain|fountains|river|rivers|springs|wells	0	19001003-19001003,19023002-19023002,19042001-19042001,19046004-19046004,23012003-23012003,23044003-23044003,23055001-23055001,24002013-24002013,24017013-24017013,26036025-26036025,26047001-26047012,38014008-38014008,43003005-43003005,43004010-43004015,43007037-43007039,49005026-49005026,56003005-56003005,66007017-66007017,66021006-66021006,66022001-66022001,66022017-66022017		[[19001003-19001003|Psalms 1:3]]; [[19023002-19023002|Psalms 23:2]]; [[19042001-19042001|Psalms 42:1]]; [[19046004-19046004|Psalms 46:4]]; [[23012003-23012003|Isaiah 12:3]]; [[23044003-23044003|Isaiah 44:3]]; [[23055001-23055001|Isaiah 55:1]]; [[24002013-24002013|Jeremiah 2:13]]; [[24017013-24017013|Jeremiah 17:13]]; [[26036025-26036025|Ezekiel 36:25]]; [[26047001-26047012|Ezekiel 47:1-12]]; [[38014008-38014008|Zechariah 14:8]]; [[43003005-43003005|John 3:5]]; [[43004010-43004015|John 4:10-15]]; [[43007037-43007039|John 7:37-39]]; [[49005026-49005026|Ephesians 5:26]]; [[56003005-56003005|Titus 3:5]]; [[66007017-66007017|Revelation 7:17]]; [[66021006-66021006|Revelation 21:6]]; [[66022001-66022017|Revelation 22:1,17]]	Easton's Bible Dictionary	Life, cleansing and the Holy Spirit. God is "the fountain of living waters" (Jer 2:13); Jesus offers living water that becomes "a well of water springing up into everlasting life" (John 4:14), which John explains is the Spirit (John 7:39). The river of life flows from God's throne in the new creation.
symbol	s-light	Light	light|lights|lamp|shine|shineth|shined	0	1001003-1001003,19027001-19027001,19036009-19036009,19119105-19119105,19119130-19119130,23009002-23009002,23042006-23042006,23049006-23049006,23060001-23060003,23060019-23060020,40004016-40004016,40005014-40005016,42002032-42002032,43001004-43001009,43003019-43003021,43008012-43008012,43009005-43009005,43012035-43012036,43012046-43012046,44026018-44026018,47004006-47004006,49005008-49005014,51001012-51001012,60002009-60002009,62001005-62001007,62002008-62002010,66021023-66021024,66022005-66022005		[[1001003-1001003|Genesis 1:3]]; [[19027001-19027001|Psalms 27:1]]; [[19036009-19036009|Psalms 36:9]]; [[19119105-19119130|Psalms 119:105,130]]; [[23009002-23009002|Isaiah 9:2]]; [[23042006-23042006|Isaiah 42:6]]; [[23049006-23049006|Isaiah 49:6]]; [[23060001-23060020|Isaiah 60:1-3,19-20]]; [[40004016-40004016|Matthew 4:16]]; [[40005014-40005016|Matthew 5:14-16]]; [[42002032-42002032|Luke 2:32]]; [[43001004-43001009|John 1:4-9]]; [[43003019-43003021|John 3:19-21]]; [[43008012-43008012|John 8:12]]; [[43009005-43009005|John 9:5]]; [[43012035-43012046|John 12:35-36,46]]; [[44026018-44026018|Acts 26:18]]; [[47004006-47004006|2 Corinthians 4:6]]; [[49005008-49005014|Ephesians 5:8-14]]; [[51001012-51001012|Colossians 1:12]]; [[60002009-60002009|1 Peter 2:9]]; [[62001005-62001007|1 John 1:5-7]]; [[62002008-62002010|1 John 2:8-10]]; [[66021023-66021024|Revelation 21:23-24]]; [[66022005-66022005|Revelation 22:5]]	Easton's Bible Dictionary	God's presence, truth, holiness and life. "God is light, and in him is no darkness at all" (1 John 1:5). Jesus is "the light of the world" (John 8:12), and his people are to shine as lights. God's word is "a lamp unto my feet, and a light unto my path".
symbol	s-darkness	Darkness	darkness|dark|night|shadow of death|outer darkness	0	23009002-23009002,23060002-23060002,40004016-40004016,40006023-40006023,40008012-40008012,40022013-40022013,40025030-40025030,43001005-43001005,43003019-43003019,43008012-43008012,43012035-43012035,43012046-43012046,44026018-44026018,45013012-45013012,49005008-49005008,49005011-49005011,49006012-49006012,51001013-51001013,52005004-52005005,60002009-60002009,62001005-62001006,62002008-62002011		[[23009002-23009002|Isaiah 9:2]]; [[23060002-23060002|Isaiah 60:2]]; [[40004016-40004016|Matthew 4:16]]; [[40006023-40006023|Matthew 6:23]]; [[40008012-40008012|Matthew 8:12]]; [[40022013-40022013|Matthew 22:13]]; [[40025030-40025030|Matthew 25:30]]; [[43001005-43001005|John 1:5]]; [[43003019-43003019|John 3:19]]; [[43008012-43008012|John 8:12]]; [[43012035-43012046|John 12:35,46]]; [[44026018-44026018|Acts 26:18]]; [[45013012-45013012|Romans 13:12]]; [[49005008-49005011|Ephesians 5:8,11]]; [[49006012-49006012|Ephesians 6:12]]; [[51001013-51001013|Colossians 1:13]]; [[52005004-52005005|1 Thessalonians 5:4-5]]; [[60002009-60002009|1 Peter 2:9]]; [[62001005-62001006|1 John 1:5-6]]; [[62002008-62002011|1 John 2:8-11]]	Easton's Bible Dictionary	Sin, ignorance and evil, and the realm of Satan from which God rescues his people: "who hath delivered us from the power of darkness" (Col 1:13). "Outer darkness" is the final separation from God.
symbol	s-the-lamp	The lamp	lamp|lamps|candle|candles	0	10022029-10022029,19018028-19018028,19119105-19119105,20006023-20006023,20013009-20013009,20020027-20020027,40005015-40005015,40006022-40006022,40025001-40025010,41004021-41004021,42008016-42008016,42011033-42011036,42012035-42012035,66021023-66021023		[[10022029-10022029|2 Samuel 22:29]]; [[19018028-19018028|Psalms 18:28]]; [[19119105-19119105|Psalms 119:105]]; [[20006023-20006023|Proverbs 6:23]]; [[20013009-20013009|Proverbs 13:9]]; [[20020027-20020027|Proverbs 20:27]]; [[40005015-40005015|Matthew 5:15]]; [[40006022-40006022|Matthew 6:22]]; [[40025001-40025010|Matthew 25:1-10]]; [[41004021-41004021|Mark 4:21]]; [[42008016-42008016|Luke 8:16]]; [[42011033-42011036|Luke 11:33-36]]; [[42012035-42012035|Luke 12:35]]; [[66021023-66021023|Revelation 21:23]]	Easton's Bible Dictionary	God's word giving guidance ("a lamp unto my feet", Ps 119:105), the life of the righteous, and the witness of believers, not to be hidden under a basket. The wise virgins' lamps with oil picture being ready for Christ's coming.
symbol	s-the-lampstands	The lampstands	lampstand|lampstands|candlestick|candlesticks	0	38004002-38004002,38004011-38004011,66001012-66001013,66001020-66001020,66002001-66002001,66002005-66002005,66011004-66011004		[[38004002-38004011|Zechariah 4:2,11]]; [[66001012-66001020|Revelation 1:12-13,20]]; [[66002001-66002005|Revelation 2:1,5]]; [[66011004-66011004|Revelation 11:4]]	Easton's Bible Dictionary	In Revelation the Bible explains it: "the seven candlesticks which thou sawest are the seven churches" (Rev 1:20). The church holds out the light of Christ, who walks among the lampstands; a church that loses its first love may have its lampstand removed.
symbol	s-salt	Salt	salt|salted|salty|savour|saltiness	0	3002013-3002013,4018019-4018019,14013005-14013005,40005013-40005013,41009049-41009050,42014034-42014035,51004006-51004006		[[3002013-3002013|Leviticus 2:13]]; [[4018019-4018019|Numbers 18:19]]; [[14013005-14013005|2 Chronicles 13:5]]; [[40005013-40005013|Matthew 5:13]]; [[41009049-41009050|Mark 9:49-50]]; [[42014034-42014035|Luke 14:34-35]]; [[51004006-51004006|Colossians 4:6]]	Easton's Bible Dictionary	Salt preserves and flavours. Jesus called his disciples "the salt of the earth" (Matt 5:13), a good influence in a decaying world. A "covenant of salt" is a lasting, unbreakable covenant; Christians' speech should be "seasoned with salt" (Col 4:6).
symbol	s-leaven-yeast	Leaven (yeast)	leaven|leavened|leaveneth|yeast	0	2012015-2012020,40013033-40013033,40016006-40016012,41008015-41008015,42012001-42012001,42013020-42013021,46005006-46005008,48005009-48005009		[[2012015-2012020|Exodus 12:15-20]]; [[40013033-40013033|Matthew 13:33]]; [[40016006-40016012|Matthew 16:6-12]]; [[41008015-41008015|Mark 8:15]]; [[42012001-42012001|Luke 12:1]]; [[42013020-42013021|Luke 13:20-21]]; [[46005006-46005008|1 Corinthians 5:6-8]]; [[48005009-48005009|Galatians 5:9]]	Easton's Bible Dictionary	A little leaven spreads through the whole lump of dough. Most often it pictures sin and false teaching that spread: "beware of the leaven of the Pharisees, which is hypocrisy" (Luke 12:1). In one parable it shows the hidden growth of God's kingdom (Matt 13:33).
symbol	s-oil	Oil	oil|ointment|oil of gladness|oil of joy|anointing	0	19023005-19023005,19045007-19045007,19133002-19133002,23061001-23061003,38004011-38004014,40025003-40025008,58001009-58001009,59005014-59005014,62002020-62002020,62002027-62002027		[[19023005-19023005|Psalms 23:5]]; [[19045007-19045007|Psalms 45:7]]; [[19133002-19133002|Psalms 133:2]]; [[23061001-23061003|Isaiah 61:1-3]]; [[38004011-38004014|Zechariah 4:11-14]]; [[40025003-40025008|Matthew 25:3-8]]; [[58001009-58001009|Hebrews 1:9]]; [[59005014-59005014|James 5:14]]; [[62002020-62002027|1 John 2:20,27]]	Easton's Bible Dictionary	The Holy Spirit and God's blessing and joy. Kings and priests were anointed with oil when God's Spirit came on them for their work; Christ was anointed "with the oil of gladness" (Heb 1:9). Believers too have "an unction from the Holy One" (1 John 2:20).
symbol	s-blood	Blood	blood	0	1004010-1004010,2012007-2012007,2012013-2012013,2012022-2012023,2024006-2024008,3017011-3017011,40026028-40026028,41014024-41014024,42022020-42022020,43006053-43006056,44020028-44020028,45003025-45003025,45005009-45005009,49001007-49001007,49002013-49002013,51001020-51001020,58009012-58009022,58010019-58010019,58012024-58012024,58013012-58013012,58013020-58013020,60001002-60001002,60001019-60001019,62001007-62001007,66001005-66001005,66005009-66005009,66007014-66007014,66012011-66012011		[[1004010-1004010|Genesis 4:10]]; [[2012007-2012023|Exodus 12:7,13,22-23]]; [[2024006-2024008|Exodus 24:6-8]]; [[3017011-3017011|Leviticus 17:11]]; [[40026028-40026028|Matthew 26:28]]; [[41014024-41014024|Mark 14:24]]; [[42022020-42022020|Luke 22:20]]; [[43006053-43006056|John 6:53-56]]; [[44020028-44020028|Acts 20:28]]; [[45003025-45003025|Romans 3:25]]; [[45005009-45005009|Romans 5:9]]; [[49001007-49001007|Ephesians 1:7]]; [[49002013-49002013|Ephesians 2:13]]; [[51001020-51001020|Colossians 1:20]]; [[58009012-58009022|Hebrews 9:12-22]]; [[58010019-58010019|Hebrews 10:19]]; [[58012024-58012024|Hebrews 12:24]]; [[58013012-58013020|Hebrews 13:12,20]]; [[60001002-60001019|1 Peter 1:2,19]]; [[62001007-62001007|1 John 1:7]]; [[66001005-66001005|Revelation 1:5]]; [[66005009-66005009|Revelation 5:9]]; [[66007014-66007014|Revelation 7:14]]; [[66012011-66012011|Revelation 12:11]]	Easton's Bible Dictionary	Life given in death. "The life of the flesh is in the blood... it is the blood that maketh an atonement for the soul" (Lev 17:11). The blood of the Passover lamb saved Israel; the blood of Christ, shed on the cross, cleanses from all sin and seals the new covenant.
symbol	s-fire	Fire	fire|flame|flames|fiery|flaming|burning	0	2003002-2003002,2013021-2013021,2019018-2019018,5004024-5004024,23006006-23006007,24023029-24023029,39003002-39003003,40003011-40003012,42003016-42003016,44002003-44002003,46003013-46003015,58012029-58012029,60001007-60001007,66001014-66001014,66019012-66019012,66020010-66020010,66020014-66020015,40025041-40025041,41009043-41009048		[[2003002-2003002|Exodus 3:2]]; [[2013021-2013021|Exodus 13:21]]; [[2019018-2019018|Exodus 19:18]]; [[5004024-5004024|Deuteronomy 4:24]]; [[23006006-23006007|Isaiah 6:6-7]]; [[24023029-24023029|Jeremiah 23:29]]; [[39003002-39003003|Malachi 3:2-3]]; [[40003011-40003012|Matthew 3:11-12]]; [[42003016-42003016|Luke 3:16]]; [[44002003-44002003|Acts 2:3]]; [[46003013-46003015|1 Corinthians 3:13-15]]; [[58012029-58012029|Hebrews 12:29]]; [[60001007-60001007|1 Peter 1:7]]; [[66001014-66001014|Revelation 1:14]]; [[66019012-66019012|Revelation 19:12]]; [[66020010-66020015|Revelation 20:10,14-15]]; [[40025041-40025041|Matthew 25:41]]; [[41009043-41009048|Mark 9:43-48]]	Easton's Bible Dictionary	God's holy presence ("our God is a consuming fire", Heb 12:29), his purifying work, like a refiner's fire, and his judgment on sin. The Holy Spirit came at Pentecost as tongues of fire.
symbol	s-the-cloud	The cloud	cloud|clouds|pillar of cloud|cloudy pillar	0	2013021-2013022,2014019-2014024,2016010-2016010,2019009-2019009,2019016-2019016,2024015-2024018,2033009-2033010,2040034-2040038,11008010-11008011,27007013-27007013,40017005-40017005,40024030-40024030,40026064-40026064,41009007-41009007,42009034-42009035,44001009-44001011,52004017-52004017,66001007-66001007,66014014-66014014		[[2013021-2013022|Exodus 13:21-22]]; [[2014019-2014024|Exodus 14:19-24]]; [[2016010-2016010|Exodus 16:10]]; [[2019009-2019016|Exodus 19:9,16]]; [[2024015-2024018|Exodus 24:15-18]]; [[2033009-2033010|Exodus 33:9-10]]; [[2040034-2040038|Exodus 40:34-38]]; [[11008010-11008011|1 Kings 8:10-11]]; [[27007013-27007013|Daniel 7:13]]; [[40017005-40017005|Matthew 17:5]]; [[40024030-40024030|Matthew 24:30]]; [[40026064-40026064|Matthew 26:64]]; [[41009007-41009007|Mark 9:7]]; [[42009034-42009035|Luke 9:34-35]]; [[44001009-44001011|Acts 1:9-11]]; [[52004017-52004017|1 Thessalonians 4:17]]; [[66001007-66001007|Revelation 1:7]]; [[66014014-66014014|Revelation 14:14]]	Easton's Bible Dictionary	God's glorious presence, both shown and hidden. A pillar of cloud led Israel and filled the tabernacle and temple; a cloud covered Jesus at the transfiguration and received him at his ascension. The Son of Man comes "with the clouds of heaven" (Dan 7:13; Rev 1:7).
symbol	s-wind-and-breath	Wind and breath	wind|winds|breath|breathe|breathed|rushing mighty wind	0	1002007-1002007,26037005-26037014,43003008-43003008,43020022-43020022,44002002-44002002		[[1002007-1002007|Genesis 2:7]]; [[26037005-26037014|Ezekiel 37:5-14]]; [[43003008-43003008|John 3:8]]; [[43020022-43020022|John 20:22]]; [[44002002-44002002|Acts 2:2]]	Easton's Bible Dictionary	The Holy Spirit: in Hebrew and Greek the same word means wind, breath and spirit. God breathed life into Adam; the wind of the Spirit gave life to the dry bones in Ezekiel; Jesus compared new birth by the Spirit to the wind (John 3:8) and breathed on his disciples, saying "Receive ye the Holy Ghost".
symbol	s-the-rock	The rock	rock|rocks|stone	0	2017006-2017006,4020008-4020011,5032004-5032004,5032015-5032015,5032018-5032018,5032030-5032031,9002002-9002002,10022002-10022003,10022032-10022032,10022047-10022047,19018002-19018002,19018031-19018031,19018046-19018046,19019014-19019014,19031002-19031003,19061002-19061002,19062002-19062002,19062006-19062007,19095001-19095001,23026004-23026004,23032002-23032002,40007024-40007025,40016018-40016018,45009033-45009033,46010004-46010004,60002008-60002008		[[2017006-2017006|Exodus 17:6]]; [[4020008-4020011|Numbers 20:8-11]]; [[5032004-5032031|Deuteronomy 32:4,15,18,30-31]]; [[9002002-9002002|1 Samuel 2:2]]; [[10022002-10022047|2 Samuel 22:2-3,32,47]]; [[19018002-19018046|Psalms 18:2,31,46]]; [[19019014-19019014|Psalms 19:14]]; [[19031002-19031003|Psalms 31:2-3]]; [[19061002-19061002|Psalms 61:2]]; [[19062002-19062007|Psalms 62:2,6-7]]; [[19095001-19095001|Psalms 95:1]]; [[23026004-23026004|Isaiah 26:4]]; [[23032002-23032002|Isaiah 32:2]]; [[40007024-40007025|Matthew 7:24-25]]; [[40016018-40016018|Matthew 16:18]]; [[45009033-45009033|Romans 9:33]]; [[46010004-46010004|1 Corinthians 10:4]]; [[60002008-60002008|1 Peter 2:8]]	Easton's Bible Dictionary	God himself, firm, safe and unchanging: "The Lord is my rock, and my fortress" (Ps 18:2). The rock that gave water in the wilderness "was Christ" (1 Cor 10:4). A life built on Jesus' words is a house built on rock.
symbol	s-the-cornerstone	The cornerstone	cornerstone|corner stone|chief corner stone|head of the corner|capstone|chief cornerstone|stone|cornerstone of the foundation	0	19118022-19118022,23008014-23008014,23028016-23028016,38004007-38004007,40021042-40021044,41012010-41012010,42020017-42020018,44004011-44004011,45009032-45009033,49002020-49002020,60002004-60002008		[[19118022-19118022|Psalms 118:22]]; [[23008014-23008014|Isaiah 8:14]]; [[23028016-23028016|Isaiah 28:16]]; [[38004007-38004007|Zechariah 4:7]]; [[40021042-40021044|Matthew 21:42-44]]; [[41012010-41012010|Mark 12:10]]; [[42020017-42020018|Luke 20:17-18]]; [[44004011-44004011|Acts 4:11]]; [[45009032-45009033|Romans 9:32-33]]; [[49002020-49002020|Ephesians 2:20]]; [[60002004-60002008|1 Peter 2:4-8]]	Easton's Bible Dictionary	Christ: "the stone which the builders rejected is become the head of the corner" (Ps 118:22), rejected by his own people but made the foundation of God's new temple, the church. Believers are "lively stones" built on him (1 Pet 2:5).
symbol	s-the-stone-cut-without-hands	The stone cut without hands	stone|mountain|cut out without hands|cut without hands	0	27002034-27002035,27002044-27002045		[[27002034-27002045|Daniel 2:34-35,44-45]]	Easton's Bible Dictionary	In Nebuchadnezzar's dream a stone cut out without human hands smashes the great statue and grows into a mountain filling the earth. Daniel explains it: "the God of heaven shall set up a kingdom, which shall never be destroyed" (Dan 2:44): the kingdom of God, which traditional interpreters see coming in Christ.
symbol	s-the-great-statue	The great statue	image|statue|head|gold|silver|brass|bronze|iron|clay	0	27002031-27002045		[[27002031-27002045|Daniel 2:31-45]]	Easton's Bible Dictionary	Nebuchadnezzar dreamed of a statue of gold, silver, bronze, iron and clay. Daniel explains that the gold head is Babylon, followed by lesser kingdoms; traditional interpreters name them Babylon, Medo-Persia, Greece and Rome, all to be swept away by God's everlasting kingdom.
symbol	s-the-door-and-the-gate	The door and the gate	door|doors|gate|gates|strait gate|narrow gate|wide gate	0	40007013-40007014,42013024-42013024,43010001-43010002,43010007-43010007,43010009-43010009,44014027-44014027,46016009-46016009,51004003-51004003,66003007-66003008,66003020-66003020,66004001-66004001		[[40007013-40007014|Matthew 7:13-14]]; [[42013024-42013024|Luke 13:24]]; [[43010001-43010009|John 10:1-2,7,9]]; [[44014027-44014027|Acts 14:27]]; [[46016009-46016009|1 Corinthians 16:9]]; [[51004003-51004003|Colossians 4:3]]; [[66003007-66003020|Revelation 3:7-8,20]]; [[66004001-66004001|Revelation 4:1]]	Easton's Bible Dictionary	The way in to God and his salvation. "I am the door: by me if any man enter in, he shall be saved" (John 10:9). The narrow gate leads to life. Christ "stands at the door and knocks", and an "open door" means an opportunity for the gospel.
symbol	s-the-way	The way	way|ways|path|paths|highway|road	0	19001006-19001006,19016011-19016011,20004018-20004019,23035008-23035008,23040003-23040003,24006016-24006016,40007013-40007014,43014004-43014006,44009002-44009002,44019009-44019009,44019023-44019023,44022004-44022004,44024014-44024014,44024022-44024022,58010020-58010020		[[19001006-19001006|Psalms 1:6]]; [[19016011-19016011|Psalms 16:11]]; [[20004018-20004019|Proverbs 4:18-19]]; [[23035008-23035008|Isaiah 35:8]]; [[23040003-23040003|Isaiah 40:3]]; [[24006016-24006016|Jeremiah 6:16]]; [[40007013-40007014|Matthew 7:13-14]]; [[43014004-43014006|John 14:4-6]]; [[44009002-44009002|Acts 9:2]]; [[44019009-44019023|Acts 19:9,23]]; [[44022004-44022004|Acts 22:4]]; [[44024014-44024022|Acts 24:14,22]]; [[58010020-58010020|Hebrews 10:20]]	Easton's Bible Dictionary	The way of life one follows: the way of the righteous or of the wicked (Ps 1:6). Jesus said, "I am the way, the truth, and the life: no man cometh unto the Father, but by me" (John 14:6), and the first Christians were called followers of "the Way".
symbol	s-keys	Keys	key|keys	0	23022022-23022022,40016019-40016019,42011052-42011052,66001018-66001018,66003007-66003007,66009001-66009001,66020001-66020001		[[23022022-23022022|Isaiah 22:22]]; [[40016019-40016019|Matthew 16:19]]; [[42011052-42011052|Luke 11:52]]; [[66001018-66001018|Revelation 1:18]]; [[66003007-66003007|Revelation 3:7]]; [[66009001-66009001|Revelation 9:1]]; [[66020001-66020001|Revelation 20:1]]	Easton's Bible Dictionary	Authority to open and shut, to allow in or keep out. Christ holds "the keys of hell and of death" (Rev 1:18) and "the key of David" (Rev 3:7); he gave Peter "the keys of the kingdom of heaven", authority to open the kingdom through preaching the gospel.
symbol	s-the-sword	The sword	sword|swords|two-edged sword|twoedged sword|sharp sword	0	23049002-23049002,40010034-40010034,49006017-49006017,58004012-58004012,66001016-66001016,66002012-66002012,66002016-66002016,66019015-66019015,66019021-66019021		[[23049002-23049002|Isaiah 49:2]]; [[40010034-40010034|Matthew 10:34]]; [[49006017-49006017|Ephesians 6:17]]; [[58004012-58004012|Hebrews 4:12]]; [[66001016-66001016|Revelation 1:16]]; [[66002012-66002016|Revelation 2:12,16]]; [[66019015-66019021|Revelation 19:15,21]]	Easton's Bible Dictionary	The word of God, sharp and powerful: "the sword of the Spirit, which is the word of God" (Eph 6:17); "sharper than any twoedged sword" (Heb 4:12). From Christ's mouth comes a sharp sword, his word of judgment. Jesus' "sword" in Matt 10:34 is the division the gospel brings.
symbol	s-the-armour-of-god	The armour of God	armour|armor|whole armour|full armor|breastplate|helmet|shield|girdle|belt|girded|shod|sword	0	23059017-23059017,45013012-45013012,47006007-47006007,49006011-49006017,52005008-52005008		[[23059017-23059017|Isaiah 59:17]]; [[45013012-45013012|Romans 13:12]]; [[47006007-47006007|2 Corinthians 6:7]]; [[49006011-49006017|Ephesians 6:11-17]]; [[52005008-52005008|1 Thessalonians 5:8]]	Easton's Bible Dictionary	Paul's picture of how believers stand against evil: the belt of truth, the breastplate of righteousness, feet ready with the gospel of peace, the shield of faith, the helmet of salvation and the sword of the Spirit, God's word, all with prayer (Eph 6:11-18).
symbol	s-the-crown	The crown	crown|crowns|crowned|crown of life|crown of glory|crown of righteousness|crown of thorns	0	20016031-20016031,23028005-23028005,23062003-23062003,40027029-40027029,41015017-41015017,43019002-43019002,43019005-43019005,46009025-46009025,50004001-50004001,52002019-52002019,55004008-55004008,58002007-58002007,58002009-58002009,59001012-59001012,60005004-60005004,66002010-66002010,66003011-66003011,66004004-66004004,66004010-66004010,66006002-66006002,66012001-66012001,66012003-66012003,66014014-66014014,66019012-66019012		[[20016031-20016031|Proverbs 16:31]]; [[23028005-23028005|Isaiah 28:5]]; [[23062003-23062003|Isaiah 62:3]]; [[40027029-40027029|Matthew 27:29]]; [[41015017-41015017|Mark 15:17]]; [[43019002-43019005|John 19:2,5]]; [[46009025-46009025|1 Corinthians 9:25]]; [[50004001-50004001|Philippians 4:1]]; [[52002019-52002019|1 Thessalonians 2:19]]; [[55004008-55004008|2 Timothy 4:8]]; [[58002007-58002009|Hebrews 2:7,9]]; [[59001012-59001012|James 1:12]]; [[60005004-60005004|1 Peter 5:4]]; [[66002010-66002010|Revelation 2:10]]; [[66003011-66003011|Revelation 3:11]]; [[66004004-66004010|Revelation 4:4,10]]; [[66006002-66006002|Revelation 6:2]]; [[66012001-66012003|Revelation 12:1,3]]; [[66014014-66014014|Revelation 14:14]]; [[66019012-66019012|Revelation 19:12]]	Easton's Bible Dictionary	Royal rule and honour, and the reward God gives the faithful: "a crown of life" (Jas 1:12; Rev 2:10), "a crown of righteousness" (2 Tim 4:8). Jesus wore a crown of thorns before he was crowned with glory; the elders in heaven cast their crowns before God's throne.
symbol	s-the-throne	The throne	throne|thrones|throne of grace|great white throne	0	19045006-19045006,19047008-19047008,19089014-19089014,19103019-19103019,23006001-23006001,27007009-27007009,40019028-40019028,40025031-40025031,58001008-58001008,58004016-58004016,58008001-58008001,58012002-58012002,66003021-66003021,66004002-66004010,66005001-66005013,66007009-66007017,66020011-66020011,66022001-66022001,66022003-66022003		[[19045006-19045006|Psalms 45:6]]; [[19047008-19047008|Psalms 47:8]]; [[19089014-19089014|Psalms 89:14]]; [[19103019-19103019|Psalms 103:19]]; [[23006001-23006001|Isaiah 6:1]]; [[27007009-27007009|Daniel 7:9]]; [[40019028-40019028|Matthew 19:28]]; [[40025031-40025031|Matthew 25:31]]; [[58001008-58001008|Hebrews 1:8]]; [[58004016-58004016|Hebrews 4:16]]; [[58008001-58008001|Hebrews 8:1]]; [[58012002-58012002|Hebrews 12:2]]; [[66003021-66003021|Revelation 3:21]]; [[66004002-66004010|Revelation 4:2-10]]; [[66005001-66005013|Revelation 5:1-13]]; [[66007009-66007017|Revelation 7:9-17]]; [[66020011-66020011|Revelation 20:11]]; [[66022001-66022003|Revelation 22:1,3]]	Easton's Bible Dictionary	God's rule over all. Isaiah saw "the Lord sitting upon a throne, high and lifted up" (Isa 6:1); Revelation centres on the throne in heaven, where the Lamb shares the throne. Believers may come boldly to "the throne of grace" (Heb 4:16).
symbol	s-white-robes	White robes	white robes|white robe|robes|robe|white raiment|raiment|garments|garment|fine linen|linen|clothed in white|white	0	23061010-23061010,38003003-38003005,40022011-40022012,66003004-66003005,66003018-66003018,66004004-66004004,66006011-66006011,66007009-66007009,66007013-66007014,66019008-66019008,66019014-66019014		[[23061010-23061010|Isaiah 61:10]]; [[38003003-38003005|Zechariah 3:3-5]]; [[40022011-40022012|Matthew 22:11-12]]; [[66003004-66003018|Revelation 3:4-5,18]]; [[66004004-66004004|Revelation 4:4]]; [[66006011-66006011|Revelation 6:11]]; [[66007009-66007014|Revelation 7:9,13-14]]; [[66019008-66019014|Revelation 19:8,14]]	Easton's Bible Dictionary	Purity and righteousness given by God. The redeemed "have washed their robes, and made them white in the blood of the Lamb" (Rev 7:14); "the fine linen is the righteousness of saints" (Rev 19:8). In Zechariah God takes away the high priest's filthy clothes and gives him clean ones.
symbol	s-seals	Seals	seal|seals|sealed|sealing	0	22008006-22008006,43006027-43006027,45004011-45004011,47001022-47001022,49001013-49001013,49004030-49004030,55002019-55002019,66005001-66005009,66006001-66006012,66007002-66007008,66008001-66008001,66009004-66009004		[[22008006-22008006|Song of Solomon 8:6]]; [[43006027-43006027|John 6:27]]; [[45004011-45004011|Romans 4:11]]; [[47001022-47001022|2 Corinthians 1:22]]; [[49001013-49001013|Ephesians 1:13]]; [[49004030-49004030|Ephesians 4:30]]; [[55002019-55002019|2 Timothy 2:19]]; [[66005001-66005009|Revelation 5:1-9]]; [[66006001-66006012|Revelation 6:1-12]]; [[66007002-66007008|Revelation 7:2-8]]; [[66008001-66008001|Revelation 8:1]]; [[66009004-66009004|Revelation 9:4]]	Easton's Bible Dictionary	A seal marks ownership and keeps something secure. Believers are "sealed with that holy Spirit of promise" (Eph 1:13), marked as God's own. In Revelation only the Lamb is worthy to open the scroll with seven seals, the unfolding of God's purposes in history.
symbol	s-the-book-of-life	The book of life	book of life|lamb's book of life|book|books|written in heaven	0	2032032-2032033,19069028-19069028,27012001-27012001,42010020-42010020,50004003-50004003,58012023-58012023,66003005-66003005,66013008-66013008,66017008-66017008,66020012-66020012,66020015-66020015,66021027-66021027		[[2032032-2032033|Exodus 32:32-33]]; [[19069028-19069028|Psalms 69:28]]; [[27012001-27012001|Daniel 12:1]]; [[42010020-42010020|Luke 10:20]]; [[50004003-50004003|Philippians 4:3]]; [[58012023-58012023|Hebrews 12:23]]; [[66003005-66003005|Revelation 3:5]]; [[66013008-66013008|Revelation 13:8]]; [[66017008-66017008|Revelation 17:8]]; [[66020012-66020015|Revelation 20:12,15]]; [[66021027-66021027|Revelation 21:27]]	Easton's Bible Dictionary	God's record of those who belong to him and will have eternal life. Jesus told his disciples to rejoice that "your names are written in heaven" (Luke 10:20); only "they which are written in the Lamb's book of life" enter the new Jerusalem.
symbol	s-the-trumpet	The trumpet	trumpet|trumpets|trump|last trump|sound of a trumpet	0	29002001-29002001,29002015-29002015,36001016-36001016,38009014-38009014,40024031-40024031,46015052-46015052,52004016-52004016,66001010-66001010,66004001-66004001,66008002-66008002,66008006-66008013,66009001-66009001,66009013-66009014,66011015-66011015		[[29002001-29002015|Joel 2:1,15]]; [[36001016-36001016|Zephaniah 1:16]]; [[38009014-38009014|Zechariah 9:14]]; [[40024031-40024031|Matthew 24:31]]; [[46015052-46015052|1 Corinthians 15:52]]; [[52004016-52004016|1 Thessalonians 4:16]]; [[66001010-66001010|Revelation 1:10]]; [[66004001-66004001|Revelation 4:1]]; [[66008002-66008013|Revelation 8:2,6-13]]; [[66009001-66009014|Revelation 9:1,13-14]]; [[66011015-66011015|Revelation 11:15]]	Easton's Bible Dictionary	God's call and announcement: to gather, to warn, to battle and to worship. "The trumpet shall sound, and the dead shall be raised" (1 Cor 15:52) at Christ's return. In Revelation seven trumpets announce God's judgments, the last proclaiming that the kingdoms of the world have become Christ's.
symbol	s-bowls-vials	Bowls (vials)	bowl|bowls|vial|vials|golden bowls|golden vials	0	66005008-66005008,66015007-66015007,66016001-66016017,66017001-66017001,66021009-66021009		[[66005008-66005008|Revelation 5:8]]; [[66015007-66015007|Revelation 15:7]]; [[66016001-66016017|Revelation 16:1-17]]; [[66017001-66017001|Revelation 17:1]]; [[66021009-66021009|Revelation 21:9]]	Easton's Bible Dictionary	In Revelation, golden bowls full of incense are "the prayers of saints" (Rev 5:8). Seven bowls full of God's wrath are poured out on the earth in the final judgments.
symbol	s-incense-as-prayer	Incense as prayer	incense|odours|odors|smoke of the incense	0	19141002-19141002,42001010-42001010,66005008-66005008,66008003-66008004		[[19141002-19141002|Psalms 141:2]]; [[42001010-42001010|Luke 1:10]]; [[66005008-66005008|Revelation 5:8]]; [[66008003-66008004|Revelation 8:3-4]]	Easton's Bible Dictionary	"Let my prayer be set forth before thee as incense" (Ps 141:2). In Revelation the incense rising before God's throne is the prayers of his people, heard and answered.
symbol	s-the-temple-god-s-people-and-christ-s-body	The temple: God's people and Christ's body	temple|temples|house|holy temple|dwelling place|habitation	0	43002019-43002021,46003016-46003017,46006019-46006019,47006016-47006016,49002021-49002022,60002005-60002005,66003012-66003012,66021022-66021022		[[43002019-43002021|John 2:19-21]]; [[46003016-46003017|1 Corinthians 3:16-17]]; [[46006019-46006019|1 Corinthians 6:19]]; [[47006016-47006016|2 Corinthians 6:16]]; [[49002021-49002022|Ephesians 2:21-22]]; [[60002005-60002005|1 Peter 2:5]]; [[66003012-66003012|Revelation 3:12]]; [[66021022-66021022|Revelation 21:22]]	Easton's Bible Dictionary	Jesus spoke of "the temple of his body" (John 2:21), raised in three days. Since God now dwells by his Spirit in his people, the church and each believer are God's temple. In the new Jerusalem there is no temple, "for the Lord God Almighty and the Lamb are the temple of it".
symbol	s-god-s-tent-with-us	God's tent with us	tabernacle|tabernacles|tent|dwelt|dwelling|dwell|made his dwelling|lived|pitched his tent	0	43001014-43001014,47005001-47005001,47005004-47005004,61001013-61001014,58008002-58008002,58008005-58008005,58009011-58009011,58009024-58009024,66021003-66021003		[[43001014-43001014|John 1:14]]; [[47005001-47005004|2 Corinthians 5:1,4]]; [[61001013-61001014|2 Peter 1:13-14]]; [[58008002-58008005|Hebrews 8:2,5]]; [[58009011-58009024|Hebrews 9:11,24]]; [[66021003-66021003|Revelation 21:3]]	Easton's Bible Dictionary	The tabernacle where God dwelt with Israel points to Christ: "the Word was made flesh, and dwelt (literally, pitched his tent) among us" (John 1:14), and to the end, when "the tabernacle of God is with men" (Rev 21:3). Paul and Peter call the body an earthly tent we shall one day put off.
symbol	s-the-yoke	The yoke	yoke|yokes|yoked	0	3026013-3026013,11012004-11012014,23009004-23009004,23058006-23058006,24027002-24027012,24028002-24028014,25001014-25001014,40011029-40011030,44015010-44015010,48005001-48005001,47006014-47006014,54006001-54006001		[[3026013-3026013|Leviticus 26:13]]; [[11012004-11012014|1 Kings 12:4-14]]; [[23009004-23009004|Isaiah 9:4]]; [[23058006-23058006|Isaiah 58:6]]; [[24027002-24027012|Jeremiah 27:2-12]]; [[24028002-24028014|Jeremiah 28:2-14]]; [[25001014-25001014|Lamentations 1:14]]; [[40011029-40011030|Matthew 11:29-30]]; [[44015010-44015010|Acts 15:10]]; [[48005001-48005001|Galatians 5:1]]; [[47006014-47006014|2 Corinthians 6:14]]; [[54006001-54006001|1 Timothy 6:1]]	Easton's Bible Dictionary	The wooden bar on the necks of working animals: a picture of servitude and burdens, like slavery in Egypt or rule by a foreign king. Jesus offers his own yoke, "easy" and "light" (Matt 11:30), and Paul warns not to return to "the yoke of bondage" of keeping the Law to be saved.
symbol	s-the-bride-and-the-bridegroom	The bride and the bridegroom	bride|bridegroom|bridegroom's|wife|husband|marriage|married|betroth|betrothed|espoused	0	23054005-23054005,23062004-23062005,24002002-24002002,24003014-24003014,28002016-28002020,40009015-40009015,40025001-40025013,41002019-41002020,42005034-42005035,43003029-43003029,47011002-47011002,49005025-49005032,66019007-66019009,66021002-66021002,66021009-66021009,66022017-66022017		[[23054005-23054005|Isaiah 54:5]]; [[23062004-23062005|Isaiah 62:4-5]]; [[24002002-24002002|Jeremiah 2:2]]; [[24003014-24003014|Jeremiah 3:14]]; [[28002016-28002020|Hosea 2:16-20]]; [[40009015-40009015|Matthew 9:15]]; [[40025001-40025013|Matthew 25:1-13]]; [[41002019-41002020|Mark 2:19-20]]; [[42005034-42005035|Luke 5:34-35]]; [[43003029-43003029|John 3:29]]; [[47011002-47011002|2 Corinthians 11:2]]; [[49005025-49005032|Ephesians 5:25-32]]; [[66019007-66019009|Revelation 19:7-9]]; [[66021002-66021009|Revelation 21:2,9]]; [[66022017-66022017|Revelation 22:17]]	Easton's Bible Dictionary	God's covenant love for his people is pictured as a marriage: "thy Maker is thine husband" (Isa 54:5). Christ is the Bridegroom and the church his bride, whom he loved and gave himself for; history ends with "the marriage supper of the Lamb" (Rev 19:9).
symbol	s-the-harlot-unfaithfulness	The harlot (unfaithfulness)	harlot|harlots|harlotry|prostitute|prostitutes|prostitution|whore|whoredom|whoredoms|adultery|adulteries|adulterous|adulteress|playedst the harlot|played the harlot|played the whore|fornication|fornications|immorality|unfaithful	0	24003001-24003009,26016000-26016999,26023000-26023999,28001002-28001002,28002002-28002005,28004012-28004015,40012039-40012039,40016004-40016004,41008038-41008038,59004004-59004004,66014008-66014008,66017001-66017018,66018003-66018003,66018009-66018009,66019002-66019002		[[24003001-24003009|Jeremiah 3:1-9]]; [[26016000-26016999|Ezekiel 16]]; [[26023000-26023999|Ezekiel 23]]; [[28001002-28001002|Hosea 1:2]]; [[28002002-28002005|Hosea 2:2-5]]; [[28004012-28004015|Hosea 4:12-15]]; [[40012039-40012039|Matthew 12:39]]; [[40016004-40016004|Matthew 16:4]]; [[41008038-41008038|Mark 8:38]]; [[59004004-59004004|James 4:4]]; [[66014008-66014008|Revelation 14:8]]; [[66017001-66017018|Revelation 17:1-18]]; [[66018003-66018009|Revelation 18:3,9]]; [[66019002-66019002|Revelation 19:2]]	Easton's Bible Dictionary	Turning from God to idols is pictured as a wife's unfaithfulness. The prophets used this to show the depth of Israel's betrayal and of God's grief and love; Hosea was told to marry an unfaithful wife as a living picture. Jesus spoke of "an evil and adulterous generation". In Revelation the great harlot is Babylon, the world's seductive power against God.
symbol	s-babylon-the-great	Babylon the great	babylon|babylon the great|great city|the great city	0	60005013-60005013,66014008-66014008,66016019-66016019,66017005-66017005,66017018-66017018,66018002-66018002,66018010-66018010,66018016-66018016,66018018-66018021		[[60005013-60005013|1 Peter 5:13]]; [[66014008-66014008|Revelation 14:8]]; [[66016019-66016019|Revelation 16:19]]; [[66017005-66017018|Revelation 17:5,18]]; [[66018002-66018021|Revelation 18:2,10,16,18-21]]	Easton's Bible Dictionary	In Revelation, Babylon is "that great city, which reigneth over the kings of the earth" (Rev 17:18): the world's power, wealth and pride set against God, traditionally seen first in pagan Rome. Its sudden fall is certain. Peter seems to call Rome "Babylon" too (1 Pet 5:13).
symbol	s-zion-and-the-new-jerusalem	Zion and the new Jerusalem	new jerusalem|jerusalem|zion|sion|mount zion|mount sion|holy city|heavenly jerusalem|city of god	0	19002006-19002006,19048001-19048002,19087002-19087003,23002002-23002003,23028016-23028016,23060014-23060014,48004025-48004026,58011010-58011010,58011016-58011016,58012022-58012022,58013014-58013014,66003012-66003012,66014001-66014001,66021002-66021002,66021010-66021027		[[19002006-19002006|Psalms 2:6]]; [[19048001-19048002|Psalms 48:1-2]]; [[19087002-19087003|Psalms 87:2-3]]; [[23002002-23002003|Isaiah 2:2-3]]; [[23028016-23028016|Isaiah 28:16]]; [[23060014-23060014|Isaiah 60:14]]; [[48004025-48004026|Galatians 4:25-26]]; [[58011010-58011016|Hebrews 11:10,16]]; [[58012022-58012022|Hebrews 12:22]]; [[58013014-58013014|Hebrews 13:14]]; [[66003012-66003012|Revelation 3:12]]; [[66014001-66014001|Revelation 14:1]]; [[66021002-66021027|Revelation 21:2,10-27]]	Easton's Bible Dictionary	Jerusalem's hill Zion, where God's temple stood, came to stand for God's dwelling with his people, and finally for the heavenly city: "ye are come unto mount Sion, and unto the city of the living God, the heavenly Jerusalem" (Heb 12:22). The new Jerusalem comes down from heaven at the end, as a bride.
symbol	s-the-mountain-of-the-lord	The mountain of the Lord	mountain|mountains|mount|hill|holy mountain|holy hill|mountain of the lord	0	19002006-19002006,19024003-19024003,19043003-19043003,23002002-23002003,23011009-23011009,23025006-23025007,23065025-23065025,27002035-27002035,27002045-27002045,33004001-33004002,40017020-40017020,58012018-58012022,66021010-66021010		[[19002006-19002006|Psalms 2:6]]; [[19024003-19024003|Psalms 24:3]]; [[19043003-19043003|Psalms 43:3]]; [[23002002-23002003|Isaiah 2:2-3]]; [[23011009-23011009|Isaiah 11:9]]; [[23025006-23025007|Isaiah 25:6-7]]; [[23065025-23065025|Isaiah 65:25]]; [[27002035-27002045|Daniel 2:35,45]]; [[33004001-33004002|Micah 4:1-2]]; [[40017020-40017020|Matthew 17:20]]; [[58012018-58012022|Hebrews 12:18-22]]; [[66021010-66021010|Revelation 21:10]]	Easton's Bible Dictionary	God's dwelling and rule. "In the last days... the mountain of the Lord's house shall be established in the top of the mountains, and all nations shall flow unto it" (Isa 2:2): God's kingdom drawing the nations. Faith can "move mountains", the greatest obstacles.
symbol	s-the-sea	The sea	sea|seas|waters|deep|many waters	0	19046002-19046003,19065007-19065007,19093003-19093004,23017012-23017013,23057020-23057020,27007002-27007003,59001006-59001006,65001013-65001013,66013001-66013001,66017001-66017001,66017015-66017015,66021001-66021001		[[19046002-19046003|Psalms 46:2-3]]; [[19065007-19065007|Psalms 65:7]]; [[19093003-19093004|Psalms 93:3-4]]; [[23017012-23017013|Isaiah 17:12-13]]; [[23057020-23057020|Isaiah 57:20]]; [[27007002-27007003|Daniel 7:2-3]]; [[59001006-59001006|James 1:6]]; [[65001013-65001013|Jude 1:13]]; [[66013001-66013001|Revelation 13:1]]; [[66017001-66017015|Revelation 17:1,15]]; [[66021001-66021001|Revelation 21:1]]	Easton's Bible Dictionary	The restless, threatening sea stands for chaos, evil and the troubled nations: "the wicked are like the troubled sea" (Isa 57:20); the beasts rise out of it. Revelation explains, "the waters which thou sawest... are peoples, and multitudes, and nations" (Rev 17:15); in the new creation "there was no more sea".
symbol	s-the-rainbow	The rainbow	bow|rainbow|rainbow in the cloud	0	1009012-1009017,26001028-26001028,66004003-66004003,66010001-66010001		[[1009012-1009017|Genesis 9:12-17]]; [[26001028-26001028|Ezekiel 1:28]]; [[66004003-66004003|Revelation 4:3]]; [[66010001-66010001|Revelation 10:1]]	Easton's Bible Dictionary	The sign of God's covenant never again to destroy the earth by flood. A rainbow surrounds God's throne in Ezekiel and Revelation: his glory joined with faithful mercy.
symbol	s-stars	Stars	star|stars|morning star|day star|daystar|bright and morning star|star out of jacob	0	1015005-1015005,1022017-1022017,1037009-1037009,4024017-4024017,23014012-23014012,27008010-27008010,27012003-27012003,40002002-40002002,61001019-61001019,65001013-65001013,66001016-66001016,66001020-66001020,66002001-66002001,66002028-66002028,66006013-66006013,66008010-66008012,66009001-66009001,66012001-66012001,66012004-66012004,66022016-66022016		[[1015005-1015005|Genesis 15:5]]; [[1022017-1022017|Genesis 22:17]]; [[1037009-1037009|Genesis 37:9]]; [[4024017-4024017|Numbers 24:17]]; [[23014012-23014012|Isaiah 14:12]]; [[27008010-27008010|Daniel 8:10]]; [[27012003-27012003|Daniel 12:3]]; [[40002002-40002002|Matthew 2:2]]; [[61001019-61001019|2 Peter 1:19]]; [[65001013-65001013|Jude 1:13]]; [[66001016-66001020|Revelation 1:16,20]]; [[66002001-66002028|Revelation 2:1,28]]; [[66006013-66006013|Revelation 6:13]]; [[66008010-66008012|Revelation 8:10-12]]; [[66009001-66009001|Revelation 9:1]]; [[66012001-66012004|Revelation 12:1,4]]; [[66022016-66022016|Revelation 22:16]]	Easton's Bible Dictionary	Countless descendants (Abraham's offspring "as the stars of the heaven"), rulers and heavenly beings. "The seven stars are the angels of the seven churches" (Rev 1:20). Balaam foresaw "a Star out of Jacob", fulfilled in Christ, "the bright and morning star" (Rev 22:16). The wise "shall shine... as the stars for ever".
symbol	s-sun-and-moon	Sun and moon	sun|moon|sun of righteousness|sun and moon	0	1037009-1037010,19084011-19084011,19089036-19089037,23060019-23060020,29002010-29002010,29002031-29002031,39004002-39004002,40013043-40013043,40017002-40017002,40024029-40024029,44002020-44002020,66001016-66001016,66006012-66006012,66012001-66012001,66021023-66021023,66022005-66022005		[[1037009-1037010|Genesis 37:9-10]]; [[19084011-19084011|Psalms 84:11]]; [[19089036-19089037|Psalms 89:36-37]]; [[23060019-23060020|Isaiah 60:19-20]]; [[29002010-29002031|Joel 2:10,31]]; [[39004002-39004002|Malachi 4:2]]; [[40013043-40013043|Matthew 13:43]]; [[40017002-40017002|Matthew 17:2]]; [[40024029-40024029|Matthew 24:29]]; [[44002020-44002020|Acts 2:20]]; [[66001016-66001016|Revelation 1:16]]; [[66006012-66006012|Revelation 6:12]]; [[66012001-66012001|Revelation 12:1]]; [[66021023-66021023|Revelation 21:23]]; [[66022005-66022005|Revelation 22:5]]	Easton's Bible Dictionary	God's glory, faithfulness and the coming Messiah: "unto you that fear my name shall the Sun of righteousness arise with healing in his wings" (Mal 4:2). The sun darkened and moon turned to blood are signs of the day of the Lord. In the new Jerusalem there is no need of sun or moon, for God is its light.
symbol	s-harvest	Harvest	harvest|reap|reapers|reaping|reaped|sickle|labourers|laborers	0	24008020-24008020,29003013-29003013,40009037-40009038,40013030-40013030,40013039-40013039,42010002-42010002,43004035-43004038,48006007-48006009,66014014-66014019		[[24008020-24008020|Jeremiah 8:20]]; [[29003013-29003013|Joel 3:13]]; [[40009037-40009038|Matthew 9:37-38]]; [[40013030-40013039|Matthew 13:30,39]]; [[42010002-42010002|Luke 10:2]]; [[43004035-43004038|John 4:35-38]]; [[48006007-48006009|Galatians 6:7-9]]; [[66014014-66014019|Revelation 14:14-19]]	Easton's Bible Dictionary	Gathering people: into God's kingdom through the gospel ("the harvest truly is plenteous, but the labourers are few", Matt 9:37), and at the end of the age in judgment ("the harvest is the end of the world", Matt 13:39). "Whatsoever a man soweth, that shall he also reap" (Gal 6:7).
symbol	s-the-winepress-of-god-s-wrath	The winepress of God's wrath	winepress|winepresses|wine press|winefat|press|trodden|treadeth|trod|trampled	0	23063001-23063006,25001015-25001015,29003013-29003013,66014019-66014020,66019015-66019015		[[23063001-23063006|Isaiah 63:1-6]]; [[25001015-25001015|Lamentations 1:15]]; [[29003013-29003013|Joel 3:13]]; [[66014019-66014020|Revelation 14:19-20]]; [[66019015-66019015|Revelation 19:15]]	Easton's Bible Dictionary	As grapes are trodden in the winepress, God's judgment crushes his enemies: "I have trodden the winepress alone" (Isa 63:3). In Revelation the harvest of the earth is thrown into "the great winepress of the wrath of God", which Christ treads.
symbol	s-winnowing-in-judgment	Winnowing in judgment	fan|winnowing|winnow|floor|threshing|chaff|purge	0	23041015-23041016,24015007-24015007,24051002-24051002,40003012-40003012,42003017-42003017		[[23041015-23041016|Isaiah 41:15-16]]; [[24015007-24015007|Jeremiah 15:7]]; [[24051002-24051002|Jeremiah 51:2]]; [[40003012-40003012|Matthew 3:12]]; [[42003017-42003017|Luke 3:17]]	Easton's Bible Dictionary	John the Baptist said of Christ: "whose fan is in his hand, and he will thoroughly purge his floor, and gather his wheat into the garner; but he will burn up the chaff with unquenchable fire" (Matt 3:12): his coming separates the true from the false.
symbol	s-the-potter-and-the-clay	The potter and the clay	potter|potter's|clay|vessel|vessels|jars|earthen vessels|jars of clay	0	23029016-23029016,23045009-23045009,23064008-23064008,24018001-24018011,24019001-24019011,45009020-45009023,47004007-47004007,55002020-55002021		[[23029016-23029016|Isaiah 29:16]]; [[23045009-23045009|Isaiah 45:9]]; [[23064008-23064008|Isaiah 64:8]]; [[24018001-24018011|Jeremiah 18:1-11]]; [[24019001-24019011|Jeremiah 19:1-11]]; [[45009020-45009023|Romans 9:20-23]]; [[47004007-47004007|2 Corinthians 4:7]]; [[55002020-55002021|2 Timothy 2:20-21]]	Easton's Bible Dictionary	God is the potter and we are the clay: "we are the clay, and thou our potter; and we all are the work of thy hand" (Isa 64:8). He has the right to shape people and nations. Paul says we hold the treasure of the gospel "in earthen vessels", so the power is seen to be God's.
symbol	s-the-refiner-s-fire	The refiner's fire	refiner|refiner's|refine|refined|refining|furnace|gold|silver|dross|tried|tested	0	18023010-18023010,19066010-19066010,20017003-20017003,23001025-23001025,23048010-23048010,38013009-38013009,39003002-39003003,60001007-60001007,66003018-66003018		[[18023010-18023010|Job 23:10]]; [[19066010-19066010|Psalms 66:10]]; [[20017003-20017003|Proverbs 17:3]]; [[23001025-23001025|Isaiah 1:25]]; [[23048010-23048010|Isaiah 48:10]]; [[38013009-38013009|Zechariah 13:9]]; [[39003002-39003003|Malachi 3:2-3]]; [[60001007-60001007|1 Peter 1:7]]; [[66003018-66003018|Revelation 3:18]]	Easton's Bible Dictionary	As metal is melted to burn away impurities, God uses trials to purify his people: "he is like a refiner's fire" (Mal 3:2). Faith tested this way is "much more precious than of gold that perisheth" (1 Pet 1:7).
symbol	s-washing-and-snow	Washing and snow	wash|washed|washing|snow|wool|whiter|white|clean|cleanse	0	19051002-19051002,19051007-19051007,23001016-23001016,23001018-23001018,26036025-26036025,44022016-44022016,46006011-46006011,56003005-56003005,58010022-58010022,66007014-66007014,66022014-66022014		[[19051002-19051007|Psalms 51:2,7]]; [[23001016-23001018|Isaiah 1:16,18]]; [[26036025-26036025|Ezekiel 36:25]]; [[44022016-44022016|Acts 22:16]]; [[46006011-46006011|1 Corinthians 6:11]]; [[56003005-56003005|Titus 3:5]]; [[58010022-58010022|Hebrews 10:22]]; [[66007014-66007014|Revelation 7:14]]; [[66022014-66022014|Revelation 22:14]]	Easton's Bible Dictionary	Being cleansed from sin. "Though your sins be as scarlet, they shall be as white as snow" (Isa 1:18); "wash me, and I shall be whiter than snow" (Ps 51:7). The redeemed have washed their robes in the blood of the Lamb.
symbol	s-circumcision-of-the-heart	Circumcision of the heart	circumcise|circumcised|circumcision|foreskin|uncircumcised	0	3026041-3026041,5010016-5010016,5030006-5030006,24004004-24004004,24009025-24009026,44007051-44007051,45002028-45002029,50003003-50003003,51002011-51002013		[[3026041-3026041|Leviticus 26:41]]; [[5010016-5010016|Deuteronomy 10:16]]; [[5030006-5030006|Deuteronomy 30:6]]; [[24004004-24004004|Jeremiah 4:4]]; [[24009025-24009026|Jeremiah 9:25-26]]; [[44007051-44007051|Acts 7:51]]; [[45002028-45002029|Romans 2:28-29]]; [[50003003-50003003|Philippians 3:3]]; [[51002011-51002013|Colossians 2:11-13]]	Easton's Bible Dictionary	The outward sign of the covenant pointed to an inward change: "circumcise therefore the foreskin of your heart" (Deut 10:16). Paul says true circumcision is "that of the heart, in the spirit" (Rom 2:29), God's work cutting away the old sinful nature.
symbol	s-a-new-heart	A new heart	heart|hearts|stony heart|heart of stone|heart of flesh|new heart|tables of stone|fleshy tables	0	24031033-24031033,26011019-26011019,26018031-26018031,26036026-26036026,47003003-47003003		[[24031033-24031033|Jeremiah 31:33]]; [[26011019-26011019|Ezekiel 11:19]]; [[26018031-26018031|Ezekiel 18:31]]; [[26036026-26036026|Ezekiel 36:26]]; [[47003003-47003003|2 Corinthians 3:3]]	Easton's Bible Dictionary	"A new heart also will I give you... I will take away the stony heart out of your flesh, and I will give you an heart of flesh" (Ezek 36:26): God's promise to change his people from within, writing his law on their hearts in the new covenant.
symbol	s-the-right-hand-of-god	The right hand of God	right hand|right hand of god|right hand of power|right hand of the majesty	0	2015006-2015006,19016008-19016008,19016011-19016011,19110001-19110001,19118015-19118016,40022044-40022044,40026064-40026064,41016019-41016019,44002033-44002034,44007055-44007056,45008034-45008034,49001020-49001020,51003001-51003001,58001003-58001003,58001013-58001013,58008001-58008001,58010012-58010012,58012002-58012002,60003022-60003022		[[2015006-2015006|Exodus 15:6]]; [[19016008-19016011|Psalms 16:8,11]]; [[19110001-19110001|Psalms 110:1]]; [[19118015-19118016|Psalms 118:15-16]]; [[40022044-40022044|Matthew 22:44]]; [[40026064-40026064|Matthew 26:64]]; [[41016019-41016019|Mark 16:19]]; [[44002033-44002034|Acts 2:33-34]]; [[44007055-44007056|Acts 7:55-56]]; [[45008034-45008034|Romans 8:34]]; [[49001020-49001020|Ephesians 1:20]]; [[51003001-51003001|Colossians 3:1]]; [[58001003-58001013|Hebrews 1:3,13]]; [[58008001-58008001|Hebrews 8:1]]; [[58010012-58010012|Hebrews 10:12]]; [[58012002-58012002|Hebrews 12:2]]; [[60003022-60003022|1 Peter 3:22]]	Easton's Bible Dictionary	The place of honour, power and authority. After rising, Christ "sat down on the right hand of the Majesty on high" (Heb 1:3), ruling and praying for his people, as Psalm 110 foretold: "Sit thou at my right hand, until I make thine enemies thy footstool".
symbol	s-the-arm-of-the-lord	The arm of the Lord	arm|arms|stretched out arm|outstretched arm|mighty arm|holy arm|arm of the lord	0	2006006-2006006,5004034-5004034,5005015-5005015,5033027-5033027,19098001-19098001,23040010-23040011,23051009-23051009,23052010-23052010,23053001-23053001,42001051-42001051,43012038-43012038		[[2006006-2006006|Exodus 6:6]]; [[5004034-5004034|Deuteronomy 4:34]]; [[5005015-5005015|Deuteronomy 5:15]]; [[5033027-5033027|Deuteronomy 33:27]]; [[19098001-19098001|Psalms 98:1]]; [[23040010-23040011|Isaiah 40:10-11]]; [[23051009-23051009|Isaiah 51:9]]; [[23052010-23052010|Isaiah 52:10]]; [[23053001-23053001|Isaiah 53:1]]; [[42001051-42001051|Luke 1:51]]; [[43012038-43012038|John 12:38]]	Easton's Bible Dictionary	God's power in action, especially to save: he brought Israel out of Egypt "with a stretched out arm". Isaiah asks, "to whom is the arm of the Lord revealed?" (Isa 53:1), and John sees it answered in Jesus.
symbol	s-the-footstool	The footstool	footstool|foot stool|under his feet|under thy feet	0	19099005-19099005,19110001-19110001,19132007-19132007,23066001-23066001,40005035-40005035,44007049-44007049,46015025-46015027,58001013-58001013,58010013-58010013		[[19099005-19099005|Psalms 99:5]]; [[19110001-19110001|Psalms 110:1]]; [[19132007-19132007|Psalms 132:7]]; [[23066001-23066001|Isaiah 66:1]]; [[40005035-40005035|Matthew 5:35]]; [[44007049-44007049|Acts 7:49]]; [[46015025-46015027|1 Corinthians 15:25-27]]; [[58001013-58001013|Hebrews 1:13]]; [[58010013-58010013|Hebrews 10:13]]	Easton's Bible Dictionary	Complete rule and victory: the earth is God's footstool (Isa 66:1), and Christ reigns until all his enemies are made his footstool (Ps 110:1; Heb 10:13).
symbol	s-dust	Dust	dust|ashes|dust of the earth|dust of the ground	0	1002007-1002007,1003019-1003019,1013016-1013016,1018027-1018027,18042006-18042006,19103014-19103014,21003020-21003020,21012007-21012007,46015047-46015049		[[1002007-1002007|Genesis 2:7]]; [[1003019-1003019|Genesis 3:19]]; [[1013016-1013016|Genesis 13:16]]; [[1018027-1018027|Genesis 18:27]]; [[18042006-18042006|Job 42:6]]; [[19103014-19103014|Psalms 103:14]]; [[21003020-21003020|Ecclesiastes 3:20]]; [[21012007-21012007|Ecclesiastes 12:7]]; [[46015047-46015049|1 Corinthians 15:47-49]]	Easton's Bible Dictionary	Human weakness and mortality: "dust thou art, and unto dust shalt thou return" (Gen 3:19). God "remembereth that we are dust" (Ps 103:14). Abraham's descendants would be as many as the dust of the earth.
symbol	s-sleep-death	Sleep (death)	sleep|sleepeth|asleep|slept|sleeping|fallen asleep|fell asleep|them which sleep	0	27012002-27012002,40009024-40009024,40027052-40027052,41005039-41005039,42008052-42008052,43011011-43011014,44007060-44007060,44013036-44013036,46011030-46011030,46015006-46015006,46015018-46015018,46015020-46015020,46015051-46015051,52004013-52004015,52005010-52005010,61003004-61003004		[[27012002-27012002|Daniel 12:2]]; [[40009024-40009024|Matthew 9:24]]; [[40027052-40027052|Matthew 27:52]]; [[41005039-41005039|Mark 5:39]]; [[42008052-42008052|Luke 8:52]]; [[43011011-43011014|John 11:11-14]]; [[44007060-44007060|Acts 7:60]]; [[44013036-44013036|Acts 13:36]]; [[46011030-46011030|1 Corinthians 11:30]]; [[46015006-46015051|1 Corinthians 15:6,18,20,51]]; [[52004013-52004015|1 Thessalonians 4:13-15]]; [[52005010-52005010|1 Thessalonians 5:10]]; [[61003004-61003004|2 Peter 3:4]]	Easton's Bible Dictionary	For believers death is called sleep, because it is not the end: they will wake at the resurrection. "Our friend Lazarus sleepeth; but I go, that I may awake him out of sleep" (John 11:11).
symbol	s-new-birth	New birth	born again|born|birth|regeneration|begotten|born anew|born of god|born of the spirit	0	43001012-43001013,43003003-43003008,56003005-56003005,59001018-59001018,60001003-60001003,60001023-60001023,62003009-62003009,62005001-62005001,62005004-62005004		[[43001012-43001013|John 1:12-13]]; [[43003003-43003008|John 3:3-8]]; [[56003005-56003005|Titus 3:5]]; [[59001018-59001018|James 1:18]]; [[60001003-60001023|1 Peter 1:3,23]]; [[62003009-62003009|1 John 3:9]]; [[62005001-62005004|1 John 5:1,4]]	Easton's Bible Dictionary	Jesus told Nicodemus, "Except a man be born again, he cannot see the kingdom of God" (John 3:3): a new beginning of life from God by his Spirit, as real as natural birth.
symbol	s-the-ark-of-noah	The ark of Noah	ark|flood|water|waters|eight souls	0	40024037-40024039,42017026-42017027,58011007-58011007,60003020-60003021,61002005-61002005		[[40024037-40024039|Matthew 24:37-39]]; [[42017026-42017027|Luke 17:26-27]]; [[58011007-58011007|Hebrews 11:7]]; [[60003020-60003021|1 Peter 3:20-21]]; [[61002005-61002005|2 Peter 2:5]]	Easton's Bible Dictionary	The ark saved Noah's family through the judgment of the flood. Peter links it with baptism, and traditional Christian teaching sees the ark as a picture of salvation in Christ, the one place of safety when judgment comes.
symbol	s-the-sign-of-jonah	The sign of Jonah	sign|sign of jonas|sign of jonah|jonas|jonah|three days	0	32001017-32001017,40012039-40012041,40016004-40016004,42011029-42011032		[[32001017-32001017|Jonah 1:17]]; [[40012039-40012041|Matthew 12:39-41]]; [[40016004-40016004|Matthew 16:4]]; [[42011029-42011032|Luke 11:29-32]]	Easton's Bible Dictionary	Jonah's three days in the great fish pointed to Jesus: "as Jonas was three days and three nights in the whale's belly; so shall the Son of man be three days and three nights in the heart of the earth" (Matt 12:40), before rising again.
symbol	s-melchizedek-priest-and-king	Melchizedek, priest and king	melchizedek|melchisedec|melchisedek|melchizedec|order of melchizedek|order of melchisedec	0	1014018-1014020,19110004-19110004,58005006-58005006,58005010-58005010,58006020-58006020,58007001-58007017		[[1014018-1014020|Genesis 14:18-20]]; [[19110004-19110004|Psalms 110:4]]; [[58005006-58005010|Hebrews 5:6,10]]; [[58006020-58006020|Hebrews 6:20]]; [[58007001-58007017|Hebrews 7:1-17]]	Easton's Bible Dictionary	The king of Salem and priest of the Most High God who blessed Abraham. With no recorded beginning or end, he pictures Christ, "a priest for ever after the order of Melchisedec" (Ps 110:4), both King and Priest, whose priesthood never ends.
symbol	s-the-last-adam	The last Adam	adam|last adam|first adam|first man|second man	0	45005012-45005021,46015021-46015022,46015045-46015049		[[45005012-45005021|Romans 5:12-21]]; [[46015021-46015049|1 Corinthians 15:21-22,45-49]]	Easton's Bible Dictionary	Adam was "the figure of him that was to come" (Rom 5:14). As all die through the first Adam's sin, so all who are in Christ, "the last Adam", are made alive; he is the head of a new humanity.
symbol	s-the-son-of-man	The Son of Man	son of man|one like the son of man|one like unto the son of man|one like a son of man	0	27007013-27007014,40026064-40026064,41014062-41014062,44007056-44007056,66001013-66001013,66014014-66014014		[[27007013-27007014|Daniel 7:13-14]]; [[40026064-40026064|Matthew 26:64]]; [[41014062-41014062|Mark 14:62]]; [[44007056-44007056|Acts 7:56]]; [[66001013-66001013|Revelation 1:13]]; [[66014014-66014014|Revelation 14:14]]	Easton's Bible Dictionary	In Daniel's vision "one like the Son of man" comes with the clouds of heaven and receives an everlasting kingdom. Jesus took this as his favourite title for himself, and at his trial claimed Daniel's vision as his own.
symbol	s-the-ancient-of-days	The Ancient of Days	ancient of days|ancient one	0	27007009-27007009,27007013-27007013,27007022-27007022		[[27007009-27007022|Daniel 7:9,13,22]]	Easton's Bible Dictionary	God himself, eternal, seated on his fiery throne in judgment, his clothing white as snow and his hair like pure wool: the everlasting King who gives the kingdom to the Son of Man.
symbol	s-milk-and-honey	Milk and honey	milk and honey|flowing with milk and honey|floweth with milk and honey|milk|honey	0	2003008-2003008,2003017-2003017,2013005-2013005,2033003-2033003,3020024-3020024,4013027-4013027,4014008-4014008,5006003-5006003,5011009-5011009,5026009-5026009,5026015-5026015,5027003-5027003,5031020-5031020,6005006-6005006,24011005-24011005,24032022-24032022,26020006-26020006,26020015-26020015		[[2003008-2003017|Exodus 3:8,17]]; [[2013005-2013005|Exodus 13:5]]; [[2033003-2033003|Exodus 33:3]]; [[3020024-3020024|Leviticus 20:24]]; [[4013027-4013027|Numbers 13:27]]; [[4014008-4014008|Numbers 14:8]]; [[5006003-5006003|Deuteronomy 6:3]]; [[5011009-5011009|Deuteronomy 11:9]]; [[5026009-5026015|Deuteronomy 26:9,15]]; [[5027003-5027003|Deuteronomy 27:3]]; [[5031020-5031020|Deuteronomy 31:20]]; [[6005006-6005006|Joshua 5:6]]; [[24011005-24011005|Jeremiah 11:5]]; [[24032022-24032022|Jeremiah 32:22]]; [[26020006-26020015|Ezekiel 20:6,15]]	Easton's Bible Dictionary	"A land flowing with milk and honey": the rich plenty of the land God promised, good for flocks (milk) and full of flowers and fruit (honey).
symbol	s-milk-and-solid-food	Milk and solid food	milk|meat|strong meat|solid food|sincere milk|pure milk|babes	0	46003001-46003002,58005012-58005014,60002002-60002002		[[46003001-46003002|1 Corinthians 3:1-2]]; [[58005012-58005014|Hebrews 5:12-14]]; [[60002002-60002002|1 Peter 2:2]]	Easton's Bible Dictionary	Milk is the simple first teaching for young believers; solid food is deeper teaching for those grown mature. New believers should long for "the sincere milk of the word" to grow (1 Pet 2:2), but not stay babies.
symbol	s-the-wilderness	The wilderness	wilderness|desert	0	5008002-5008003,28002014-28002014,23035001-23035006,23040003-23040003,40004001-40004001,41001012-41001013,46010001-46010011,58003007-58003019,66012006-66012006,66012014-66012014		[[5008002-5008003|Deuteronomy 8:2-3]]; [[28002014-28002014|Hosea 2:14]]; [[23035001-23035006|Isaiah 35:1-6]]; [[23040003-23040003|Isaiah 40:3]]; [[40004001-40004001|Matthew 4:1]]; [[41001012-41001013|Mark 1:12-13]]; [[46010001-46010011|1 Corinthians 10:1-11]]; [[58003007-58003019|Hebrews 3:7-19]]; [[66012006-66012014|Revelation 12:6,14]]	Easton's Bible Dictionary	A place of testing, humbling and dependence on God, where Israel learned that man lives by every word of God, and where Jesus was tempted forty days. It is also where God meets and protects his people, and where the way of the Lord is prepared.
symbol	s-rest	Rest	rest|sabbath rest|sabbath-rest|my rest|his rest|enter into rest	0	19095011-19095011,23011010-23011010,23030015-23030015,40011028-40011029,58003011-58003011,58003018-58003018,58004001-58004011		[[19095011-19095011|Psalms 95:11]]; [[23011010-23011010|Isaiah 11:10]]; [[23030015-23030015|Isaiah 30:15]]; [[40011028-40011029|Matthew 11:28-29]]; [[58003011-58003018|Hebrews 3:11,18]]; [[58004001-58004011|Hebrews 4:1-11]]	Easton's Bible Dictionary	The promised land was Israel's rest, but Hebrews says a greater rest remains for God's people: ceasing from our own works and trusting Christ, and the eternal rest to come. "Come unto me... and I will give you rest" (Matt 11:28).
symbol	s-fruit	Fruit	fruit|fruits|fruitful|bear fruit|bring forth fruit	0	19001003-19001003,40003008-40003008,40003010-40003010,40007016-40007020,40012033-40012033,43015002-43015016,45007004-45007004,48005022-48005023,50001011-50001011,51001010-51001010,58012011-58012011,59003017-59003018		[[19001003-19001003|Psalms 1:3]]; [[40003008-40003010|Matthew 3:8,10]]; [[40007016-40007020|Matthew 7:16-20]]; [[40012033-40012033|Matthew 12:33]]; [[43015002-43015016|John 15:2-16]]; [[45007004-45007004|Romans 7:4]]; [[48005022-48005023|Galatians 5:22-23]]; [[50001011-50001011|Philippians 1:11]]; [[51001010-51001010|Colossians 1:10]]; [[58012011-58012011|Hebrews 12:11]]; [[59003017-59003018|James 3:17-18]]	Easton's Bible Dictionary	The visible results of a life, good or bad: "by their fruits ye shall know them" (Matt 7:20). "The fruit of the Spirit is love, joy, peace, longsuffering, gentleness, goodness, faith, meekness, temperance" (Gal 5:22-23), growing in those joined to Christ.
symbol	s-the-pearl-and-the-treasure	The pearl and the treasure	pearl|pearls|treasure|treasures|pearl of great price|hid treasure	0	40006019-40006021,40007006-40007006,40013044-40013046,47004007-47004007,51002003-51002003		[[40006019-40006021|Matthew 6:19-21]]; [[40007006-40007006|Matthew 7:6]]; [[40013044-40013046|Matthew 13:44-46]]; [[47004007-47004007|2 Corinthians 4:7]]; [[51002003-51002003|Colossians 2:3]]	Easton's Bible Dictionary	The kingdom of heaven, worth more than everything else: a man sells all he has to buy a field with hidden treasure, a merchant to buy one pearl of great price. Jesus told us to lay up treasure in heaven.
symbol	s-the-body-of-christ	The body of Christ	body|bodies|members|member|one body	0	45012004-45012005,46010016-46010017,46012012-46012027,49001022-49001023,49004004-49004004,49004012-49004012,49004016-49004016,49005023-49005023,49005029-49005030,51001018-51001018,51001024-51001024,51002019-51002019,51003015-51003015		[[45012004-45012005|Romans 12:4-5]]; [[46010016-46010017|1 Corinthians 10:16-17]]; [[46012012-46012027|1 Corinthians 12:12-27]]; [[49001022-49001023|Ephesians 1:22-23]]; [[49004004-49004016|Ephesians 4:4,12,16]]; [[49005023-49005030|Ephesians 5:23,29-30]]; [[51001018-51001024|Colossians 1:18,24]]; [[51002019-51002019|Colossians 2:19]]; [[51003015-51003015|Colossians 3:15]]	Easton's Bible Dictionary	The church: "now ye are the body of Christ, and members in particular" (1 Cor 12:27). Like the parts of a body, believers are joined to one another and to Christ the head, each with a part to play.
symbol	s-christ-the-head	Christ the head	head|headship	0	46011003-46011003,49001022-49001022,49004015-49004015,49005023-49005023,51001018-51001018,51002010-51002010,51002019-51002019		[[46011003-46011003|1 Corinthians 11:3]]; [[49001022-49001022|Ephesians 1:22]]; [[49004015-49004015|Ephesians 4:15]]; [[49005023-49005023|Ephesians 5:23]]; [[51001018-51001018|Colossians 1:18]]; [[51002010-51002019|Colossians 2:10,19]]	Easton's Bible Dictionary	Christ is "the head of the body, the church" (Col 1:18): its source of life, its ruler and the one it grows up into.
symbol	s-foundations-and-building	Foundations and building	foundation|foundations|building|built|builder|edifice|house|master builder	0	40007024-40007027,46003009-46003015,49002019-49002022,54003015-54003015,55002019-55002019,58003003-58003006,58011010-58011010,60002005-60002005,66021014-66021014,66021019-66021019		[[40007024-40007027|Matthew 7:24-27]]; [[46003009-46003015|1 Corinthians 3:9-15]]; [[49002019-49002022|Ephesians 2:19-22]]; [[54003015-54003015|1 Timothy 3:15]]; [[55002019-55002019|2 Timothy 2:19]]; [[58003003-58003006|Hebrews 3:3-6]]; [[58011010-58011010|Hebrews 11:10]]; [[60002005-60002005|1 Peter 2:5]]; [[66021014-66021019|Revelation 21:14,19]]	Easton's Bible Dictionary	God's people are a building he is making, "built upon the foundation of the apostles and prophets, Jesus Christ himself being the chief corner stone" (Eph 2:20). "Other foundation can no man lay than that is laid, which is Jesus Christ" (1 Cor 3:11).
symbol	s-the-race	The race	race|run|runneth|ran|running|prize|course|finish the race|finished my course|crown	0	46009024-46009027,48002002-48002002,48005007-48005007,50002016-50002016,50003012-50003014,55002005-55002005,55004007-55004007,58012001-58012002		[[46009024-46009027|1 Corinthians 9:24-27]]; [[48002002-48002002|Galatians 2:2]]; [[48005007-48005007|Galatians 5:7]]; [[50002016-50002016|Philippians 2:16]]; [[50003012-50003014|Philippians 3:12-14]]; [[55002005-55002005|2 Timothy 2:5]]; [[55004007-55004007|2 Timothy 4:7]]; [[58012001-58012002|Hebrews 12:1-2]]	Easton's Bible Dictionary	The Christian life is a race to be run with endurance, looking to Jesus, the goal and the prize. Paul at the end could say, "I have finished my course, I have kept the faith" (2 Tim 4:7).
symbol	s-the-watchman	The watchman	watchman|watchmen|watch	0	23021006-23021012,23052008-23052008,23062006-23062006,24006017-24006017,26003017-26003017,26033002-26033009,35002001-35002001,58013017-58013017		[[23021006-23021012|Isaiah 21:6-12]]; [[23052008-23052008|Isaiah 52:8]]; [[23062006-23062006|Isaiah 62:6]]; [[24006017-24006017|Jeremiah 6:17]]; [[26003017-26003017|Ezekiel 3:17]]; [[26033002-26033009|Ezekiel 33:2-9]]; [[35002001-35002001|Habakkuk 2:1]]; [[58013017-58013017|Hebrews 13:17]]	Easton's Bible Dictionary	The prophet as a lookout on the city wall, warning of danger: "I have made thee a watchman unto the house of Israel" (Ezek 3:17). If he fails to warn, he is responsible; church leaders too "watch for your souls" (Heb 13:17).
symbol	s-wings	Wings	wings|wing|under his wings|shadow of thy wings	0	8002012-8002012,19017008-19017008,19036007-19036007,19057001-19057001,19061004-19061004,19063007-19063007,19091004-19091004,39004002-39004002,40023037-40023037,42013034-42013034		[[8002012-8002012|Ruth 2:12]]; [[19017008-19017008|Psalms 17:8]]; [[19036007-19036007|Psalms 36:7]]; [[19057001-19057001|Psalms 57:1]]; [[19061004-19061004|Psalms 61:4]]; [[19063007-19063007|Psalms 63:7]]; [[19091004-19091004|Psalms 91:4]]; [[39004002-39004002|Malachi 4:2]]; [[40023037-40023037|Matthew 23:37]]; [[42013034-42013034|Luke 13:34]]	Easton's Bible Dictionary	God's tender protection, like a bird sheltering its young: "he shall cover thee with his feathers, and under his wings shalt thou trust" (Ps 91:4). Jesus longed to gather Jerusalem "as a hen gathereth her chickens under her wings".
symbol	s-shield-fortress-and-tower	Shield, fortress and tower	shield|fortress|refuge|tower|strong tower|buckler|stronghold|high tower|strength	0	1015001-1015001,19003003-19003003,19018002-19018002,19028007-19028007,19046001-19046001,19046007-19046007,19046011-19046011,19061003-19061003,19084011-19084011,19091002-19091002,19144002-19144002,20018010-20018010		[[1015001-1015001|Genesis 15:1]]; [[19003003-19003003|Psalms 3:3]]; [[19018002-19018002|Psalms 18:2]]; [[19028007-19028007|Psalms 28:7]]; [[19046001-19046011|Psalms 46:1,7,11]]; [[19061003-19061003|Psalms 61:3]]; [[19084011-19084011|Psalms 84:11]]; [[19091002-19091002|Psalms 91:2]]; [[19144002-19144002|Psalms 144:2]]; [[20018010-20018010|Proverbs 18:10]]	Easton's Bible Dictionary	God's protection of his people: "The name of the Lord is a strong tower: the righteous runneth into it, and is safe" (Prov 18:10); "God is our refuge and strength" (Ps 46:1).
symbol	s-the-anchor	The anchor	anchor	0	58006019-58006019		[[58006019-58006019|Hebrews 6:19]]	Easton's Bible Dictionary	Christian hope in God's promise is "an anchor of the soul, both sure and stedfast" (Heb 6:19), holding firm in storms because it is fixed in Christ, who has gone ahead into God's presence.
symbol	s-the-mirror	The mirror	glass|mirror|through a glass|darkly	0	46013012-46013012,47003018-47003018,59001023-59001025		[[46013012-46013012|1 Corinthians 13:12]]; [[47003018-47003018|2 Corinthians 3:18]]; [[59001023-59001025|James 1:23-25]]	Easton's Bible Dictionary	Ancient mirrors of polished metal gave only a dim image: "now we see through a glass, darkly; but then face to face" (1 Cor 13:12). James likens God's word to a mirror that shows us as we are.
symbol	s-the-mark-and-the-name-on-the-forehead	The mark and the name on the forehead	mark|forehead|foreheads|seal of god|his name|the mark of the beast	0	26009004-26009004,66007003-66007003,66009004-66009004,66013016-66013017,66014001-66014001,66014009-66014009,66014011-66014011,66016002-66016002,66019020-66019020,66020004-66020004,66022004-66022004		[[26009004-26009004|Ezekiel 9:4]]; [[66007003-66007003|Revelation 7:3]]; [[66009004-66009004|Revelation 9:4]]; [[66013016-66013017|Revelation 13:16-17]]; [[66014001-66014011|Revelation 14:1,9,11]]; [[66016002-66016002|Revelation 16:2]]; [[66019020-66019020|Revelation 19:20]]; [[66020004-66020004|Revelation 20:4]]; [[66022004-66022004|Revelation 22:4]]	Easton's Bible Dictionary	Showing who a person belongs to. God's servants are sealed with his name on their foreheads; those who follow the beast take its mark. Traditional interpreters read it as the outward sign of a person's loyalty, whether to God or to the world's power.
symbol	s-the-bottomless-pit	The bottomless pit	bottomless pit|abyss|pit|deep	0	42008031-42008031,45010007-45010007,66009001-66009002,66009011-66009011,66011007-66011007,66017008-66017008,66020001-66020001,66020003-66020003		[[42008031-42008031|Luke 8:31]]; [[45010007-45010007|Romans 10:7]]; [[66009001-66009011|Revelation 9:1-2,11]]; [[66011007-66011007|Revelation 11:7]]; [[66017008-66017008|Revelation 17:8]]; [[66020001-66020003|Revelation 20:1,3]]	Easton's Bible Dictionary	The abyss: the prison of evil spirits, from which the demons begged Jesus not to send them, and where Satan is bound in Revelation 20.
symbol	s-the-four-winds-and-corners	The four winds and corners	four winds|four corners|corners of the earth|four quarters|winds	0	23011012-23011012,24049036-24049036,26037009-26037009,27007002-27007002,27008008-27008008,38002006-38002006,38006005-38006005,40024031-40024031,41013027-41013027,66007001-66007001,66020008-66020008		[[23011012-23011012|Isaiah 11:12]]; [[24049036-24049036|Jeremiah 49:36]]; [[26037009-26037009|Ezekiel 37:9]]; [[27007002-27007002|Daniel 7:2]]; [[27008008-27008008|Daniel 8:8]]; [[38002006-38002006|Zechariah 2:6]]; [[38006005-38006005|Zechariah 6:5]]; [[40024031-40024031|Matthew 24:31]]; [[41013027-41013027|Mark 13:27]]; [[66007001-66007001|Revelation 7:1]]; [[66020008-66020008|Revelation 20:8]]	Easton's Bible Dictionary	North, south, east and west: the whole earth. The elect are gathered "from the four winds, from one end of heaven to the other" (Matt 24:31).
symbol	s-the-two-witnesses	The two witnesses	two witnesses|witnesses|two olive trees|two candlesticks	0	66011003-66011012		[[66011003-66011012|Revelation 11:3-12]]	Easton's Bible Dictionary	Two prophets in Revelation 11 who testify for God, are killed by the beast, and are raised and taken up to heaven. They are described like Moses and Elijah; many traditional interpreters see in them the faithful witness of God's people, which cannot finally be silenced.
symbol	s-the-woman-clothed-with-the-sun	The woman clothed with the sun	woman|a woman clothed with the sun	0	66012001-66012017		[[66012001-66012017|Revelation 12:1-17]]	Easton's Bible Dictionary	A woman crowned with twelve stars gives birth to the male child who will rule the nations, Christ, while the dragon tries to destroy him. Traditional Protestant interpreters see her as God's people, Israel and the church, from whom the Messiah came and whom God protects.
symbol	s-colours-white	Colours: white	white|whiter	0	23001018-23001018,27007009-27007009,40017002-40017002,40028003-40028003,41009003-41009003,66001014-66001014,66002017-66002017,66003004-66003005,66003018-66003018,66004004-66004004,66006002-66006002,66006011-66006011,66007009-66007009,66007013-66007014,66019011-66019011,66019014-66019014,66020011-66020011		[[23001018-23001018|Isaiah 1:18]]; [[27007009-27007009|Daniel 7:9]]; [[40017002-40017002|Matthew 17:2]]; [[40028003-40028003|Matthew 28:3]]; [[41009003-41009003|Mark 9:3]]; [[66001014-66001014|Revelation 1:14]]; [[66002017-66002017|Revelation 2:17]]; [[66003004-66003018|Revelation 3:4-5,18]]; [[66004004-66004004|Revelation 4:4]]; [[66006002-66006011|Revelation 6:2,11]]; [[66007009-66007014|Revelation 7:9,13-14]]; [[66019011-66019014|Revelation 19:11,14]]; [[66020011-66020011|Revelation 20:11]]	Easton's Bible Dictionary	Purity, holiness and victory: the shining white of the transfigured Christ, the white robes of the redeemed, the white horse of the conqueror and the great white throne of judgment.
symbol	s-colours-scarlet-and-red	Colours: scarlet and red	scarlet|red|crimson|red as crimson	0	6002018-6002018,6002021-6002021,23001018-23001018,23063002-23063002,34002003-34002003,66006004-66006004,66012003-66012003,66017003-66017004,66018012-66018012,66018016-66018016		[[6002018-6002021|Joshua 2:18,21]]; [[23001018-23001018|Isaiah 1:18]]; [[23063002-23063002|Isaiah 63:2]]; [[34002003-34002003|Nahum 2:3]]; [[66006004-66006004|Revelation 6:4]]; [[66012003-66012003|Revelation 12:3]]; [[66017003-66017004|Revelation 17:3-4]]; [[66018012-66018016|Revelation 18:12,16]]	Easton's Bible Dictionary	The colour of blood: sin ("though your sins be as scarlet", Isa 1:18), war (the red horse of Rev 6), and the dragon and the harlot. Rahab's scarlet cord, which saved her house, has often been seen as a picture of salvation through blood.
symbol	s-colours-purple	Colours: purple	purple	0	7008026-7008026,17008015-17008015,20031022-20031022,41015017-41015017,41015020-41015020,42016019-42016019,43019002-43019002,43019005-43019005,44016014-44016014,66017004-66017004,66018012-66018012,66018016-66018016		[[7008026-7008026|Judges 8:26]]; [[17008015-17008015|Esther 8:15]]; [[20031022-20031022|Proverbs 31:22]]; [[41015017-41015020|Mark 15:17,20]]; [[42016019-42016019|Luke 16:19]]; [[43019002-43019005|John 19:2,5]]; [[44016014-44016014|Acts 16:14]]; [[66017004-66017004|Revelation 17:4]]; [[66018012-66018016|Revelation 18:12,16]]	Easton's Bible Dictionary	Purple dye was rare and costly, so purple meant royalty and wealth. The soldiers put a purple robe on Jesus to mock him as king; the rich man of the parable "was clothed in purple and fine linen".
symbol	s-colours-black-and-pale	Colours: black and pale	black|blackness|pale	0	38006002-38006002,38006006-38006006,66006005-66006008,66006012-66006012,65001013-65001013		[[38006002-38006006|Zechariah 6:2,6]]; [[66006005-66006012|Revelation 6:5-8,12]]; [[65001013-65001013|Jude 1:13]]	Easton's Bible Dictionary	In Revelation's four horses, black stands for famine and the pale (greenish-grey, the colour of a corpse) horse for death. "Blackness of darkness" is the doom of false teachers (Jude 13).
symbol	s-precious-stones	Precious stones	jasper|sapphire|chalcedony|emerald|sardonyx|sardius|sardine|carnelian|chrysolite|chrysolyte|beryl|topaz|chrysoprase|chrysoprasus|jacinth|amethyst|agate|onyx|pearl|pearls|precious stones|gold	0	2028017-2028021,2039010-2039014,23054011-23054012,26028013-26028013,66004003-66004003,66021011-66021011,66021018-66021021		[[2028017-2028021|Exodus 28:17-21]]; [[2039010-2039014|Exodus 39:10-14]]; [[23054011-23054012|Isaiah 54:11-12]]; [[26028013-26028013|Ezekiel 28:13]]; [[66004003-66004003|Revelation 4:3]]; [[66021011-66021021|Revelation 21:11,18-21]]	Easton's Bible Dictionary	The beauty, worth and glory of God and of the new Jerusalem, whose walls and foundations are of precious stones, its gates of pearl and its street of pure gold. The twelve stones echo those on the high priest's breastpiece, bearing the names of God's people.
worship	w-the-tabernacle	The tabernacle	tabernacle|tent of meeting|tabernacle of the congregation|tabernacle of witness|tabernacle of the testimony|tent of the testimony|tabernacle of the lord|tent of the lord	1	2025008-2025009,2026000-2026999,2040001-2040038,4009015-4009023,6018001-6018001,58008001-58008005,58009001-58009011	18005024-18005024,18008022-18008022,18011014-18011014,18012006-18012006,18015034-18015034,18018006-18018006,18018014-18018014,18018015-18018015,18019012-18019012,18020026-18020026,18021028-18021028,18022023-18022023,18029004-18029004,18031031-18031031,19015001-19015001,19019004-19019004,19027005-19027006,19061004-19061004,19076002-19076002,19078060-19078060,19078067-19078067,19084001-19084001,19091010-19091010,19118015-19118015,19132003-19132003,19132005-19132005,19132007-19132007,20014011-20014011,23016005-23016005,23033020-23033020,23040022-23040022,24010020-24010020,25002004-25002004,25002006-25002006,30009011-30009011,44007043-44007043,44015016-44015016,47005001-47005001,47005004-47005004,58008002-58008002,58009011-58009011,61001013-61001014,66013006-66013006,66015005-66015005,66021003-66021003	[[2025008-2025009|Exodus 25:8-9]]; [[2026000-2026999|Exodus 26]]; [[2040001-2040038|Exodus 40:1-38]]; [[4009015-4009023|Numbers 9:15-23]]; [[6018001-6018001|Joshua 18:1]]; [[58008001-58008005|Hebrews 8:1-5]]; [[58009001-58009011|Hebrews 9:1-11]]	Easton's Bible Dictionary; Edersheim, The Temple: Its Ministry and Services	The holy tent Israel made in the wilderness at God's command, where he dwelt among his people. It could be taken down and carried; it stood in a courtyard with the altar and basin, and inside were the Holy Place (with the lampstand, the table of bread and the incense altar) and the Most Holy Place (with the ark). Hebrews calls it a copy and shadow of the true sanctuary in heaven, where Christ ministers.
worship	w-the-temple	The temple	temple|temples|house of the lord|house of god|temple courts|temple of the lord	1	11006000-11006999,11008001-11008066,15003008-15003013,15006013-15006018,37002001-37002009,41011015-41011017,41013001-41013002,42002041-42002049,43002013-43002021	43002019-43002021,46003016-46003017,46006019-46006019,47006016-47006016,49002021-49002021,66003012-66003012,66007015-66007015,66011001-66011001,66011019-66011019,66014015-66014015,66014017-66014017,66015005-66015008,66016001-66016001,66016017-66016017,66021022-66021022,7009027-7009027,9005002-9005002,9005005-9005005,9031010-9031010,12010021-12010027,12011018-12011018,15001007-15001007,27001002-27001002,27005002-27005003,44019027-44019027,29003005-29003005,28008014-28008014	[[11006000-11006999|1 Kings 6]]; [[11008001-11008066|1 Kings 8:1-66]]; [[15003008-15003013|Ezra 3:8-13]]; [[15006013-15006018|Ezra 6:13-18]]; [[37002001-37002009|Haggai 2:1-9]]; [[41011015-41011017|Mark 11:15-17]]; [[41013001-41013002|Mark 13:1-2]]; [[42002041-42002049|Luke 2:41-49]]; [[43002013-43002021|John 2:13-21]]	Easton's Bible Dictionary; Edersheim, The Temple: Its Ministry and Services	God's house in Jerusalem, where the sacrifices were offered. Solomon built the first temple (about 960 BC); Babylon destroyed it in 586 BC. The second temple was built after the exile and greatly enlarged by Herod the Great; this is the temple Jesus knew, with its large courts where people bought animals and changed money. The Romans destroyed it in AD 70, as Jesus had foretold.
worship	w-the-most-holy-place	The Most Holy Place	most holy place|holy of holies|holiest of all|the holiest|inner sanctuary|most holy room|the oracle|most holy	0	2026033-2026034,3016002-3016002,11006016-11006016,11006019-11006023,11008006-11008006,14003008-14003010,14005007-14005007,26041004-26041004,58009003-58009003,58009007-58009008,58009012-58009012,58009025-58009025,58010019-58010019		[[2026033-2026034|Exodus 26:33-34]]; [[3016002-3016002|Leviticus 16:2]]; [[11006016-11006023|1 Kings 6:16,19-23]]; [[11008006-11008006|1 Kings 8:6]]; [[14003008-14003010|2 Chronicles 3:8-10]]; [[14005007-14005007|2 Chronicles 5:7]]; [[26041004-26041004|Ezekiel 41:4]]; [[58009003-58009025|Hebrews 9:3,7-8,12,25]]; [[58010019-58010019|Hebrews 10:19]]	Easton's Bible Dictionary; Edersheim, The Temple: Its Ministry and Services	The innermost room of the tabernacle and temple, a perfect cube, where the ark of the covenant stood and God's presence dwelt. A thick curtain shut it off; only the high priest could go in, once a year on the Day of Atonement, with blood. Hebrews says Christ's death opened the way into God's presence for all who trust him (Heb 10:19-20).
worship	w-the-veil-of-the-temple	The veil of the temple	veil|vail|curtain|the curtain of the temple	0	2026031-2026035,2036035-2036035,3016002-3016002,3016012-3016012,3016015-3016015,3021023-3021023,14003014-14003014,40027051-40027051,41015038-41015038,42023045-42023045,58006019-58006019,58009003-58009003,58010020-58010020		[[2026031-2026035|Exodus 26:31-35]]; [[2036035-2036035|Exodus 36:35]]; [[3016002-3016015|Leviticus 16:2,12,15]]; [[3021023-3021023|Leviticus 21:23]]; [[14003014-14003014|2 Chronicles 3:14]]; [[40027051-40027051|Matthew 27:51]]; [[41015038-41015038|Mark 15:38]]; [[42023045-42023045|Luke 23:45]]; [[58006019-58006019|Hebrews 6:19]]; [[58009003-58009003|Hebrews 9:3]]; [[58010020-58010020|Hebrews 10:20]]	Easton's Bible Dictionary; Edersheim, The Temple: Its Ministry and Services	The heavy woven curtain between the Holy Place and the Most Holy Place, embroidered with cherubim. When Jesus died it was torn in two from top to bottom, showing that the way to God was opened. Hebrews calls Christ's body the veil through which we may now come near (Heb 10:20).
worship	w-the-ark-of-the-covenant	The ark of the covenant	ark of the covenant|ark of the testimony|ark of god|ark of the lord|ark of your might|ark of thy strength|ark of the covenant of the lord|ark of the covenant of god|ark of the law|the ark	0	2025010-2025022,2037001-2037009,4010033-4010036,6003003-6003017,6006004-6006013,9004000-9006999,10006001-10006017,11008001-11008009,13013000-13013999,13015000-13016999,14005002-14005010,19132008-19132008,24003016-24003016,58009004-58009004,66011019-66011019		[[2025010-2025022|Exodus 25:10-22]]; [[2037001-2037009|Exodus 37:1-9]]; [[4010033-4010036|Numbers 10:33-36]]; [[6003003-6003017|Joshua 3:3-17]]; [[6006004-6006013|Joshua 6:4-13]]; [[9004000-9006999|1 Samuel 4-6]]; [[10006001-10006017|2 Samuel 6:1-17]]; [[11008001-11008009|1 Kings 8:1-9]]; [[13013000-13013999|1 Chronicles 13]]; [[13015000-13016999|1 Chronicles 15-16]]; [[14005002-14005010|2 Chronicles 5:2-10]]; [[19132008-19132008|Psalms 132:8]]; [[24003016-24003016|Jeremiah 3:16]]; [[58009004-58009004|Hebrews 9:4]]; [[66011019-66011019|Revelation 11:19]]	Easton's Bible Dictionary; Edersheim, The Temple: Its Ministry and Services	A wooden chest overlaid with gold, holding the stone tablets of the Ten Commandments, with Aaron's rod and a jar of manna. Its lid, the mercy seat, had two golden cherubim; God said he would meet with Israel there. It went before Israel through the Jordan and around Jericho, and stood in the Most Holy Place; it was lost when Babylon took Jerusalem.
worship	w-the-mercy-seat	The mercy seat	mercy seat|mercyseat|atonement cover|cover of atonement|place of atonement|atonement lid	1	2025017-2025022,3016002-3016002,3016013-3016015,4007089-4007089,58009005-58009005,45003025-45003025		[[2025017-2025022|Exodus 25:17-22]]; [[3016002-3016015|Leviticus 16:2,13-15]]; [[4007089-4007089|Numbers 7:89]]; [[58009005-58009005|Hebrews 9:5]]; [[45003025-45003025|Romans 3:25]]	Easton's Bible Dictionary; Edersheim, The Temple: Its Ministry and Services	The gold lid of the ark of the covenant, between the cherubim, where the high priest sprinkled blood on the Day of Atonement to cover the people's sins. Paul uses the same Greek word for Christ, whom God "set forth to be a propitiation" (Rom 3:25): the place where sin is covered and God's mercy met.
worship	w-the-altar	The altar	altar|altars|altar of burnt offering|bronze altar|brasen altar|altar of the lord	1	1008020-1008020,1012007-1012008,1022009-1022009,2020024-2020026,2027001-2027008,3001005-3001009,11018030-11018038,40005023-40005024,58013010-58013010		[[1008020-1008020|Genesis 8:20]]; [[1012007-1012008|Genesis 12:7-8]]; [[1022009-1022009|Genesis 22:9]]; [[2020024-2020026|Exodus 20:24-26]]; [[2027001-2027008|Exodus 27:1-8]]; [[3001005-3001009|Leviticus 1:5-9]]; [[11018030-11018038|1 Kings 18:30-38]]; [[40005023-40005024|Matthew 5:23-24]]; [[58013010-58013010|Hebrews 13:10]]	Easton's Bible Dictionary; Edersheim, The Temple: Its Ministry and Services	A raised place of earth, stone or bronze where sacrifices were offered to God. Abraham and the patriarchs built altars where God met them; at the tabernacle and temple, the great bronze altar stood in the courtyard and its fire was never to go out. Altars to Baal and other gods were to be torn down.
worship	w-the-horns-of-the-altar	The horns of the altar	horns of the altar|horns of the altars|horn of the altar	1	2027002-2027002,2029012-2029012,3004007-3004007,3004018-3004018,3004025-3004025,3004030-3004030,3004034-3004034,3016018-3016018,11001050-11001051,11002028-11002028,19118027-19118027,30003014-30003014,66009013-66009013		[[2027002-2027002|Exodus 27:2]]; [[2029012-2029012|Exodus 29:12]]; [[3004007-3004034|Leviticus 4:7,18,25,30,34]]; [[3016018-3016018|Leviticus 16:18]]; [[11001050-11001051|1 Kings 1:50-51]]; [[11002028-11002028|1 Kings 2:28]]; [[19118027-19118027|Psalms 118:27]]; [[30003014-30003014|Amos 3:14]]; [[66009013-66009013|Revelation 9:13]]	Easton's Bible Dictionary	Projections like horns at the four corners of the altar. Blood of the sin offering was put on them. A person who fled to the altar and took hold of its horns was asking for God's protection from punishment (1 Kgs 1:50).
worship	w-incense	Incense	incense|sweet incense|frankincense|altar of incense|golden altar	1	2030001-2030010,2030034-2030038,3010001-3010002,3016012-3016013,4016046-4016048,19141002-19141002,39001011-39001011,42001009-42001011,66005008-66005008,66008003-66008004		[[2030001-2030038|Exodus 30:1-10,34-38]]; [[3010001-3010002|Leviticus 10:1-2]]; [[3016012-3016013|Leviticus 16:12-13]]; [[4016046-4016048|Numbers 16:46-48]]; [[19141002-19141002|Psalms 141:2]]; [[39001011-39001011|Malachi 1:11]]; [[42001009-42001011|Luke 1:9-11]]; [[66005008-66005008|Revelation 5:8]]; [[66008003-66008004|Revelation 8:3-4]]	Easton's Bible Dictionary; Edersheim, The Temple: Its Ministry and Services	Sweet-smelling spices burned on the golden altar before the veil, morning and evening, by a priest chosen by lot. Its rising smoke pictured prayer going up to God (Ps 141:2; Rev 8:4). Zechariah was burning incense when the angel told him John the Baptist would be born.
worship	w-the-lampstand	The lampstand	lampstand|lampstands|candlestick|candlesticks	0	2025031-2025040,2037017-2037024,3024001-3024004,4008001-4008004,11007049-11007049,58009002-58009002		[[2025031-2025040|Exodus 25:31-40]]; [[2037017-2037024|Exodus 37:17-24]]; [[3024001-3024004|Leviticus 24:1-4]]; [[4008001-4008004|Numbers 8:1-4]]; [[11007049-11007049|1 Kings 7:49]]; [[58009002-58009002|Hebrews 9:2]]	Easton's Bible Dictionary; Edersheim, The Temple: Its Ministry and Services	The golden lampstand in the Holy Place, with a central shaft and six branches, its seven lamps kept burning with pure olive oil. It was the only light in the Holy Place. (In Zechariah and Revelation lampstands are symbols: see Symbols.)
worship	w-the-bread-of-the-presence	The bread of the Presence	shewbread|showbread|bread of the presence|consecrated bread|holy bread|bread of presence|the bread of the presence|table of shewbread|sacred bread	1	2025023-2025030,3024005-3024009,9021001-9021006,40012003-40012004,41002025-41002026,42006003-42006004,58009002-58009002		[[2025023-2025030|Exodus 25:23-30]]; [[3024005-3024009|Leviticus 24:5-9]]; [[9021001-9021006|1 Samuel 21:1-6]]; [[40012003-40012004|Matthew 12:3-4]]; [[41002025-41002026|Mark 2:25-26]]; [[42006003-42006004|Luke 6:3-4]]; [[58009002-58009002|Hebrews 9:2]]	Easton's Bible Dictionary; Edersheim, The Temple: Its Ministry and Services	Twelve loaves, one for each tribe, set out every Sabbath on a gold table in the Holy Place, "before the face" of the Lord. Only priests could eat the old loaves. When David and his men were hungry the priest gave them this bread, and Jesus used it to show that mercy matters more than ritual.
worship	w-sacrifice	Sacrifice	sacrifice|sacrifices|sacrificed|sacrificing|sacrificeth	1	1004003-1004005,1022001-1022014,3001000-3007999,3017011-3017011,9015022-9015022,19051016-19051017,28006006-28006006,45012001-45012001,58009022-58009028,58010001-58010014,58013015-58013016		[[1004003-1004005|Genesis 4:3-5]]; [[1022001-1022014|Genesis 22:1-14]]; [[3001000-3007999|Leviticus 1-7]]; [[3017011-3017011|Leviticus 17:11]]; [[9015022-9015022|1 Samuel 15:22]]; [[19051016-19051017|Psalms 51:16-17]]; [[28006006-28006006|Hosea 6:6]]; [[45012001-45012001|Romans 12:1]]; [[58009022-58009028|Hebrews 9:22-28]]; [[58010001-58010014|Hebrews 10:1-14]]; [[58013015-58013016|Hebrews 13:15-16]]	Easton's Bible Dictionary; Edersheim, The Temple: Its Ministry and Services	An offering to God, most often an animal killed and offered on the altar, or grain, wine or oil. The Law set out several kinds: burnt, grain, peace, sin and guilt offerings. The blood of sacrifices made atonement for sin (Lev 17:11), pointing ahead to Christ, who "offered one sacrifice for sins for ever" (Heb 10:12). Christians are to offer themselves, praise and good deeds as living sacrifices.
worship	w-the-burnt-offering	The burnt offering	burnt offering|burnt offerings|burnt sacrifice|burnt sacrifices|whole burnt offering|whole burnt offerings	1	1022002-1022013,3001000-3001999,3006008-3006013,4028003-4028008,11018033-11018038,19051016-19051016,19051019-19051019,41012033-41012033,58010006-58010008		[[1022002-1022013|Genesis 22:2-13]]; [[3001000-3001999|Leviticus 1]]; [[3006008-3006013|Leviticus 6:8-13]]; [[4028003-4028008|Numbers 28:3-8]]; [[11018033-11018038|1 Kings 18:33-38]]; [[19051016-19051019|Psalms 51:16,19]]; [[41012033-41012033|Mark 12:33]]; [[58010006-58010008|Hebrews 10:6-8]]	Easton's Bible Dictionary; Edersheim, The Temple: Its Ministry and Services	An animal wholly burned on the altar, nothing kept back: a picture of complete devotion to God. A lamb was offered every morning and every evening for the nation (the "continual" burnt offering).
worship	w-the-grain-offering	The grain offering	meat offering|meat offerings|grain offering|grain offerings|meal offering|meal offerings|cereal offering|cereal offerings|minchah	1	3002000-3002999,3006014-3006023,4015001-4015012		[[3002000-3002999|Leviticus 2]]; [[3006014-3006023|Leviticus 6:14-23]]; [[4015001-4015012|Numbers 15:1-12]]	Easton's Bible Dictionary; Edersheim, The Temple: Its Ministry and Services	An offering of fine flour, with oil and frankincense but no yeast or honey, often baked into cakes. A handful was burned on the altar and the rest went to the priests. (The King James "meat offering" means food offering: "meat" then meant food.)
worship	w-the-peace-offering	The peace offering	peace offering|peace offerings|fellowship offering|fellowship offerings|sacrifice of peace offerings|sacrifices of peace offerings|offering of well-being|offerings of well-being	1	3003000-3003999,3007011-3007021,3007028-3007034,3022021-3022021,9011015-9011015,11008063-11008063		[[3003000-3003999|Leviticus 3]]; [[3007011-3007034|Leviticus 7:11-21,28-34]]; [[3022021-3022021|Leviticus 22:21]]; [[9011015-9011015|1 Samuel 11:15]]; [[11008063-11008063|1 Kings 8:63]]	Easton's Bible Dictionary; Edersheim, The Temple: Its Ministry and Services	An offering of thanks or a vow, shared: the fat was burned to God, the priests had their portion, and the worshipper and family ate the rest in a joyful meal before the Lord. It pictured peace and fellowship with God.
worship	w-the-sin-offering	The sin offering	sin offering|sin offerings|offering for sin|purification offering|purification offerings	1	3004001-3005013,3006024-3006030,3016003-3016027,4008008-4008008,47005021-47005021,58013011-58013012		[[3004001-3005013|Leviticus 4:1-5:13]]; [[3006024-3006030|Leviticus 6:24-30]]; [[3016003-3016027|Leviticus 16:3-27]]; [[4008008-4008008|Numbers 8:8]]; [[47005021-47005021|2 Corinthians 5:21]]; [[58013011-58013012|Hebrews 13:11-12]]	Easton's Bible Dictionary; Edersheim, The Temple: Its Ministry and Services	An offering for sins done without meaning to, or for uncleanness. Its blood was put on the altar's horns or sprinkled before the veil; for the priest or the nation the body was burned outside the camp. Hebrews notes that Jesus too "suffered outside the gate" (Heb 13:12).
worship	w-the-guilt-offering	The guilt offering	trespass offering|trespass offerings|guilt offering|guilt offerings|offering for guilt|compensation offering|reparation offering	1	3005014-3006007,3007001-3007007,3014012-3014014,4006012-4006012,23053010-23053010		[[3005014-3006007|Leviticus 5:14-6:7]]; [[3007001-3007007|Leviticus 7:1-7]]; [[3014012-3014014|Leviticus 14:12-14]]; [[4006012-4006012|Numbers 6:12]]; [[23053010-23053010|Isaiah 53:10]]	Easton's Bible Dictionary; Edersheim, The Temple: Its Ministry and Services	An offering for wrongs that could be paid back, such as taking what belonged to God or to a neighbour. The wrongdoer repaid in full, plus a fifth, and offered a ram. Isaiah says the Servant of the Lord would make his life an offering for guilt (Isa 53:10).
worship	w-the-drink-offering	The drink offering	drink offering|drink offerings|libation|libations|poured out as a drink offering	1	1035014-1035014,2029040-2029041,4015005-4015010,4028007-4028010,29001009-29001009,29001013-29001013,50002017-50002017,55004006-55004006		[[1035014-1035014|Genesis 35:14]]; [[2029040-2029041|Exodus 29:40-41]]; [[4015005-4015010|Numbers 15:5-10]]; [[4028007-4028010|Numbers 28:7-10]]; [[29001009-29001013|Joel 1:9,13]]; [[50002017-50002017|Philippians 2:17]]; [[55004006-55004006|2 Timothy 4:6]]	Easton's Bible Dictionary	Wine poured out at the altar alongside other offerings. Paul twice speaks of his own life being "poured out" like a drink offering, in his ministry and at his coming death (Phil 2:17; 2 Tim 4:6).
worship	w-wave-and-heave-offerings	Wave and heave offerings	wave offering|wave offerings|heave offering|heave offerings|waved|wave them|wave it	0	2029024-2029028,3007030-3007034,3008027-3008029,3023010-3023020,4006020-4006020,4018008-4018011,4018026-4018029		[[2029024-2029028|Exodus 29:24-28]]; [[3007030-3007034|Leviticus 7:30-34]]; [[3008027-3008029|Leviticus 8:27-29]]; [[3023010-3023020|Leviticus 23:10-20]]; [[4006020-4006020|Numbers 6:20]]; [[4018008-4018029|Numbers 18:8-11,26-29]]	Easton's Bible Dictionary; Edersheim, The Temple: Its Ministry and Services	Parts of an offering that were lifted up or waved before the Lord, showing they were given to him, and then given back to the priests as their share. The first sheaf of the harvest and the two loaves of Pentecost were waved in the same way.
worship	w-the-freewill-offering	The freewill offering	freewill offering|freewill offerings|free will offering|free will offerings|voluntary offering|voluntary offerings|willing offering	1	2035029-2035029,2036003-2036003,3022018-3022023,5016010-5016010,15001004-15001004,15003005-15003005,19054006-19054006,47009007-47009007		[[2035029-2035029|Exodus 35:29]]; [[2036003-2036003|Exodus 36:3]]; [[3022018-3022023|Leviticus 22:18-23]]; [[5016010-5016010|Deuteronomy 16:10]]; [[15001004-15001004|Ezra 1:4]]; [[15003005-15003005|Ezra 3:5]]; [[19054006-19054006|Psalms 54:6]]; [[47009007-47009007|2 Corinthians 9:7]]	Easton's Bible Dictionary	An offering given gladly, not because the Law required it. The tabernacle was built from such gifts, and so much was given that Moses had to tell the people to stop (Exod 36:6).
worship	w-the-red-heifer	The red heifer	red heifer|ashes of an heifer|ashes of a heifer|ashes of the heifer|water of separation|water of purification|water of cleansing	1	4019000-4019999,58009013-58009014		[[4019000-4019999|Numbers 19]]; [[58009013-58009014|Hebrews 9:13-14]]	Easton's Bible Dictionary; Edersheim, The Temple: Its Ministry and Services	A red cow without blemish was burned outside the camp, and its ashes mixed with water were sprinkled on anyone made unclean by touching a dead body. Hebrews contrasts this outward cleansing with the blood of Christ, which cleanses the conscience (Heb 9:13-14).
worship	w-the-scapegoat	The scapegoat	scapegoat|scape goat|azazel|goat for azazel|live goat	0	3016008-3016010,3016020-3016022,3016026-3016026		[[3016008-3016026|Leviticus 16:8-10,20-22,26]]	Easton's Bible Dictionary; Edersheim, The Temple: Its Ministry and Services	On the Day of Atonement two goats were chosen by lot. One was sacrificed; over the other the high priest confessed all Israel's sins, laying his hands on its head, and it was sent away into the wilderness, carrying their sins far off. It pictures sin removed "as far as the east is from the west" (Ps 103:12).
worship	w-the-priests	The priests	priest|priests|priesthood|priest's|priests'	1	2028001-2028001,3008000-3010999,4018001-4018007,5033008-5033010,39002007-39002007,42001005-42001009,58007011-58007028,60002005-60002005,60002009-60002009,66001006-66001006		[[2028001-2028001|Exodus 28:1]]; [[3008000-3010999|Leviticus 8-10]]; [[4018001-4018007|Numbers 18:1-7]]; [[5033008-5033010|Deuteronomy 33:8-10]]; [[39002007-39002007|Malachi 2:7]]; [[42001005-42001009|Luke 1:5-9]]; [[58007011-58007028|Hebrews 7:11-28]]; [[60002005-60002009|1 Peter 2:5,9]]; [[66001006-66001006|Revelation 1:6]]	Easton's Bible Dictionary; Edersheim, The Temple: Its Ministry and Services	Aaron and his descendants, of the tribe of Levi, set apart to serve at the altar, offer sacrifices, burn incense, bless the people and teach God's law. In Jesus' day there were so many priests that they served in 24 divisions, a week at a time (Luke 1:8). The New Testament calls Christ the great High Priest and all believers a "royal priesthood" (1 Pet 2:9). Other nations had priests of their own gods too.
worship	w-the-high-priest	The high priest	high priest|high priests|chief priest|chief priests|leading priests|chief of the priests|high priest's	1	2028000-2028999,3016000-3016999,3021010-3021015,4035025-4035025,40026057-40026066,43011049-43011051,43018013-43018024,44023002-44023005,58004014-58005010,58007026-58007028,58009007-58009007,58009011-58009012		[[2028000-2028999|Exodus 28]]; [[3016000-3016999|Leviticus 16]]; [[3021010-3021015|Leviticus 21:10-15]]; [[4035025-4035025|Numbers 35:25]]; [[40026057-40026066|Matthew 26:57-66]]; [[43011049-43011051|John 11:49-51]]; [[43018013-43018024|John 18:13-24]]; [[44023002-44023005|Acts 23:2-5]]; [[58004014-58005010|Hebrews 4:14-5:10]]; [[58007026-58007028|Hebrews 7:26-28]]; [[58009007-58009012|Hebrews 9:7,11-12]]	Easton's Bible Dictionary; Edersheim, The Temple: Its Ministry and Services	The head of the priests, at first from Aaron's line, who alone entered the Most Holy Place on the Day of Atonement and wore the ephod and breastpiece with the names of the twelve tribes. In Jesus' day the Romans appointed him; Annas and his son-in-law Caiaphas led the trial of Jesus. "Chief priests" were the leading priestly families on the council. Hebrews presents Jesus as the perfect High Priest who offered himself.
worship	w-the-levites	The Levites	levite|levites|levite's|levitical	1	4001047-4001053,4003005-4003013,4008005-4008026,4018021-4018024,5018001-5018008,13023024-13023032,16008007-16008008,42010032-42010032,43001019-43001019		[[4001047-4001053|Numbers 1:47-53]]; [[4003005-4003013|Numbers 3:5-13]]; [[4008005-4008026|Numbers 8:5-26]]; [[4018021-4018024|Numbers 18:21-24]]; [[5018001-5018008|Deuteronomy 18:1-8]]; [[13023024-13023032|1 Chronicles 23:24-32]]; [[16008007-16008008|Nehemiah 8:7-8]]; [[42010032-42010032|Luke 10:32]]; [[43001019-43001019|John 1:19]]	Easton's Bible Dictionary; Edersheim, The Temple: Its Ministry and Services	Members of the tribe of Levi, set apart to serve God in place of the firstborn of Israel. They carried the tabernacle, and later served in the temple as gatekeepers, singers, musicians and helpers of the priests; some taught the Law. They received no land of their own but lived on the tithes, in 48 towns spread through the tribes.
worship	w-the-ephod	The ephod	ephod|ephods	1	2028004-2028014,2039002-2039007,7008027-7008027,7017005-7017005,9002018-9002018,9023006-9023009,9030007-9030008,10006014-10006014,28003004-28003004		[[2028004-2028014|Exodus 28:4-14]]; [[2039002-2039007|Exodus 39:2-7]]; [[7008027-7008027|Judges 8:27]]; [[7017005-7017005|Judges 17:5]]; [[9002018-9002018|1 Samuel 2:18]]; [[9023006-9023009|1 Samuel 23:6-9]]; [[9030007-9030008|1 Samuel 30:7-8]]; [[10006014-10006014|2 Samuel 6:14]]; [[28003004-28003004|Hosea 3:4]]	Easton's Bible Dictionary	A priestly garment like a vest or apron. The high priest's ephod was of gold, blue, purple and scarlet, with two onyx stones on the shoulders engraved with the names of the tribes, and the breastpiece fastened to it. A simple linen ephod was worn by others serving God, like the boy Samuel and David dancing before the ark. Sometimes it was used to ask God's will, and Gideon's gold ephod became an idol.
worship	w-the-breastpiece	The breastpiece	breastplate|breastpiece|breastplate of judgment|breastplate of judgement|breastpiece of judgment|breastpiece of decision|sacred chestpiece|chestpiece	0	2025007-2025007,2028004-2028004,2028015-2028030,2029005-2029005,2035009-2035009,2035027-2035027,2039008-2039021,3008008-3008008		[[2025007-2025007|Exodus 25:7]]; [[2028004-2028030|Exodus 28:4,15-30]]; [[2029005-2029005|Exodus 29:5]]; [[2035009-2035027|Exodus 35:9,27]]; [[2039008-2039021|Exodus 39:8-21]]; [[3008008-3008008|Leviticus 8:8]]	Easton's Bible Dictionary; Edersheim, The Temple: Its Ministry and Services	A square pouch of fine woven cloth worn over the high priest's heart, set with twelve precious stones, each engraved with the name of a tribe: he carried the people before God. The Urim and Thummim were kept in it.
worship	w-urim-and-thummim	Urim and Thummim	urim|thummim|urim and thummim	1	2028030-2028030,3008008-3008008,4027021-4027021,5033008-5033008,9028006-9028006,15002063-15002063,16007065-16007065		[[2028030-2028030|Exodus 28:30]]; [[3008008-3008008|Leviticus 8:8]]; [[4027021-4027021|Numbers 27:21]]; [[5033008-5033008|Deuteronomy 33:8]]; [[9028006-9028006|1 Samuel 28:6]]; [[15002063-15002063|Ezra 2:63]]; [[16007065-16007065|Nehemiah 7:65]]	Easton's Bible Dictionary	Two objects kept in the high priest's breastpiece, used to ask God for guidance in important matters. Their names mean "lights and perfections"; what they looked like and how they worked is not known. They are not mentioned as used after David's time.
worship	w-clean-and-unclean	Clean and unclean	unclean|uncleanness|uncleanliness|ceremonially unclean|ritually unclean|clean and unclean	1	3011000-3015999,4019011-4019022,23006005-23006005,37002011-37002014,41007001-41007023,44010009-44010016,44010028-44010028,45014014-45014014,47006017-47006017	40015011-40015011,40015018-40015018,40015020-40015020,41007015-41007023	[[3011000-3015999|Leviticus 11-15]]; [[4019011-4019022|Numbers 19:11-22]]; [[23006005-23006005|Isaiah 6:5]]; [[37002011-37002014|Haggai 2:11-14]]; [[41007001-41007023|Mark 7:1-23]]; [[44010009-44010028|Acts 10:9-16,28]]; [[45014014-45014014|Romans 14:14]]; [[47006017-47006017|2 Corinthians 6:17]]	Easton's Bible Dictionary; Edersheim, Sketches of Jewish Social Life	In the Law, being "unclean" meant being unfit to come to God's sanctuary for a time, through things like touching a dead body, a skin disease, bodily discharges or eating forbidden animals. It was not always sin, but it taught that God is holy and his people must be set apart. Washing, waiting and offerings made a person clean again. Jesus taught that what truly defiles comes from the heart, and declared all foods clean (Mark 7:19).
worship	w-food-laws	Food laws	eat|eaten|food|foods|meat|meats|clean|unclean|common|kosher	0	1009004-1009004,3011001-3011047,3017010-3017014,5014003-5014021,27001008-27001008,41007018-41007019,44010009-44010016,44015020-44015020,44015029-44015029,45014001-45014023,46008001-46008013,51002016-51002016,54004003-54004005		[[1009004-1009004|Genesis 9:4]]; [[3011001-3011047|Leviticus 11:1-47]]; [[3017010-3017014|Leviticus 17:10-14]]; [[5014003-5014021|Deuteronomy 14:3-21]]; [[27001008-27001008|Daniel 1:8]]; [[41007018-41007019|Mark 7:18-19]]; [[44010009-44010016|Acts 10:9-16]]; [[44015020-44015029|Acts 15:20,29]]; [[45014001-45014023|Romans 14:1-23]]; [[46008001-46008013|1 Corinthians 8:1-13]]; [[51002016-51002016|Colossians 2:16]]; [[54004003-54004005|1 Timothy 4:3-5]]	Easton's Bible Dictionary	Israel was to eat only "clean" animals: land animals that chew the cud and have split hooves, fish with fins and scales, and birds not on the forbidden list; no blood was to be eaten. These rules set Israel apart from the nations. In the New Testament God showed Peter that the dividing wall between Jew and Gentile was gone, and Paul taught that no food is unclean in itself.
worship	w-skin-diseases-leprosy	Skin diseases (leprosy)	leprosy|leper|lepers|leprous|skin disease|skin diseases|infectious skin disease|defiling skin disease|serious skin disease|contagious skin disease|dreaded skin disease	1	3013000-3014999,4012010-4012015,12005001-12005027,12007003-12007010,14026019-14026021,40008002-40008004,41001040-41001045,42017011-42017019		[[3013000-3014999|Leviticus 13-14]]; [[4012010-4012015|Numbers 12:10-15]]; [[12005001-12005027|2 Kings 5:1-27]]; [[12007003-12007010|2 Kings 7:3-10]]; [[14026019-14026021|2 Chronicles 26:19-21]]; [[40008002-40008004|Matthew 8:2-4]]; [[41001040-41001045|Mark 1:40-45]]; [[42017011-42017019|Luke 17:11-19]]	Easton's Bible Dictionary	The Bible's "leprosy" covers several skin diseases (and even mould in cloth or walls). Someone with it was unclean: they lived outside the camp or town, tore their clothes and called out "Unclean!" so others kept away. Jesus touched lepers and healed them, and sent them to the priest to be declared clean.
worship	w-circumcision	Circumcision	circumcise|circumcised|circumcision|circumcising|uncircumcised|uncircumcision	1	1017009-1017014,1021004-1021004,3012003-3012003,6005002-6005009,42001059-42001059,42002021-42002021,44015001-44015029,45002025-45002029,45004009-45004012,46007019-46007019,48005002-48005006,51002011-51002011		[[1017009-1017014|Genesis 17:9-14]]; [[1021004-1021004|Genesis 21:4]]; [[3012003-3012003|Leviticus 12:3]]; [[6005002-6005009|Joshua 5:2-9]]; [[42001059-42001059|Luke 1:59]]; [[42002021-42002021|Luke 2:21]]; [[44015001-44015029|Acts 15:1-29]]; [[45002025-45002029|Romans 2:25-29]]; [[45004009-45004012|Romans 4:9-12]]; [[46007019-46007019|1 Corinthians 7:19]]; [[48005002-48005006|Galatians 5:2-6]]; [[51002011-51002011|Colossians 2:11]]	Easton's Bible Dictionary	The cutting away of the foreskin of every Jewish boy on the eighth day, the sign of God's covenant with Abraham and his descendants. "The uncircumcised" meant the Gentiles. The early church decided that Gentile believers did not need to be circumcised; Paul taught that what matters is the "circumcision of the heart" (Rom 2:29).
worship	w-purification-after-childbirth	Purification after childbirth	purification|purifying|purified|days of her purification|days of purification	0	3012001-3012008,42002022-42002024		[[3012001-3012008|Leviticus 12:1-8]]; [[42002022-42002024|Luke 2:22-24]]	Easton's Bible Dictionary	After giving birth a mother was unclean for 40 days for a son and 80 for a daughter; then she brought a lamb and a pigeon or dove for a burnt offering and a sin offering. Mary offered "a pair of turtledoves, or two young pigeons", the offering allowed for the poor (Luke 2:24).
worship	w-ritual-washing	Ritual washing	wash|washed|washing|washings|purify|purifying|purification|ceremonial washing|ceremonially washed	0	2030017-2030021,41007002-41007005,43002006-43002006,43003025-43003025,43011055-43011055,42011038-42011038,58009010-58009010,58006002-58006002		[[2030017-2030021|Exodus 30:17-21]]; [[41007002-41007005|Mark 7:2-5]]; [[43002006-43002006|John 2:6]]; [[43003025-43003025|John 3:25]]; [[43011055-43011055|John 11:55]]; [[42011038-42011038|Luke 11:38]]; [[58009010-58009010|Hebrews 9:10]]; [[58006002-58006002|Hebrews 6:2]]	Easton's Bible Dictionary; Edersheim, Sketches of Jewish Social Life	The priests washed their hands and feet before serving at the altar. By Jesus' day the Pharisees had added many washings of hands, cups and pots before eating, following "the tradition of the elders". Jesus rebuked them for keeping these while neglecting God's commandments (Mark 7:8).
worship	w-the-firstborn-redeemed	The firstborn redeemed	firstborn|firstling|firstlings|first-born|redeem|redeemed|openeth the womb|opens the womb	0	2013001-2013002,2013011-2013016,2034019-2034020,4003040-4003051,4018015-4018017,42002022-42002023		[[2013001-2013016|Exodus 13:1-2,11-16]]; [[2034019-2034020|Exodus 34:19-20]]; [[4003040-4003051|Numbers 3:40-51]]; [[4018015-4018017|Numbers 18:15-17]]; [[42002022-42002023|Luke 2:22-23]]	Easton's Bible Dictionary	Because God spared Israel's firstborn in Egypt, every firstborn son and male animal belonged to him. Firstborn animals were sacrificed; firstborn sons were "redeemed", bought back, for five shekels paid to the priests. Mary and Joseph brought the baby Jesus to the temple to present him to the Lord (Luke 2:22-23).
worship	w-tithes	Tithes	tithe|tithes|tithing|tithed|tenth|tenths|tenth part|a tenth of	0	1014020-1014020,1028022-1028022,3027030-3027033,4018021-4018028,5014022-5014029,5026012-5026015,14031005-14031012,16010037-16010038,39003008-39003010,40023023-40023023,42011042-42011042,42018012-42018012,58007002-58007009		[[1014020-1014020|Genesis 14:20]]; [[1028022-1028022|Genesis 28:22]]; [[3027030-3027033|Leviticus 27:30-33]]; [[4018021-4018028|Numbers 18:21-28]]; [[5014022-5014029|Deuteronomy 14:22-29]]; [[5026012-5026015|Deuteronomy 26:12-15]]; [[14031005-14031012|2 Chronicles 31:5-12]]; [[16010037-16010038|Nehemiah 10:37-38]]; [[39003008-39003010|Malachi 3:8-10]]; [[40023023-40023023|Matthew 23:23]]; [[42011042-42011042|Luke 11:42]]; [[42018012-42018012|Luke 18:12]]; [[58007002-58007009|Hebrews 7:2-9]]	Easton's Bible Dictionary	A tenth of crops and flocks, given to God. Abraham gave a tenth to Melchizedek. The Law gave the tithe to the Levites (who in turn gave a tenth of it to the priests); another tithe was eaten in celebration at the sanctuary, and every third year it was shared with the poor. Jesus said the Pharisees tithed even herbs but neglected justice, mercy and faith.
worship	w-vows	Vows	vow|vows|vowed|vowest|voweth	1	1028020-1028022,3027000-3027999,4030000-4030999,5023021-5023023,7011030-7011040,9001011-9001011,19116014-19116014,19116018-19116018,21005004-21005006,44018018-44018018,44021023-44021026		[[1028020-1028022|Genesis 28:20-22]]; [[3027000-3027999|Leviticus 27]]; [[4030000-4030999|Numbers 30]]; [[5023021-5023023|Deuteronomy 23:21-23]]; [[7011030-7011040|Judges 11:30-40]]; [[9001011-9001011|1 Samuel 1:11]]; [[19116014-19116018|Psalms 116:14,18]]; [[21005004-21005006|Ecclesiastes 5:4-6]]; [[44018018-44018018|Acts 18:18]]; [[44021023-44021026|Acts 21:23-26]]	Easton's Bible Dictionary	A solemn promise to God, often to give something or to do something if he answered a prayer, as Hannah vowed her son to the Lord. Vows were voluntary, but once made had to be kept; the Law gave rules for buying back things vowed. Paul once took a vow and cut his hair at its end.
worship	w-the-nazirite	The Nazirite	nazarite|nazarites|nazirite|nazirites|vow of a nazarite|vow of a nazirite|vow of separation|consecrated	0	4006001-4006021,7013005-7013007,7016017-7016017,9001011-9001011,30002011-30002012,42001015-42001015,44021023-44021026		[[4006001-4006021|Numbers 6:1-21]]; [[7013005-7013007|Judges 13:5-7]]; [[7016017-7016017|Judges 16:17]]; [[9001011-9001011|1 Samuel 1:11]]; [[30002011-30002012|Amos 2:11-12]]; [[42001015-42001015|Luke 1:15]]; [[44021023-44021026|Acts 21:23-26]]	Easton's Bible Dictionary	A man or woman who made a special vow to be set apart to God, for a time or for life. A Nazirite drank no wine and ate nothing from the vine, did not cut their hair, and did not go near a dead body. At the end the hair was shaved and burned with an offering. Samson, Samuel and probably John the Baptist were Nazirites from birth.
worship	w-laying-on-of-hands	Laying on of hands	laying on of hands|laying on of the hands|laid hands|laid his hands|laid their hands|lay hands|lay his hands|lay their hands|layeth his hands|put his hands|placed his hands|placed their hands	1	1048014-1048014,3001004-3001004,3016021-3016021,4008010-4008010,4027018-4027023,41010016-41010016,41016018-41016018,44006006-44006006,44008017-44008017,44013003-44013003,54004014-54004014,55001006-55001006,58006002-58006002		[[1048014-1048014|Genesis 48:14]]; [[3001004-3001004|Leviticus 1:4]]; [[3016021-3016021|Leviticus 16:21]]; [[4008010-4008010|Numbers 8:10]]; [[4027018-4027023|Numbers 27:18-23]]; [[41010016-41010016|Mark 10:16]]; [[41016018-41016018|Mark 16:18]]; [[44006006-44006006|Acts 6:6]]; [[44008017-44008017|Acts 8:17]]; [[44013003-44013003|Acts 13:3]]; [[54004014-54004014|1 Timothy 4:14]]; [[55001006-55001006|2 Timothy 1:6]]; [[58006002-58006002|Hebrews 6:2]]	Easton's Bible Dictionary	Putting hands on a person or animal to bless, to heal, to set someone apart for a task, or (for a sacrifice) to show it stood in the worshipper's place. Jacob blessed Joseph's sons so; Moses laid hands on Joshua; the apostles laid hands on those sent out to serve.
worship	w-anointing	Anointing	anoint|anointed|anointing|anointest|anointeth|anoints|anointedst	1	2029007-2029007,2030022-2030033,9010001-9010001,9016013-9016013,11019016-11019016,19023005-19023005,19045007-19045007,23061001-23061001,41006013-41006013,41014003-41014009,42004018-42004018,42007046-42007046,59005014-59005014,62002020-62002020,62002027-62002027		[[2029007-2029007|Exodus 29:7]]; [[2030022-2030033|Exodus 30:22-33]]; [[9010001-9010001|1 Samuel 10:1]]; [[9016013-9016013|1 Samuel 16:13]]; [[11019016-11019016|1 Kings 19:16]]; [[19023005-19023005|Psalms 23:5]]; [[19045007-19045007|Psalms 45:7]]; [[23061001-23061001|Isaiah 61:1]]; [[41006013-41006013|Mark 6:13]]; [[41014003-41014009|Mark 14:3-9]]; [[42004018-42004018|Luke 4:18]]; [[42007046-42007046|Luke 7:46]]; [[59005014-59005014|James 5:14]]; [[62002020-62002027|1 John 2:20,27]]	Easton's Bible Dictionary	Pouring oil on someone or something to set it apart for God. Priests, kings and some prophets were anointed; "Messiah" (Hebrew) and "Christ" (Greek) both mean "the Anointed One". Oil was also put on guests' heads as an honour, used on the sick, and on the bodies of the dead.
worship	w-the-synagogue	The synagogue	synagogue|synagogues|ruler of the synagogue|synagogue ruler|synagogue leader|rulers of the synagogue|leader of the synagogue	1	42004016-42004030,42013010-42013017,41001021-41001029,41005022-41005022,43009022-43009022,44013014-44013015,44015021-44015021,44017001-44017004,59002002-59002002		[[42004016-42004030|Luke 4:16-30]]; [[42013010-42013017|Luke 13:10-17]]; [[41001021-41001029|Mark 1:21-29]]; [[41005022-41005022|Mark 5:22]]; [[43009022-43009022|John 9:22]]; [[44013014-44013015|Acts 13:14-15]]; [[44015021-44015021|Acts 15:21]]; [[44017001-44017004|Acts 17:1-4]]; [[59002002-59002002|James 2:2]]	Easton's Bible Dictionary; Edersheim, Sketches of Jewish Social Life	The Jewish meeting place for prayer and the reading and teaching of Scripture each Sabbath, found in every town. It began probably during the exile, when the temple lay in ruins. A ruler ran the services and could invite a visitor to read and speak, which is how Jesus and Paul taught there.
worship	w-the-law-of-moses	The Law of Moses	law of moses|book of the law|book of moses|law of the lord|book of the covenant|book of the law of moses|the law and the prophets|law and the prophets	1	2024007-2024007,5031009-5031013,5031024-5031026,6001007-6001008,12022008-12022013,16008001-16008008,19001002-19001002,19019007-19019011,40005017-40005018,42024044-42024044,43001017-43001017,45003020-45003022,48003024-48003024		[[2024007-2024007|Exodus 24:7]]; [[5031009-5031026|Deuteronomy 31:9-13,24-26]]; [[6001007-6001008|Joshua 1:7-8]]; [[12022008-12022013|2 Kings 22:8-13]]; [[16008001-16008008|Nehemiah 8:1-8]]; [[19001002-19001002|Psalms 1:2]]; [[19019007-19019011|Psalms 19:7-11]]; [[40005017-40005018|Matthew 5:17-18]]; [[42024044-42024044|Luke 24:44]]; [[43001017-43001017|John 1:17]]; [[45003020-45003022|Romans 3:20-22]]; [[48003024-48003024|Galatians 3:24]]	Easton's Bible Dictionary	God's commands given through Moses at Sinai, written in the first five books of the Bible (the Torah). "The law and the prophets" meant the Scriptures as a whole. Jesus said he came not to abolish the Law but to fulfil it, and Paul calls it a guardian that leads us to Christ (Gal 3:24).
worship	w-doorposts-the-mezuzah	Doorposts (the mezuzah)	posts|doorposts|door posts|doorframes|doorframe|gates|door|upon thy gates	0	5006009-5006009,5011020-5011020		[[5006009-5006009|Deuteronomy 6:9]]; [[5011020-5011020|Deuteronomy 11:20]]	Edersheim, Sketches of Jewish Social Life	God told Israel to write his words "upon the posts of thy house, and on thy gates". Jews came to keep this by fixing a small case holding these verses (a mezuzah) to the doorframe, and touching it as they went in and out.
worship	w-phylacteries	Phylacteries	phylacteries|phylactery|frontlets|frontals|prayer boxes|scripture boxes|bind them for a sign upon thine hand|between thine eyes|between your eyes	1	2013009-2013009,2013016-2013016,5006008-5006008,5011018-5011018,40023005-40023005		[[2013009-2013016|Exodus 13:9,16]]; [[5006008-5006008|Deuteronomy 6:8]]; [[5011018-5011018|Deuteronomy 11:18]]; [[40023005-40023005|Matthew 23:5]]	Easton's Bible Dictionary; Edersheim, Sketches of Jewish Social Life	Small leather boxes holding verses of the Law, tied on the forehead and the left arm for prayer, keeping God's command to bind his words "for a sign upon thine hand" and "between thine eyes". Jesus rebuked those who made theirs broad to be seen as holy.
worship	w-tassels-on-garments	Tassels on garments	fringe|fringes|tassel|tassels|hem|border|borders|edge|ribband	0	4015037-4015041,5022012-5022012,40009020-40009020,40014036-40014036,40023005-40023005,41006056-41006056,42008044-42008044		[[4015037-4015041|Numbers 15:37-41]]; [[5022012-5022012|Deuteronomy 22:12]]; [[40009020-40009020|Matthew 9:20]]; [[40014036-40014036|Matthew 14:36]]; [[40023005-40023005|Matthew 23:5]]; [[41006056-41006056|Mark 6:56]]; [[42008044-42008044|Luke 8:44]]	Easton's Bible Dictionary; Edersheim, Sketches of Jewish Social Life	Israelites wore tassels on the four corners of their outer garment, with a blue cord, to remember God's commands. The sick woman touched the "hem" (the tassel) of Jesus' cloak and was healed; some Pharisees made theirs long to look devout.
worship	w-sackcloth-and-ashes	Sackcloth and ashes	sackcloth|sackclothes|sack cloth|ashes|dust upon their heads|dust on their heads|dust on his head|dust upon his head	0	1037034-1037034,10003031-10003031,10013019-10013019,11021027-11021027,16009001-16009001,17004001-17004004,18002012-18002012,18042006-18042006,23058005-23058005,24006026-24006026,27009003-27009003,29001013-29001013,32003005-32003008,40011021-40011021,42010013-42010013,66011003-66011003		[[1037034-1037034|Genesis 37:34]]; [[10003031-10003031|2 Samuel 3:31]]; [[10013019-10013019|2 Samuel 13:19]]; [[11021027-11021027|1 Kings 21:27]]; [[16009001-16009001|Nehemiah 9:1]]; [[17004001-17004004|Esther 4:1-4]]; [[18002012-18002012|Job 2:12]]; [[18042006-18042006|Job 42:6]]; [[23058005-23058005|Isaiah 58:5]]; [[24006026-24006026|Jeremiah 6:26]]; [[27009003-27009003|Daniel 9:3]]; [[29001013-29001013|Joel 1:13]]; [[32003005-32003008|Jonah 3:5-8]]; [[40011021-40011021|Matthew 11:21]]; [[42010013-42010013|Luke 10:13]]; [[66011003-66011003|Revelation 11:3]]	Easton's Bible Dictionary	Signs of grief and repentance. Sackcloth was rough cloth of goat's hair, worn next to the skin; mourners sat in ashes or threw dust on their heads. When Nineveh repented, even the king put on sackcloth and sat in ashes.
worship	w-tearing-one-s-clothes	Tearing one's clothes	rent his clothes|rent their clothes|rent her clothes|rent his garments|rent their garments|rent his mantle|rent his robe|rent my garment|tore his clothes|tore their clothes|tore her clothes|tore his robes|tore his robe|tore their robes|tore his garments|tore his cloak|tore their garments|tore my clothes|tear your clothes|rend your clothes|rend your heart|rent his clothing|tore his clothing|tore their clothing	1	1037029-1037029,1037034-1037034,6007006-6007006,10001011-10001011,10013031-10013031,12018037-12018037,12022011-12022019,15009003-15009003,18001020-18001020,29002013-29002013,40026065-40026065,41014063-41014063,44014014-44014014		[[1037029-1037034|Genesis 37:29,34]]; [[6007006-6007006|Joshua 7:6]]; [[10001011-10001011|2 Samuel 1:11]]; [[10013031-10013031|2 Samuel 13:31]]; [[12018037-12018037|2 Kings 18:37]]; [[12022011-12022019|2 Kings 22:11-19]]; [[15009003-15009003|Ezra 9:3]]; [[18001020-18001020|Job 1:20]]; [[29002013-29002013|Joel 2:13]]; [[40026065-40026065|Matthew 26:65]]; [[41014063-41014063|Mark 14:63]]; [[44014014-44014014|Acts 14:14]]	Easton's Bible Dictionary	Tearing one's garment at the neck showed great grief, horror or outrage, at news of death or disaster, or at hearing blasphemy, as the high priest did at Jesus' words. Joel calls for something deeper: "rend your heart, and not your garments" (Joel 2:13).
worship	w-high-places	High places	high place|high places|shrines|shrine|hill shrines|pagan shrines	1	4033052-4033052,9009012-9009014,11003002-11003004,11012031-11012032,11014023-11014023,12018004-12018004,12023008-12023020,24007031-24007031		[[4033052-4033052|Numbers 33:52]]; [[9009012-9009014|1 Samuel 9:12-14]]; [[11003002-11003004|1 Kings 3:2-4]]; [[11012031-11012032|1 Kings 12:31-32]]; [[11014023-11014023|1 Kings 14:23]]; [[12018004-12018004|2 Kings 18:4]]; [[12023008-12023020|2 Kings 23:8-20]]; [[24007031-24007031|Jeremiah 7:31]]	Easton's Bible Dictionary	Places of worship, often on hilltops, with an altar and sometimes a sacred pole or stone. The Canaanites worshipped their gods there; Israel too offered sacrifices at high places, at first to the Lord, but they led to idolatry. Good kings like Hezekiah and Josiah tore them down, so worship would be at the temple alone.
worship	w-asherah-poles	Asherah poles	asherah|asherim|asherah pole|asherah poles|asheroth|grove|groves|sacred pole|sacred poles|wooden image|wooden images	1	2034013-2034013,5016021-5016021,7006025-7006030,11014015-11014015,11014023-11014023,11016033-11016033,11018019-11018019,12021003-12021003,12021007-12021007,12023004-12023015,33005014-33005014	1021033-1021033	[[2034013-2034013|Exodus 34:13]]; [[5016021-5016021|Deuteronomy 16:21]]; [[7006025-7006030|Judges 6:25-30]]; [[11014015-11014023|1 Kings 14:15,23]]; [[11016033-11016033|1 Kings 16:33]]; [[11018019-11018019|1 Kings 18:19]]; [[12021003-12021007|2 Kings 21:3,7]]; [[12023004-12023015|2 Kings 23:4-15]]; [[33005014-33005014|Micah 5:14]]	Easton's Bible Dictionary	Wooden poles or carved images set up for Asherah, a Canaanite goddess of fertility, often beside altars to Baal. The King James Version calls them "groves". God commanded Israel to cut them down; Gideon and later reforming kings did.
worship	w-household-gods-teraphim	Household gods (teraphim)	teraphim|household gods|household idols|images|idols|gods	0	1031019-1031019,1031030-1031035,7017005-7017005,7018014-7018020,9019013-9019016,12023024-12023024,26021021-26021021,28003004-28003004,38010002-38010002		[[1031019-1031035|Genesis 31:19,30-35]]; [[7017005-7017005|Judges 17:5]]; [[7018014-7018020|Judges 18:14-20]]; [[9019013-9019016|1 Samuel 19:13-16]]; [[12023024-12023024|2 Kings 23:24]]; [[26021021-26021021|Ezekiel 21:21]]; [[28003004-28003004|Hosea 3:4]]; [[38010002-38010002|Zechariah 10:2]]	Easton's Bible Dictionary	Small figures kept in homes, thought to bring blessing and sometimes used to seek omens. Rachel stole her father Laban's; Michal used one to fool Saul's men. They are always condemned as idols.
worship	w-divination-and-sorcery	Divination and sorcery	divination|divinations|diviner|diviners|soothsayer|soothsayers|soothsaying|enchanter|enchanters|enchantment|enchantments|sorcerer|sorcerers|sorcery|sorceries|witchcraft|witch|necromancer|medium|mediums|familiar spirit|familiar spirits|wizard|wizards|spiritist|spiritists|fortune-telling|fortune teller|magician|magicians|magic arts|observe times|observer of times	1	2022018-2022018,3019026-3019026,3019031-3019031,3020006-3020006,3020027-3020027,5018009-5018014,9028003-9028025,12021006-12021006,23008019-23008020,44008009-44008024,44016016-44016018,44019018-44019019,48005020-48005020,66021008-66021008		[[2022018-2022018|Exodus 22:18]]; [[3019026-3019031|Leviticus 19:26,31]]; [[3020006-3020027|Leviticus 20:6,27]]; [[5018009-5018014|Deuteronomy 18:9-14]]; [[9028003-9028025|1 Samuel 28:3-25]]; [[12021006-12021006|2 Kings 21:6]]; [[23008019-23008020|Isaiah 8:19-20]]; [[44008009-44008024|Acts 8:9-24]]; [[44016016-44016018|Acts 16:16-18]]; [[44019018-44019019|Acts 19:18-19]]; [[48005020-48005020|Galatians 5:20]]; [[66021008-66021008|Revelation 21:8]]	Easton's Bible Dictionary	Ways the nations tried to learn the future or gain power from spirits: reading omens, consulting the dead, casting spells and magic. The Law forbade them all as an abomination (Deut 18:9-14): Israel was to listen to God and his prophets. Saul's visit to the medium at Endor was part of his downfall.
worship	w-the-sons-of-the-prophets	The sons of the prophets	sons of the prophets|company of prophets|company of the prophets|band of prophets|group of prophets|guild of prophets|school of the prophets	1	9010005-9010010,9019020-9019020,11020035-11020035,12002003-12002015,12004001-12004001,12004038-12004038,12006001-12006007,12009001-12009001		[[9010005-9010010|1 Samuel 10:5-10]]; [[9019020-9019020|1 Samuel 19:20]]; [[11020035-11020035|1 Kings 20:35]]; [[12002003-12002015|2 Kings 2:3-15]]; [[12004001-12004038|2 Kings 4:1,38]]; [[12006001-12006007|2 Kings 6:1-7]]; [[12009001-12009001|2 Kings 9:1]]	Easton's Bible Dictionary	Groups of prophets who lived and learned together under a leader such as Samuel, Elijah or Elisha. "Sons" here means members or disciples, not children.
