1	1	27	Beginnings: creation, the fall and the flood, before Abraham	God creates the heavens and the earth in six days, by his word, and everything he makes is good. On the sixth day he makes man and woman in his own image to care for the world.
1	2	7	Beginnings: creation, the fall and the flood, before Abraham	God rests on the seventh day. A closer look at the making of Adam from the dust, the garden of Eden, and the first marriage, when God makes Eve and brings her to Adam.
1	3	15	Beginnings: creation, the fall and the flood, before Abraham	The serpent tempts Eve, and she and Adam eat the forbidden fruit. Sin brings shame, pain and death, but God promises that a son of the woman will crush the serpent's head.
1	4	7	Beginnings: creation, the fall and the flood, before Abraham	Cain kills his brother Abel out of jealousy and is sent away. Sin spreads through Cain's family, while Adam and Eve have another son, Seth, and people begin to call on the LORD.
1	5	24	Beginnings: creation, the fall and the flood, before Abraham	The family line from Adam to Noah, with their long lives and the refrain "and he died". Enoch is different: he walked with God, and God took him.
1	6	8	Beginnings: creation, the fall and the flood, before Abraham	The earth is full of violence and God grieves that he made mankind. But Noah finds favour, and God tells him to build an ark to save his family and the animals.
1	7	23	Beginnings: creation, the fall and the flood, before Abraham	Noah, his family and the animals go into the ark, and God shuts them in. The rain falls for forty days, and the flood covers the earth.
1	8	22	Beginnings: creation, the fall and the flood, before Abraham	The waters go down and the ark rests on the mountains of Ararat. Noah sends out birds, leaves the ark and offers a sacrifice, and God promises never again to curse the ground.
1	9	13	Beginnings: creation, the fall and the flood, before Abraham	God blesses Noah and makes a covenant never to destroy the earth by flood, with the rainbow as its sign. Noah gets drunk, and Ham dishonours him.
1	10	32	Beginnings: creation, the fall and the flood, before Abraham	The nations that came from Noah's sons Shem, Ham and Japheth, spreading over the earth after the flood.
1	11	9	Beginnings: creation, the fall and the flood, before Abraham	People build a tower at Babel to make a name for themselves, and God confuses their language and scatters them. The line of Shem leads to Abram.
1	12	3	The patriarchs: Abraham, about 2000 BC	God calls Abram to leave his homeland and promises to make him a great nation and to bless all nations through him. Abram goes to Canaan, then to Egypt in a famine.
1	13	15	The patriarchs: Abraham, about 2000 BC	Abram and his nephew Lot part ways because their flocks are too large. Lot chooses the land near Sodom, and God promises all the land to Abram's children.
1	14	20	The patriarchs: Abraham, about 2000 BC	Abram rescues Lot after raiding kings carry him off. The priest-king Melchizedek blesses Abram, and Abram gives him a tenth.
1	15	6	The patriarchs: Abraham, about 2000 BC	God promises Abram a son and children as many as the stars, and Abram believes him; it is counted to him as righteousness. God seals the promise with a covenant.
1	16	13	The patriarchs: Abraham, about 2000 BC	Sarai gives her servant Hagar to Abram, and Hagar conceives. She runs away, and the LORD finds her in the desert and promises a son, Ishmael.
1	17	7	The patriarchs: Abraham, about 2000 BC	God makes his covenant with Abram again, renames him Abraham and Sarai Sarah, and gives circumcision as its sign. He promises Sarah will bear a son, Isaac.
1	18	14	The patriarchs: Abraham, about 2000 BC	Three visitors come to Abraham, and the LORD repeats that Sarah will have a son; Sarah laughs. Abraham pleads with God for the city of Sodom.
1	19	29	The patriarchs: Abraham, about 2000 BC	Two angels rescue Lot and his daughters before God destroys Sodom and Gomorrah. Lot's wife looks back and becomes a pillar of salt.
1	20	6	The patriarchs: Abraham, about 2000 BC	Abraham again says Sarah is his sister, this time to King Abimelech of Gerar. God warns Abimelech in a dream and keeps Sarah safe.
1	21	1	The patriarchs: Abraham, about 2000 BC	Isaac is born, as God promised. Hagar and Ishmael are sent away, and God cares for them in the desert. Abraham makes a treaty with Abimelech at Beersheba.
1	22	8	The patriarchs: Abraham, about 2000 BC	God tests Abraham by asking him to offer Isaac. Abraham obeys, and God stops him and provides a ram in Isaac's place, renewing his promise to bless all nations.
1	23	19	The patriarchs: Abraham, about 2000 BC	Sarah dies, and Abraham buys the cave of Machpelah at Hebron to bury her, his first piece of the promised land.
1	24	27	The patriarchs: Abraham, about 2000 BC	Abraham's servant travels to find a wife for Isaac among his relatives. God guides him to Rebekah, who agrees to go and marry Isaac.
1	25	23	The patriarchs: Abraham, about 2000 BC	Abraham dies. Rebekah has twins, Esau and Jacob, and God says the older will serve the younger. Esau sells his birthright to Jacob for a meal.
1	26	24	The patriarchs: Isaac and Jacob, about 1900 BC	God repeats his promises to Isaac. Isaac lives among the Philistines, digs wells, and makes peace with Abimelech.
1	27	28	The patriarchs: Isaac and Jacob, about 1900 BC	Jacob, helped by his mother Rebekah, tricks his blind father Isaac into giving him Esau's blessing. Esau plans to kill him.
1	28	15	The patriarchs: Isaac and Jacob, about 1900 BC	Jacob flees to his uncle Laban. At Bethel he dreams of a stairway to heaven, and God promises to be with him and bring him back.
1	29	20	The patriarchs: Isaac and Jacob, about 1900 BC	Jacob works for Laban seven years to marry Rachel, but Laban tricks him into marrying Leah first. Leah has sons while Rachel has none.
1	30	22	The patriarchs: Isaac and Jacob, about 1900 BC	Rachel and Leah compete for Jacob's love through their children and their servants. Rachel at last has Joseph, and Jacob's flocks grow rich.
1	31	3	The patriarchs: Isaac and Jacob, about 1900 BC	God tells Jacob to go home. He leaves secretly with his family and flocks, Laban chases him, and they part with a covenant.
1	32	28	The patriarchs: Isaac and Jacob, about 1900 BC	Jacob prepares to meet Esau in fear. At night he wrestles with God, who renames him Israel.
1	33	4	The patriarchs: Isaac and Jacob, about 1900 BC	Esau runs to meet Jacob and embraces him, and the brothers are reconciled. Jacob settles near Shechem.
1	34	7	The patriarchs: Isaac and Jacob, about 1900 BC	Shechem defiles Jacob's daughter Dinah. Her brothers Simeon and Levi take revenge by killing the men of the city.
1	35	11	The patriarchs: Isaac and Jacob, about 1900 BC	God sends Jacob back to Bethel and confirms his new name and the promises. Rachel dies giving birth to Benjamin, and Isaac dies.
1	36	8	The patriarchs: Isaac and Jacob, about 1900 BC	The family of Esau, who settled in Edom, and the chiefs and kings of the Edomites.
1	37	28	The patriarchs: Joseph in Egypt, about 1900–1800 BC	Jacob loves Joseph most and gives him a fine robe. Joseph dreams of ruling his brothers, and in jealousy they sell him as a slave to Egypt.
1	38	26	The patriarchs: Joseph in Egypt, about 1900–1800 BC	Judah wrongs his daughter-in-law Tamar, who tricks him to gain the children she is owed. Judah admits she was more righteous than he.
1	39	2	The patriarchs: Joseph in Egypt, about 1900–1800 BC	Joseph serves Potiphar faithfully and the LORD is with him. He refuses Potiphar's wife, who lies about him, and he is put in prison.
1	40	8	The patriarchs: Joseph in Egypt, about 1900–1800 BC	In prison Joseph explains the dreams of Pharaoh's cupbearer and baker. It happens as he said, but the cupbearer forgets him.
1	41	38	The patriarchs: Joseph in Egypt, about 1900–1800 BC	Joseph explains Pharaoh's dreams of seven good years and seven years of famine. Pharaoh puts him in charge of all Egypt to prepare.
1	42	21	The patriarchs: Joseph in Egypt, about 1900–1800 BC	Joseph's brothers come to Egypt to buy grain and bow before him without knowing him. He tests them and keeps Simeon until they bring Benjamin.
1	43	30	The patriarchs: Joseph in Egypt, about 1900–1800 BC	The brothers return with Benjamin. Joseph is moved to tears and holds a feast for them.
1	44	33	The patriarchs: Joseph in Egypt, about 1900–1800 BC	Joseph hides his cup in Benjamin's sack to test his brothers. Judah offers himself as a slave in Benjamin's place.
1	45	5	The patriarchs: Joseph in Egypt, about 1900–1800 BC	Joseph tells his brothers who he is and forgives them, seeing that God sent him ahead to save lives. He sends for his father.
1	46	3	The patriarchs: Joseph in Egypt, about 1900–1800 BC	God tells Jacob not to be afraid to go down to Egypt. Jacob and all his family travel there and he sees Joseph again.
1	47	27	The patriarchs: Joseph in Egypt, about 1900–1800 BC	Jacob's family settles in Goshen and Jacob blesses Pharaoh. Joseph manages Egypt through the famine.
1	48	16	The patriarchs: Joseph in Egypt, about 1900–1800 BC	Jacob blesses Joseph's sons, Ephraim and Manasseh, putting the younger first.
1	49	10	The patriarchs: Joseph in Egypt, about 1900–1800 BC	Jacob blesses his twelve sons before he dies, saying the sceptre will not depart from Judah. He asks to be buried in Canaan.
1	50	20	The patriarchs: Joseph in Egypt, about 1900–1800 BC	Joseph buries Jacob in Canaan and reassures his brothers: what they meant for evil, God meant for good. Joseph dies, sure that God will bring Israel home.
2	1	12	Out of Egypt, about 1446 BC	A new Pharaoh fears the growing Israelites and makes them slaves. When they keep growing, he orders their baby boys killed, but the midwives fear God.
2	2	24	Out of Egypt, about 1446 BC	Moses is born and hidden in a basket, then raised by Pharaoh's daughter. He kills an Egyptian, flees to Midian and marries. God hears Israel's groaning.
2	3	14	Out of Egypt, about 1446 BC	God speaks to Moses from a burning bush and sends him to free Israel. He reveals his name: "I AM WHO I AM."
2	4	12	Out of Egypt, about 1446 BC	Moses makes excuses, and God gives him signs and his brother Aaron to speak for him. Moses returns to Egypt, and the people believe.
2	5	2	Out of Egypt, about 1446 BC	Moses and Aaron ask Pharaoh to let the people go, and Pharaoh refuses and makes their work harder. The people blame Moses.
2	6	7	Out of Egypt, about 1446 BC	God promises to bring Israel out with power and make them his people. The family line of Moses and Aaron.
2	7	5	Out of Egypt, about 1446 BC	Aaron's staff becomes a snake, and the first plague turns the Nile to blood. Pharaoh's heart is hard.
2	8	19	Out of Egypt, about 1446 BC	The plagues of frogs, gnats and flies. Pharaoh promises to let the people go, then changes his mind.
2	9	16	Out of Egypt, about 1446 BC	The plagues of disease on the livestock, boils and hail. God says he raised Pharaoh up to show his power in all the earth.
2	10	2	Out of Egypt, about 1446 BC	The plagues of locusts and darkness. Pharaoh still refuses and drives Moses out.
2	11	7	Out of Egypt, about 1446 BC	Moses warns of the last plague: the death of every firstborn in Egypt.
2	12	13	Out of Egypt, about 1446 BC	God gives the Passover: each family kills a lamb and puts its blood on the doorposts so the LORD passes over them. The firstborn of Egypt die, and Israel leaves.
2	13	21	Out of Egypt, about 1446 BC	The firstborn are to be set apart to the LORD. God leads his people by a pillar of cloud by day and fire by night.
2	14	14	Out of Egypt, about 1446 BC	Pharaoh chases Israel to the Red Sea. God parts the sea, Israel crosses on dry ground, and the Egyptian army drowns.
2	15	2	Out of Egypt, about 1446 BC	Moses and Israel sing praise to the LORD for his victory. At Marah God makes bitter water sweet.
2	16	4	Out of Egypt, about 1446 BC	The people grumble for food, and God sends quail and manna from heaven each morning, with a double portion before the Sabbath.
2	17	6	Out of Egypt, about 1446 BC	God gives water from the rock at Horeb. Israel defeats the Amalekites while Moses holds up his hands.
2	18	21	Out of Egypt, about 1446 BC	Moses' father-in-law Jethro visits and advises him to appoint leaders to help judge the people.
2	19	5	At Mount Sinai, about 1446–1445 BC	Israel camps at Mount Sinai. God offers to make them his treasured people, and comes down on the mountain in fire and thunder.
2	20	3	At Mount Sinai, about 1446–1445 BC	God gives the Ten Commandments. The people are afraid, and Moses draws near to God.
2	21	23	At Mount Sinai, about 1446–1445 BC	Laws for Hebrew servants and for injuries and violence, including "eye for eye".
2	22	21	At Mount Sinai, about 1446–1445 BC	Laws about property, care for the weak, and holiness.
2	23	9	At Mount Sinai, about 1446–1445 BC	Laws about justice, the Sabbath year and the three yearly feasts. God promises to send his angel ahead of them.
2	24	7	At Mount Sinai, about 1446–1445 BC	The people promise to obey, and the covenant is sealed with blood. Moses goes up the mountain for forty days.
2	25	8	At Mount Sinai, about 1446–1445 BC	God gives the plans for the tabernacle, so he may live among his people: the ark, the table and the lampstand.
2	26	33	At Mount Sinai, about 1446–1445 BC	Plans for the tabernacle's curtains, frames and the veil before the Most Holy Place.
2	27	20	At Mount Sinai, about 1446–1445 BC	Plans for the bronze altar, the courtyard and oil for the lamp.
2	28	29	At Mount Sinai, about 1446–1445 BC	The holy garments for Aaron and his sons, the priests, with the names of Israel's tribes on the high priest's breastpiece.
2	29	45	At Mount Sinai, about 1446–1445 BC	How the priests are to be set apart, and the daily offerings. God will dwell among Israel and be their God.
2	30	10	At Mount Sinai, about 1446–1445 BC	The altar of incense, the atonement money, the bronze basin, the anointing oil and incense.
2	31	13	At Mount Sinai, about 1446–1445 BC	God fills Bezalel with his Spirit to build the tabernacle. The Sabbath is a sign between God and Israel. God gives the two tablets.
2	32	26	At Mount Sinai, about 1446–1445 BC	While Moses is on the mountain the people make a golden calf. Moses breaks the tablets and pleads with God for the people.
2	33	14	At Mount Sinai, about 1446–1445 BC	God says he will not go with the people, then agrees when Moses pleads. Moses asks to see his glory.
2	34	6	At Mount Sinai, about 1446–1445 BC	God gives new tablets and proclaims his name: merciful and gracious, slow to anger. Moses' face shines.
2	35	21	At Mount Sinai, about 1446–1445 BC	Moses gathers the people's willing gifts for the tabernacle.
2	36	5	At Mount Sinai, about 1446–1445 BC	The people bring more than enough, and the skilled workers make the curtains and frames.
2	37	1	At Mount Sinai, about 1446–1445 BC	Bezalel makes the ark, the table, the lampstand and the altar of incense.
2	38	1	At Mount Sinai, about 1446–1445 BC	They make the altar of burnt offering, the basin and the courtyard. An account of the metals used.
2	39	43	At Mount Sinai, about 1446–1445 BC	The priests' garments are made, and the finished work is brought to Moses, who blesses the people.
2	40	34	At Mount Sinai, about 1446–1445 BC	The tabernacle is set up, and the glory of the LORD fills it. The cloud leads Israel on their journeys.
3	1	4	At Mount Sinai: laws for worship and holy living, about 1445 BC	How to bring a burnt offering: an animal without defect, wholly burned, given for acceptance before God.
3	2	1	At Mount Sinai: laws for worship and holy living, about 1445 BC	How to bring a grain offering of flour, oil and incense, a gift of thanks to the LORD.
3	3	1	At Mount Sinai: laws for worship and holy living, about 1445 BC	How to bring a peace offering, a shared meal of fellowship with God.
3	4	35	At Mount Sinai: laws for worship and holy living, about 1445 BC	The sin offering for those who sin without meaning to: priests, the whole people, leaders and ordinary people.
3	5	5	At Mount Sinai: laws for worship and holy living, about 1445 BC	The guilt offering: confessing sin and making things right, with a gift for those who are poor.
3	6	13	At Mount Sinai: laws for worship and holy living, about 1445 BC	More instructions for the priests about the offerings and the fire on the altar that must never go out.
3	7	37	At Mount Sinai: laws for worship and holy living, about 1445 BC	The priests' share of the offerings and the rules for the peace offerings.
3	8	12	At Mount Sinai: laws for worship and holy living, about 1445 BC	Moses ordains Aaron and his sons as priests with washing, garments, anointing and sacrifice.
3	9	24	At Mount Sinai: laws for worship and holy living, about 1445 BC	Aaron offers the first sacrifices, and fire comes from the LORD and consumes the offering. The people shout and fall on their faces.
3	10	3	At Mount Sinai: laws for worship and holy living, about 1445 BC	Aaron's sons Nadab and Abihu offer unauthorised fire and die. God must be treated as holy.
3	11	44	At Mount Sinai: laws for worship and holy living, about 1445 BC	Which animals are clean and may be eaten, and which are unclean. "Be holy, for I am holy."
3	12	8	At Mount Sinai: laws for worship and holy living, about 1445 BC	How a mother is made clean again after giving birth.
3	13	46	At Mount Sinai: laws for worship and holy living, about 1445 BC	How the priest is to examine skin diseases and mould on clothing.
3	14	20	At Mount Sinai: laws for worship and holy living, about 1445 BC	How a person healed of a skin disease is cleansed, and what to do about mould in a house.
3	15	31	At Mount Sinai: laws for worship and holy living, about 1445 BC	Uncleanness from bodily discharges, and how to be made clean.
3	16	30	At Mount Sinai: laws for worship and holy living, about 1445 BC	The Day of Atonement: the high priest enters the Most Holy Place with blood, and the scapegoat carries the people's sins away.
3	17	11	At Mount Sinai: laws for worship and holy living, about 1445 BC	Sacrifices must be brought to the tabernacle, and blood must not be eaten, for the life is in the blood.
3	18	5	At Mount Sinai: laws for worship and holy living, about 1445 BC	God forbids the sexual sins of Egypt and Canaan; his people are to live by his ways.
3	19	18	At Mount Sinai: laws for worship and holy living, about 1445 BC	Laws for holy living in everyday life: honour parents, care for the poor and the foreigner, and love your neighbour as yourself.
3	20	26	At Mount Sinai: laws for worship and holy living, about 1445 BC	Punishments for idolatry, for sins against family and for sexual sins. Israel is set apart to be God's own.
3	21	8	At Mount Sinai: laws for worship and holy living, about 1445 BC	Rules of holiness for the priests and the high priest.
3	22	32	At Mount Sinai: laws for worship and holy living, about 1445 BC	How priests must handle the holy offerings, and offerings must be without defect.
3	23	2	At Mount Sinai: laws for worship and holy living, about 1445 BC	The yearly feasts: Sabbath, Passover, Firstfruits, Weeks, Trumpets, the Day of Atonement and Tabernacles.
3	24	2	At Mount Sinai: laws for worship and holy living, about 1445 BC	The lamp and the holy bread. A man who blasphemes God's name is put to death.
3	25	10	At Mount Sinai: laws for worship and holy living, about 1445 BC	The Sabbath year and the Year of Jubilee, when land returns to its families and slaves are freed.
3	26	12	At Mount Sinai: laws for worship and holy living, about 1445 BC	Blessings if Israel obeys and curses if they rebel, with God's promise to remember his covenant when they repent.
3	27	30	At Mount Sinai: laws for worship and holy living, about 1445 BC	Rules for vows and for things given to the LORD, including the tithe.
4	1	3	At Mount Sinai, about 1445 BC	Moses counts the fighting men of each tribe. The Levites are set apart to care for the tabernacle.
4	2	34	At Mount Sinai, about 1445 BC	How the tribes camp around the tabernacle and march in order.
4	3	12	At Mount Sinai, about 1445 BC	The Levites are counted and given to the LORD in place of Israel's firstborn.
4	4	49	At Mount Sinai, about 1445 BC	The duties of the Levite clans in carrying the tabernacle.
4	5	7	At Mount Sinai, about 1445 BC	Unclean people are kept outside the camp; wrongs must be confessed and repaid; the test for a wife suspected of unfaithfulness.
4	6	24	At Mount Sinai, about 1445 BC	The Nazirite vow, and the priestly blessing: "The LORD bless you and keep you."
4	7	89	At Mount Sinai, about 1445 BC	The leaders of the tribes bring gifts to dedicate the altar.
4	8	14	At Mount Sinai, about 1445 BC	The lampstand is set up, and the Levites are cleansed and set apart.
4	9	17	At Mount Sinai, about 1445 BC	The second Passover. The cloud over the tabernacle shows Israel when to move and when to stay.
4	10	35	At Mount Sinai, about 1445 BC	Silver trumpets are made. Israel leaves Sinai, following the ark.
4	11	23	In the wilderness: forty years of wandering, about 1445–1407 BC	The people complain about the manna and crave meat. God gives seventy elders his Spirit, and sends quail with a plague.
4	12	7	In the wilderness: forty years of wandering, about 1445–1407 BC	Miriam and Aaron speak against Moses, and God defends Moses, his faithful servant. Miriam is struck with a skin disease.
4	13	30	In the wilderness: forty years of wandering, about 1445–1407 BC	Twelve spies explore Canaan. Ten say the people are too strong, but Caleb says they can take it.
4	14	24	In the wilderness: forty years of wandering, about 1445–1407 BC	The people refuse to enter Canaan. God says that generation will die in the wilderness; only Caleb and Joshua will enter.
4	15	41	In the wilderness: forty years of wandering, about 1445–1407 BC	More laws for offerings, and tassels on clothing to remind Israel of God's commands.
4	16	40	In the wilderness: forty years of wandering, about 1445–1407 BC	Korah, Dathan and Abiram rebel against Moses and Aaron, and the ground swallows them.
4	17	8	In the wilderness: forty years of wandering, about 1445–1407 BC	Aaron's staff buds, showing God has chosen him as priest.
4	18	20	In the wilderness: forty years of wandering, about 1445–1407 BC	The duties and share of the priests and Levites.
4	19	9	In the wilderness: forty years of wandering, about 1445–1407 BC	The ashes of a red heifer are used to cleanse those made unclean by a dead body.
4	20	12	In the wilderness: forty years of wandering, about 1445–1407 BC	Miriam dies. Moses strikes the rock in anger instead of speaking to it, and may not enter Canaan. Aaron dies.
4	21	9	On the plains of Moab, about 1407 BC	Israel complains, and God sends snakes; those who look at the bronze snake live. Israel defeats Sihon and Og.
4	22	31	On the plains of Moab, about 1407 BC	King Balak of Moab hires Balaam to curse Israel. Balaam's donkey sees the angel of the LORD.
4	23	19	On the plains of Moab, about 1407 BC	Balaam tries to curse Israel but can only bless them, for God is not a man that he should lie.
4	24	17	On the plains of Moab, about 1407 BC	Balaam blesses Israel again and foretells a star rising from Jacob.
4	25	11	On the plains of Moab, about 1407 BC	Israel joins in Moab's idol worship and sexual sin. Phinehas stops the plague with his zeal.
4	26	65	On the plains of Moab, about 1407 BC	A second census of the new generation before entering Canaan.
4	27	18	On the plains of Moab, about 1407 BC	The daughters of Zelophehad receive their father's land. Joshua is chosen to lead after Moses.
4	28	2	On the plains of Moab, about 1407 BC	The daily, Sabbath, monthly and Passover offerings.
4	29	1	On the plains of Moab, about 1407 BC	The offerings for the autumn feasts.
4	30	2	On the plains of Moab, about 1407 BC	Rules for vows made by men and by women.
4	31	49	On the plains of Moab, about 1407 BC	Israel takes vengeance on Midian.
4	32	23	On the plains of Moab, about 1407 BC	The tribes of Reuben and Gad, and half of Manasseh, settle east of the Jordan, promising to help conquer Canaan.
4	33	53	On the plains of Moab, about 1407 BC	A list of Israel's journeys from Egypt to the plains of Moab.
4	34	2	On the plains of Moab, about 1407 BC	The borders of the promised land and the leaders who will divide it.
4	35	11	On the plains of Moab, about 1407 BC	Towns for the Levites and cities of refuge for those who kill someone by accident.
4	36	7	On the plains of Moab, about 1407 BC	Women who inherit land must marry within their tribe, so each tribe keeps its land.
5	1	21	Moses' last words on the plains of Moab, about 1406 BC	Moses reminds the new generation how their parents refused to enter the land from Kadesh.
5	2	7	Moses' last words on the plains of Moab, about 1406 BC	Moses recalls the years of wandering and the victory over Sihon.
5	3	22	Moses' last words on the plains of Moab, about 1406 BC	Moses recalls the defeat of Og and the land east of the Jordan. God lets him see the land but not enter it.
5	4	29	Moses' last words on the plains of Moab, about 1406 BC	Moses urges Israel to obey God and not make idols, for there is no other god. If they seek him, they will find him.
5	5	6	Moses' last words on the plains of Moab, about 1406 BC	Moses repeats the Ten Commandments given at Sinai.
5	6	5	Moses' last words on the plains of Moab, about 1406 BC	"Hear, O Israel": love the LORD your God with all your heart, and teach his words to your children.
5	7	9	Moses' last words on the plains of Moab, about 1406 BC	Israel must destroy the idols of Canaan, for God chose them out of his love, not because they were great.
5	8	3	Moses' last words on the plains of Moab, about 1406 BC	God humbled Israel in the desert to teach that man does not live by bread alone. Do not forget him when you are rich.
5	9	6	Moses' last words on the plains of Moab, about 1406 BC	Israel will win the land not because they are righteous; Moses recalls the golden calf.
5	10	12	Moses' last words on the plains of Moab, about 1406 BC	God gives new tablets. What does the LORD require? To fear him, walk in his ways and love him.
5	11	18	Moses' last words on the plains of Moab, about 1406 BC	The blessings of obedience; keep God's words on your hearts and teach them to your children.
5	12	5	Moses' last words on the plains of Moab, about 1406 BC	Israel is to worship only at the place God chooses, not at the pagan high places.
5	13	4	Moses' last words on the plains of Moab, about 1406 BC	How to deal with false prophets and anyone who leads others to idols.
5	14	2	Moses' last words on the plains of Moab, about 1406 BC	Clean and unclean food, and the tithe.
5	15	11	Moses' last words on the plains of Moab, about 1406 BC	Debts are cancelled every seventh year; be generous to the poor and free Hebrew slaves.
5	16	1	Moses' last words on the plains of Moab, about 1406 BC	Passover, the Feast of Weeks and the Feast of Tabernacles; judges must be fair.
5	17	19	Moses' last words on the plains of Moab, about 1406 BC	Laws for courts, and for a future king, who must read God's law all his life.
5	18	15	Moses' last words on the plains of Moab, about 1406 BC	The priests' share; detestable practices forbidden; God will raise up a prophet like Moses.
5	19	9	Moses' last words on the plains of Moab, about 1406 BC	Cities of refuge, boundary stones and honest witnesses.
5	20	4	Moses' last words on the plains of Moab, about 1406 BC	Rules for war, trusting in the LORD who fights for Israel.
5	21	23	Moses' last words on the plains of Moab, about 1406 BC	Unsolved murders, captive wives, the rights of the firstborn and a rebellious son.
5	22	1	Moses' last words on the plains of Moab, about 1406 BC	Various laws about neighbours, kindness to animals and sexual purity.
5	23	5	Moses' last words on the plains of Moab, about 1406 BC	Who may enter the assembly, cleanliness in the camp and honesty in vows.
5	24	19	Moses' last words on the plains of Moab, about 1406 BC	Laws on divorce, loans, and leaving gleanings for the poor, the foreigner and the widow.
5	25	15	Moses' last words on the plains of Moab, about 1406 BC	Fair punishment, levirate marriage, honest weights, and remembering Amalek.
5	26	2	Moses' last words on the plains of Moab, about 1406 BC	Bringing the firstfruits with thanks; Israel is God's treasured possession.
5	27	10	Moses' last words on the plains of Moab, about 1406 BC	Israel is to write the law on stones and proclaim curses for disobedience from Mount Ebal.
5	28	2	Moses' last words on the plains of Moab, about 1406 BC	The blessings for obedience and the curses for disobedience, ending in exile.
5	29	29	Moses' last words on the plains of Moab, about 1406 BC	The covenant renewed in Moab; the secret things belong to God, but the revealed things to us.
5	30	19	Moses' last words on the plains of Moab, about 1406 BC	If Israel returns to God, he will restore them. Moses sets before them life and death: choose life.
5	31	6	Moses' last words on the plains of Moab, about 1406 BC	Moses appoints Joshua and tells him to be strong and courageous. God warns that Israel will turn away.
5	32	4	Moses' last words on the plains of Moab, about 1406 BC	The song of Moses: God is the Rock, faithful and just, though his people are unfaithful.
5	33	27	Moses' last words on the plains of Moab, about 1406 BC	Moses blesses each tribe of Israel: the eternal God is your refuge.
5	34	10	Moses' last words on the plains of Moab, about 1406 BC	Moses sees the promised land from Mount Nebo and dies. No prophet has arisen like him.
6	1	9	Entering and conquering Canaan, about 1406–1400 BC	After Moses dies, God tells Joshua to lead Israel into the land: be strong and courageous, for I am with you.
6	2	11	Entering and conquering Canaan, about 1406–1400 BC	Joshua sends two spies to Jericho. Rahab hides them because she believes in Israel's God, and they promise to save her family.
6	3	17	Entering and conquering Canaan, about 1406–1400 BC	The priests carry the ark into the Jordan, the river stops flowing, and Israel crosses on dry ground.
6	4	24	Entering and conquering Canaan, about 1406–1400 BC	Twelve stones from the river are set up as a memorial of what God did.
6	5	15	Entering and conquering Canaan, about 1406–1400 BC	The new generation is circumcised and keeps Passover; the manna stops. Joshua meets the commander of the LORD's army.
6	6	20	Entering and conquering Canaan, about 1406–1400 BC	Israel marches around Jericho for seven days, and the walls fall. Rahab and her family are saved.
6	7	11	Entering and conquering Canaan, about 1406–1400 BC	Achan secretly keeps plunder from Jericho, and Israel is defeated at Ai until his sin is dealt with.
6	8	1	Entering and conquering Canaan, about 1406–1400 BC	Israel takes Ai. Joshua builds an altar on Mount Ebal and reads the law to all the people.
6	9	14	Entering and conquering Canaan, about 1406–1400 BC	The Gibeonites trick Israel into a treaty because the leaders did not ask the LORD.
6	10	14	Entering and conquering Canaan, about 1406–1400 BC	Five kings attack Gibeon. God fights for Israel, sending hailstones and making the sun stand still.
6	11	23	Entering and conquering Canaan, about 1406–1400 BC	Joshua defeats the kings of the north, and the land has rest from war.
6	12	24	Entering and conquering Canaan, about 1406–1400 BC	A list of the kings defeated on both sides of the Jordan.
6	13	1	Dividing the land, about 1400–1380 BC	Much land remains to be taken. The land east of the Jordan is given to Reuben, Gad and half of Manasseh.
6	14	12	Dividing the land, about 1400–1380 BC	Caleb, now 85, asks for the hill country God promised him and is given Hebron.
6	15	13	Dividing the land, about 1400–1380 BC	The land given to the tribe of Judah; Caleb takes Hebron and Debir.
6	16	10	Dividing the land, about 1400–1380 BC	The land given to Ephraim, who do not drive out the Canaanites of Gezer.
6	17	18	Dividing the land, about 1400–1380 BC	The land given to the half tribe of Manasseh, including the daughters of Zelophehad.
6	18	3	Dividing the land, about 1400–1380 BC	The tabernacle is set up at Shiloh, and the land of Benjamin is surveyed and given.
6	19	51	Dividing the land, about 1400–1380 BC	The land given to Simeon, Zebulun, Issachar, Asher, Naphtali and Dan, and Joshua's town.
6	20	3	Dividing the land, about 1400–1380 BC	Six cities of refuge are set apart.
6	21	45	Dividing the land, about 1400–1380 BC	Towns are given to the Levites. Not one of God's good promises has failed.
6	22	5	Dividing the land, about 1400–1380 BC	The eastern tribes go home and build an altar by the Jordan, which nearly causes a war until they explain it.
6	23	14	Dividing the land, about 1400–1380 BC	Old Joshua urges the leaders to love the LORD and keep away from the nations' gods.
6	24	15	Dividing the land, about 1400–1380 BC	At Shechem Joshua renews the covenant: "As for me and my house, we will serve the LORD." Joshua dies.
7	1	28	The judges, before Israel had a king, about 1380–1050 BC	After Joshua, the tribes fight on but fail to drive out the Canaanites.
7	2	12	The judges, before Israel had a king, about 1380–1050 BC	A new generation forgets the LORD. A cycle begins: Israel sins, is oppressed, cries out, and God raises up judges to save them.
7	3	9	The judges, before Israel had a king, about 1380–1050 BC	The judges Othniel, Ehud, who kills the king of Moab, and Shamgar.
7	4	14	The judges, before Israel had a king, about 1380–1050 BC	The prophetess Deborah sends Barak against Sisera, and Jael kills Sisera in her tent.
7	5	31	The judges, before Israel had a king, about 1380–1050 BC	The song of Deborah and Barak praising God for the victory.
7	6	12	The judges, before Israel had a king, about 1380–1050 BC	Midian oppresses Israel. The angel of the LORD calls Gideon, who tears down Baal's altar and tests God with a fleece.
7	7	7	The judges, before Israel had a king, about 1380–1050 BC	God reduces Gideon's army to 300 men, who defeat Midian with trumpets and torches.
7	8	23	The judges, before Israel had a king, about 1380–1050 BC	Gideon pursues the Midianite kings, refuses to be king, but makes an ephod that becomes a snare.
7	9	56	The judges, before Israel had a king, about 1380–1050 BC	Gideon's son Abimelech kills his brothers and makes himself king, then dies in his evil.
7	10	16	The judges, before Israel had a king, about 1380–1050 BC	The judges Tola and Jair; Israel turns to idols again, and the Ammonites oppress them.
7	11	30	The judges, before Israel had a king, about 1380–1050 BC	Jephthah, an outcast, leads Israel against Ammon and makes a rash vow about his daughter.
7	12	6	The judges, before Israel had a king, about 1380–1050 BC	Jephthah fights Ephraim. The judges Ibzan, Elon and Abdon.
7	13	5	The judges, before Israel had a king, about 1380–1050 BC	The angel of the LORD announces the birth of Samson, who is to be a Nazirite.
7	14	6	The judges, before Israel had a king, about 1380–1050 BC	Samson kills a lion, marries a Philistine woman, and tells a riddle that leads to trouble.
7	15	15	The judges, before Israel had a king, about 1380–1050 BC	Samson takes revenge on the Philistines and kills a thousand with a donkey's jawbone.
7	16	28	The judges, before Israel had a king, about 1380–1050 BC	Delilah betrays Samson, who is blinded. In his death he pulls down the temple of Dagon on the Philistines.
7	17	6	The judges, before Israel had a king, about 1380–1050 BC	Micah makes an idol and hires a Levite as his priest. Everyone did what was right in his own eyes.
7	18	1	The judges, before Israel had a king, about 1380–1050 BC	The tribe of Dan takes Micah's idol and priest and conquers the town of Laish.
7	19	30	The judges, before Israel had a king, about 1380–1050 BC	A Levite's concubine is abused and killed at Gibeah in Benjamin, a crime that shocks Israel.
7	20	28	The judges, before Israel had a king, about 1380–1050 BC	Israel goes to war against Benjamin, which is almost wiped out.
7	21	25	The judges, before Israel had a king, about 1380–1050 BC	Israel finds wives for the surviving Benjamites. There was no king in Israel.
8	1	16	In the days of the judges, about 1100 BC	Naomi loses her husband and sons in Moab. Her daughter-in-law Ruth refuses to leave her: "Your people will be my people, and your God my God."
8	2	12	In the days of the judges, about 1100 BC	Ruth gleans in the fields of Boaz, a relative of Naomi, who treats her with great kindness.
8	3	11	In the days of the judges, about 1100 BC	Naomi sends Ruth to Boaz at the threshing floor to ask him to redeem her, and he promises to do it.
8	4	17	In the days of the judges, about 1100 BC	Boaz redeems Naomi's land and marries Ruth. Their son Obed is the grandfather of King David.
9	1	27	Samuel, the last judge, about 1100–1050 BC	Hannah, who has no children, prays for a son at Shiloh. God answers, and she gives Samuel to the LORD.
9	2	2	Samuel, the last judge, about 1100–1050 BC	Hannah's prayer of praise. Eli's sons are wicked priests, and God warns Eli of judgment.
9	3	10	Samuel, the last judge, about 1100–1050 BC	The LORD calls the boy Samuel at night, and Samuel answers, "Speak, for your servant hears."
9	4	21	Samuel, the last judge, about 1100–1050 BC	The Philistines defeat Israel and capture the ark. Eli's sons die, and Eli dies when he hears the news.
9	5	4	Samuel, the last judge, about 1100–1050 BC	The ark brings disaster on the Philistines, and their idol Dagon falls before it.
9	6	20	Samuel, the last judge, about 1100–1050 BC	The Philistines send the ark back on a cart.
9	7	12	Samuel, the last judge, about 1100–1050 BC	Samuel calls Israel to turn back to God, and God defeats the Philistines. Samuel sets up a stone called Ebenezer.
9	8	7	Saul, Israel's first king, about 1050 BC	The people ask for a king like the other nations. God says they have rejected him, but lets them have one.
9	9	17	Saul, Israel's first king, about 1050 BC	Saul goes looking for lost donkeys and meets Samuel, who knows God has chosen him.
9	10	1	Saul, Israel's first king, about 1050 BC	Samuel anoints Saul, who prophesies, and Saul is chosen king by lot.
9	11	15	Saul, Israel's first king, about 1050 BC	Saul rescues the town of Jabesh-gilead from the Ammonites and is confirmed as king.
9	12	24	Saul, Israel's first king, about 1050 BC	Samuel's farewell: he urges the people and their king to fear and serve the LORD.
9	13	14	Saul, Israel's first king, about 1050 BC	Saul offers a sacrifice himself instead of waiting for Samuel. Samuel says God will seek a man after his own heart.
9	14	6	Saul, Israel's first king, about 1050 BC	Jonathan and his armour-bearer attack a Philistine outpost, trusting God, and Israel wins.
9	15	22	Saul, Israel's first king, about 1050 BC	Saul disobeys God's command about the Amalekites. To obey is better than sacrifice, and God rejects Saul as king.
9	16	7	David rises while Saul falls, about 1025–1010 BC	Samuel anoints the young shepherd David, for the LORD looks at the heart. David plays music for troubled Saul.
9	17	47	David rises while Saul falls, about 1025–1010 BC	David kills the giant Goliath with a sling and a stone, trusting the LORD.
9	18	1	David rises while Saul falls, about 1025–1010 BC	Jonathan loves David as himself. Saul grows jealous of David's success and tries to kill him.
9	19	2	David rises while Saul falls, about 1025–1010 BC	Saul tries to kill David again; Jonathan and Michal help him escape.
9	20	42	David rises while Saul falls, about 1025–1010 BC	Jonathan warns David that Saul means to kill him, and they part as close friends.
9	21	6	David rises while Saul falls, about 1025–1010 BC	David flees to Nob, where the priest gives him the holy bread and Goliath's sword.
9	22	23	David rises while Saul falls, about 1025–1010 BC	David gathers men in a cave. Saul kills the priests of Nob for helping David.
9	23	16	David rises while Saul falls, about 1025–1010 BC	David saves the town of Keilah and escapes Saul again; Jonathan strengthens his faith.
9	24	6	David rises while Saul falls, about 1025–1010 BC	David spares Saul's life in a cave, refusing to harm the LORD's anointed.
9	25	32	David rises while Saul falls, about 1025–1010 BC	Abigail stops David from taking revenge on her foolish husband Nabal, and later marries David.
9	26	23	David rises while Saul falls, about 1025–1010 BC	David spares Saul again, taking only his spear and water jar.
9	27	1	David rises while Saul falls, about 1025–1010 BC	David goes to live among the Philistines to escape Saul.
9	28	6	David rises while Saul falls, about 1025–1010 BC	Saul, abandoned by God, visits a medium at Endor and hears that he will die.
9	29	9	David rises while Saul falls, about 1025–1010 BC	The Philistine commanders send David away from the battle against Israel.
9	30	6	David rises while Saul falls, about 1025–1010 BC	Raiders burn Ziklag and take the families; David strengthens himself in the LORD and recovers everything.
9	31	4	David rises while Saul falls, about 1025–1010 BC	The Philistines defeat Israel on Mount Gilboa, and Saul and his sons die.
10	1	26	David's reign, about 1010–970 BC	David mourns for Saul and Jonathan with a lament.
10	2	4	David's reign, about 1010–970 BC	David is anointed king over Judah at Hebron. War begins with Saul's family.
10	3	1	David's reign, about 1010–970 BC	David grows stronger. Abner joins him but is murdered by Joab.
10	4	11	David's reign, about 1010–970 BC	Saul's son Ish-bosheth is murdered, and David punishes the killers.
10	5	12	David's reign, about 1010–970 BC	David becomes king over all Israel, captures Jerusalem and defeats the Philistines.
10	6	14	David's reign, about 1010–970 BC	David brings the ark to Jerusalem, dancing before the LORD with all his might.
10	7	16	David's reign, about 1010–970 BC	God promises David a house: his kingdom and throne will last for ever.
10	8	15	David's reign, about 1010–970 BC	David's victories over the surrounding nations; he rules with justice.
10	9	7	David's reign, about 1010–970 BC	David shows kindness to Jonathan's lame son Mephibosheth.
10	10	12	David's reign, about 1010–970 BC	David defeats the Ammonites and the Arameans.
10	11	27	David's reign, about 1010–970 BC	David commits adultery with Bathsheba and arranges the death of her husband Uriah.
10	12	13	David's reign, about 1010–970 BC	The prophet Nathan confronts David with a parable. David repents, but the child dies. Solomon is born.
10	13	28	David's reign, about 1010–970 BC	Amnon wrongs his sister Tamar, and her brother Absalom kills him and flees.
10	14	14	David's reign, about 1010–970 BC	Joab arranges for Absalom to come home, and David forgives him.
10	15	14	David's reign, about 1010–970 BC	Absalom wins the people's hearts and rebels. David flees Jerusalem.
10	16	12	David's reign, about 1010–970 BC	Ziba deceives David, and Shimei curses him, but David leaves it to the LORD.
10	17	14	David's reign, about 1010–970 BC	Absalom follows Hushai's advice instead of Ahithophel's, and David escapes across the Jordan.
10	18	33	David's reign, about 1010–970 BC	Absalom is defeated and killed by Joab. David weeps: "O Absalom, my son!"
10	19	22	David's reign, about 1010–970 BC	David returns to Jerusalem and shows mercy to those who opposed him.
10	20	1	David's reign, about 1010–970 BC	Sheba leads a rebellion, which Joab ends.
10	21	14	David's reign, about 1010–970 BC	A famine for Saul's sin against the Gibeonites; battles with the Philistine giants.
10	22	2	David's reign, about 1010–970 BC	David's song of praise: the LORD is my rock, my fortress and my deliverer.
10	23	5	David's reign, about 1010–970 BC	David's last words, and a list of his mighty men.
10	24	24	David's reign, about 1010–970 BC	David counts the fighting men in pride, and a plague follows. He buys a threshing floor and offers sacrifices.
11	1	30	Solomon's reign, about 970–930 BC	As David grows old, Adonijah tries to make himself king, but David has Solomon anointed.
11	2	3	Solomon's reign, about 970–930 BC	David charges Solomon to keep God's ways, and dies. Solomon secures his throne.
11	3	9	Solomon's reign, about 970–930 BC	Solomon asks God for wisdom to rule, and God gives it, along with riches and honour. He judges between two mothers.
11	4	29	Solomon's reign, about 970–930 BC	Solomon's officials, his wealth and his great wisdom.
11	5	5	Solomon's reign, about 970–930 BC	Solomon prepares to build the temple with cedar from King Hiram of Tyre.
11	6	13	Solomon's reign, about 970–930 BC	Solomon builds the temple in seven years. God promises to live among Israel if they obey.
11	7	51	Solomon's reign, about 970–930 BC	Solomon builds his palace, and Hiram makes the bronze furnishings for the temple.
11	8	27	Solomon's reign, about 970–930 BC	The ark is brought into the temple and God's glory fills it. Solomon prays and dedicates the temple.
11	9	4	Solomon's reign, about 970–930 BC	God appears to Solomon again with a promise and a warning. Solomon's other buildings and trade.
11	10	9	Solomon's reign, about 970–930 BC	The Queen of Sheba visits and praises Solomon's wisdom. His great riches.
11	11	4	Solomon's reign, about 970–930 BC	Solomon's many foreign wives turn his heart to other gods. God will tear most of the kingdom from his son.
11	12	15	The kingdom divides: Israel in the north, Judah in the south, about 930–874 BC	Rehoboam answers the people harshly, and the ten northern tribes break away under Jeroboam, who sets up golden calves.
11	13	2	The kingdom divides: Israel in the north, Judah in the south, about 930–874 BC	A man of God from Judah prophesies against Jeroboam's altar, but disobeys God and dies.
11	14	9	The kingdom divides: Israel in the north, Judah in the south, about 930–874 BC	The prophet Ahijah foretells judgment on Jeroboam's house. Rehoboam's reign in Judah.
11	15	11	The kingdom divides: Israel in the north, Judah in the south, about 930–874 BC	Kings Abijam and Asa of Judah, and Nadab and Baasha of Israel. Asa does what is right.
11	16	30	The kingdom divides: Israel in the north, Judah in the south, about 930–874 BC	A string of wicked kings in Israel ending with Ahab, who marries Jezebel and serves Baal.
11	17	16	Elijah and King Ahab, about 874–853 BC	Elijah announces a drought. Ravens feed him, and he stays with a widow whose flour and oil do not run out. He raises her son.
11	18	39	Elijah and King Ahab, about 874–853 BC	Elijah challenges the prophets of Baal on Mount Carmel, and the LORD answers with fire. The rain returns.
11	19	12	Elijah and King Ahab, about 874–853 BC	Elijah flees from Jezebel in despair. God meets him in a gentle whisper and gives him Elisha.
11	20	28	Elijah and King Ahab, about 874–853 BC	God gives Ahab victory over the Arameans, but Ahab lets their king go.
11	21	19	Elijah and King Ahab, about 874–853 BC	Ahab and Jezebel have Naboth killed to take his vineyard. Elijah pronounces judgment, and Ahab humbles himself.
11	22	23	Elijah and King Ahab, about 874–853 BC	The prophet Micaiah foretells Ahab's defeat. Ahab dies in battle as the LORD said. Jehoshaphat's reign in Judah.
12	1	16	Elisha and the kings of Israel and Judah, about 853–796 BC	King Ahaziah of Israel seeks a foreign god, and Elijah says he will die.
12	2	11	Elisha and the kings of Israel and Judah, about 853–796 BC	Elijah is taken up to heaven in a whirlwind, and Elisha receives a double portion of his spirit.
12	3	18	Elisha and the kings of Israel and Judah, about 853–796 BC	Elisha prophesies water and victory over Moab.
12	4	7	Elisha and the kings of Israel and Judah, about 853–796 BC	Elisha's miracles: oil for a widow, a son for a Shunammite woman raised to life, and food for prophets.
12	5	14	Elisha and the kings of Israel and Judah, about 853–796 BC	Naaman, an Aramean commander, is healed of his skin disease by washing in the Jordan. Gehazi's greed.
12	6	17	Elisha and the kings of Israel and Judah, about 853–796 BC	An axe head floats. Elisha's servant sees the hills full of horses and chariots of fire. Samaria is besieged.
12	7	1	Elisha and the kings of Israel and Judah, about 853–796 BC	God ends the siege of Samaria as Elisha said, and four lepers find the enemy camp empty.
12	8	1	Elisha and the kings of Israel and Judah, about 853–796 BC	The Shunammite's land is restored. Hazael becomes king of Aram. Kings of Judah.
12	9	6	Elisha and the kings of Israel and Judah, about 853–796 BC	Jehu is anointed king of Israel and kills Joram, Ahaziah and Jezebel.
12	10	30	Elisha and the kings of Israel and Judah, about 853–796 BC	Jehu destroys Ahab's family and the worship of Baal, but keeps Jeroboam's calves.
12	11	17	Elisha and the kings of Israel and Judah, about 853–796 BC	Athaliah seizes Judah's throne, but the boy Joash is hidden and later crowned.
12	12	2	Elisha and the kings of Israel and Judah, about 853–796 BC	Joash does right while the priest Jehoiada teaches him, and he repairs the temple.
12	13	23	Elisha and the kings of Israel and Judah, about 853–796 BC	Kings of Israel. Elisha dies, and a dead man comes to life when he touches Elisha's bones.
12	14	3	The fall of the northern kingdom of Israel to Assyria, 722 BC	Amaziah of Judah and Jeroboam II of Israel.
12	15	35	The fall of the northern kingdom of Israel to Assyria, 722 BC	A series of kings in Judah and Israel; Assyria begins to threaten Israel.
12	16	3	The fall of the northern kingdom of Israel to Assyria, 722 BC	King Ahaz of Judah follows pagan ways and copies an Assyrian altar.
12	17	7	The fall of the northern kingdom of Israel to Assyria, 722 BC	Assyria captures Samaria and carries Israel into exile because they rejected the LORD and his covenant.
12	18	5	Judah alone until the exile to Babylon, 715–586 BC	Hezekiah of Judah trusts the LORD and removes idols. The Assyrian commander mocks God at Jerusalem.
12	19	19	Judah alone until the exile to Babylon, 715–586 BC	Hezekiah prays, Isaiah gives God's answer, and the angel of the LORD strikes the Assyrian army.
12	20	5	Judah alone until the exile to Babylon, 715–586 BC	God heals Hezekiah and adds fifteen years to his life. Hezekiah shows his treasures to Babylon.
12	21	2	Judah alone until the exile to Babylon, 715–586 BC	Manasseh leads Judah into great evil, and God announces disaster on Jerusalem.
12	22	13	Judah alone until the exile to Babylon, 715–586 BC	In King Josiah's day the Book of the Law is found in the temple, and Josiah is troubled by it.
12	23	25	Judah alone until the exile to Babylon, 715–586 BC	Josiah renews the covenant, removes idols and keeps the Passover. He dies in battle.
12	24	20	Judah alone until the exile to Babylon, 715–586 BC	Babylon's King Nebuchadnezzar takes Jerusalem and carries King Jehoiachin and many people to Babylon.
12	25	9	Judah alone until the exile to Babylon, 715–586 BC	Jerusalem and the temple are destroyed, and Judah is taken into exile. Jehoiachin is later shown kindness.
13	1	1	Family records from Adam to the return from exile, written after the exile	Family records from Adam through Noah's sons to Abraham, Isaac and Esau.
13	2	1	Family records from Adam to the return from exile, written after the exile	The sons of Israel and the family of Judah, leading to David.
13	3	1	Family records from Adam to the return from exile, written after the exile	The family of David and the kings of Judah who came from him.
13	4	10	Family records from Adam to the return from exile, written after the exile	More of the family of Judah, including Jabez's prayer, and the family of Simeon.
13	5	20	Family records from Adam to the return from exile, written after the exile	The tribes east of the Jordan: Reuben, Gad and half of Manasseh, who trusted God in battle but later went into exile.
13	6	31	Family records from Adam to the return from exile, written after the exile	The family of Levi, the singers David appointed, and the Levites' towns.
13	7	40	Family records from Adam to the return from exile, written after the exile	The families of Issachar, Benjamin, Naphtali, Manasseh, Ephraim and Asher.
13	8	33	Family records from Adam to the return from exile, written after the exile	The family of Benjamin, including the family of Saul.
13	9	2	Family records from Adam to the return from exile, written after the exile	The people who returned to Jerusalem after the exile, and the family of Saul.
13	10	13	David's reign, about 1010–970 BC	Saul dies in battle with the Philistines because he was unfaithful to the LORD.
13	11	9	David's reign, about 1010–970 BC	David is made king of all Israel and takes Jerusalem. His mighty men.
13	12	18	David's reign, about 1010–970 BC	The warriors who came to David, and the great gathering that made him king.
13	13	14	David's reign, about 1010–970 BC	David's first attempt to bring the ark to Jerusalem ends when Uzzah dies.
13	14	17	David's reign, about 1010–970 BC	David's household grows and he defeats the Philistines.
13	15	15	David's reign, about 1010–970 BC	The Levites carry the ark to Jerusalem as God commanded, with music and joy.
13	16	34	David's reign, about 1010–970 BC	David's song of thanks when the ark arrives: give thanks to the LORD, for he is good.
13	17	14	David's reign, about 1010–970 BC	God promises David a house and a kingdom that will last for ever. David's prayer of thanks.
13	18	14	David's reign, about 1010–970 BC	David's victories over the surrounding nations.
13	19	13	David's reign, about 1010–970 BC	The Ammonites insult David's messengers, and David defeats them and the Arameans.
13	20	8	David's reign, about 1010–970 BC	The capture of Rabbah, and the killing of Philistine giants.
13	21	13	David's reign, about 1010–970 BC	David counts the people, a plague follows, and he buys the threshing floor where the temple will stand.
13	22	19	David's reign, about 1010–970 BC	David prepares materials for the temple and charges Solomon to build it.
13	23	30	David's reign, about 1010–970 BC	David organises the Levites for their service.
13	24	31	David's reign, about 1010–970 BC	The priests are divided into twenty-four groups.
13	25	1	David's reign, about 1010–970 BC	The musicians appointed to sing and prophesy with instruments.
13	26	1	David's reign, about 1010–970 BC	The gatekeepers, treasurers and other officials.
13	27	1	David's reign, about 1010–970 BC	The army divisions and leaders of the tribes.
13	28	9	David's reign, about 1010–970 BC	David gives Solomon the plans for the temple and urges him to serve God with a whole heart.
13	29	11	David's reign, about 1010–970 BC	The people give generously for the temple. David praises God and Solomon becomes king.
14	1	10	Solomon's reign, about 970–930 BC	Solomon asks God for wisdom and knowledge, and God gives him riches and honour too.
14	2	5	Solomon's reign, about 970–930 BC	Solomon prepares to build the temple with help from King Hiram of Tyre.
14	3	1	Solomon's reign, about 970–930 BC	Solomon builds the temple on Mount Moriah.
14	4	1	Solomon's reign, about 970–930 BC	The temple furnishings: the altar, the bronze sea, the lampstands and tables.
14	5	13	Solomon's reign, about 970–930 BC	The ark is brought into the temple, the singers praise God, and the cloud of his glory fills it.
14	6	18	Solomon's reign, about 970–930 BC	Solomon's prayer of dedication: can God really live on earth? Hear from heaven and forgive.
14	7	14	Solomon's reign, about 970–930 BC	Fire falls from heaven. God promises: if my people humble themselves and pray, I will heal their land.
14	8	1	Solomon's reign, about 970–930 BC	Solomon's building projects and his worship.
14	9	8	Solomon's reign, about 970–930 BC	The Queen of Sheba visits, and Solomon's wealth and wisdom. Solomon dies.
14	10	15	The kings of Judah, from the split of the kingdom to the exile, 930–586 BC	Rehoboam rejects the people's request, and the northern tribes break away.
14	11	16	The kings of Judah, from the split of the kingdom to the exile, 930–586 BC	Rehoboam strengthens Judah, and faithful people from the north come to Jerusalem.
14	12	7	The kings of Judah, from the split of the kingdom to the exile, 930–586 BC	Rehoboam abandons the LORD, Egypt attacks, and the king humbles himself.
14	13	18	The kings of Judah, from the split of the kingdom to the exile, 930–586 BC	Abijah defeats Jeroboam's larger army because Judah relies on the LORD.
14	14	11	The kings of Judah, from the split of the kingdom to the exile, 930–586 BC	King Asa removes idols and relies on God to defeat a huge Cushite army.
14	15	2	The kings of Judah, from the split of the kingdom to the exile, 930–586 BC	The prophet Azariah encourages Asa, who leads Judah to seek God wholeheartedly.
14	16	9	The kings of Judah, from the split of the kingdom to the exile, 930–586 BC	Asa relies on Aram instead of God, and the seer Hanani rebukes him.
14	17	6	The kings of Judah, from the split of the kingdom to the exile, 930–586 BC	Jehoshaphat sends teachers through Judah with the Book of the Law, and God makes him strong.
14	18	13	The kings of Judah, from the split of the kingdom to the exile, 930–586 BC	Jehoshaphat joins Ahab in battle against the prophet Micaiah's warning, and Ahab dies.
14	19	7	The kings of Judah, from the split of the kingdom to the exile, 930–586 BC	Jehoshaphat appoints judges and tells them to judge in the fear of the LORD.
14	20	15	The kings of Judah, from the split of the kingdom to the exile, 930–586 BC	A great army attacks Judah. Jehoshaphat prays, and God fights for them as the singers praise.
14	21	7	The kings of Judah, from the split of the kingdom to the exile, 930–586 BC	Jehoram does evil, yet God keeps his promise to David.
14	22	10	The kings of Judah, from the split of the kingdom to the exile, 930–586 BC	Ahaziah reigns briefly; Athaliah seizes the throne, but Joash is hidden.
14	23	16	The kings of Judah, from the split of the kingdom to the exile, 930–586 BC	The priest Jehoiada crowns Joash and leads the people back to God.
14	24	20	The kings of Judah, from the split of the kingdom to the exile, 930–586 BC	Joash repairs the temple but later turns away and has the prophet Zechariah stoned.
14	25	2	The kings of Judah, from the split of the kingdom to the exile, 930–586 BC	Amaziah does right, but not wholeheartedly, and turns to idols.
14	26	16	The kings of Judah, from the split of the kingdom to the exile, 930–586 BC	Uzziah prospers while he seeks God, but pride leads him into the temple and he is struck with a skin disease.
14	27	6	The kings of Judah, from the split of the kingdom to the exile, 930–586 BC	Jotham grows strong because he walks steadily before the LORD.
14	28	22	The kings of Judah, from the split of the kingdom to the exile, 930–586 BC	Ahaz turns to other gods and shuts the temple doors.
14	29	36	The kings of Judah, from the split of the kingdom to the exile, 930–586 BC	Hezekiah reopens and cleanses the temple and restores worship.
14	30	9	The kings of Judah, from the split of the kingdom to the exile, 930–586 BC	Hezekiah invites all Israel, north and south, to a great Passover.
14	31	21	The kings of Judah, from the split of the kingdom to the exile, 930–586 BC	The people give generously and Hezekiah organises the priests and Levites.
14	32	8	The kings of Judah, from the split of the kingdom to the exile, 930–586 BC	Assyria's King Sennacherib attacks, and God saves Jerusalem in answer to Hezekiah and Isaiah's prayer.
14	33	13	The kings of Judah, from the split of the kingdom to the exile, 930–586 BC	Manasseh does great evil, is taken captive, humbles himself, and God restores him.
14	34	31	The kings of Judah, from the split of the kingdom to the exile, 930–586 BC	Josiah seeks God, finds the Book of the Law and renews the covenant.
14	35	18	The kings of Judah, from the split of the kingdom to the exile, 930–586 BC	Josiah keeps a great Passover, then dies in battle against Egypt.
14	36	23	The kings of Judah, from the split of the kingdom to the exile, 930–586 BC	Judah's last kings ignore God's prophets; Jerusalem falls. Seventy years later Cyrus lets the exiles return.
15	1	3	The first return from exile and the rebuilt temple, 538–516 BC	King Cyrus of Persia lets the Jews go home to rebuild the temple, as God had stirred his heart.
15	2	1	The first return from exile and the rebuilt temple, 538–516 BC	A list of the families who returned to Jerusalem and Judah.
15	3	11	The first return from exile and the rebuilt temple, 538–516 BC	The returned exiles rebuild the altar and lay the temple's foundation with praise and weeping.
15	4	4	The first return from exile and the rebuilt temple, 538–516 BC	Enemies oppose the rebuilding and get the work stopped.
15	5	2	The first return from exile and the rebuilt temple, 538–516 BC	The prophets Haggai and Zechariah encourage the people, and the work starts again.
15	6	16	The first return from exile and the rebuilt temple, 538–516 BC	King Darius confirms Cyrus's decree. The temple is finished and dedicated with joy, and Passover is kept.
15	7	10	Ezra returns to teach God's law, 458 BC	Ezra, a teacher of God's law, comes to Jerusalem; he had set his heart to study, obey and teach it.
15	8	23	Ezra returns to teach God's law, 458 BC	Ezra leads another group home, fasting and praying for God's protection.
15	9	6	Ezra returns to teach God's law, 458 BC	Ezra is grieved that the people have married foreign wives who worship other gods, and he confesses Israel's sin.
15	10	11	Ezra returns to teach God's law, 458 BC	The people confess and agree to put things right.
16	1	11	Rebuilding Jerusalem's walls and renewing the covenant, 445–430 BC	Nehemiah, the Persian king's cupbearer, hears that Jerusalem's walls are broken down, and he weeps and prays.
16	2	18	Rebuilding Jerusalem's walls and renewing the covenant, 445–430 BC	King Artaxerxes sends Nehemiah to rebuild Jerusalem. He inspects the walls at night and rallies the people.
16	3	1	Rebuilding Jerusalem's walls and renewing the covenant, 445–430 BC	The families and groups who rebuilt each section of the wall and gates.
16	4	14	Rebuilding Jerusalem's walls and renewing the covenant, 445–430 BC	Enemies mock and threaten, so the builders work with a tool in one hand and a weapon in the other.
16	5	9	Rebuilding Jerusalem's walls and renewing the covenant, 445–430 BC	Nehemiah stops the rich from oppressing poor Jews and refuses his own food allowance.
16	6	15	Rebuilding Jerusalem's walls and renewing the covenant, 445–430 BC	Enemies try to trick and frighten Nehemiah, but the wall is finished in fifty-two days.
16	7	2	Rebuilding Jerusalem's walls and renewing the covenant, 445–430 BC	Nehemiah appoints guards and lists the families who first returned.
16	8	10	Rebuilding Jerusalem's walls and renewing the covenant, 445–430 BC	Ezra reads the Book of the Law to all the people; they weep, then celebrate. The joy of the LORD is your strength.
16	9	17	Rebuilding Jerusalem's walls and renewing the covenant, 445–430 BC	The Levites lead a long prayer recalling God's faithfulness and Israel's sin, and the people make a binding agreement.
16	10	29	Rebuilding Jerusalem's walls and renewing the covenant, 445–430 BC	The leaders sign the agreement to keep God's law, the Sabbath and the offerings.
16	11	1	Rebuilding Jerusalem's walls and renewing the covenant, 445–430 BC	One in ten families moves to live in Jerusalem.
16	12	43	Rebuilding Jerusalem's walls and renewing the covenant, 445–430 BC	The priests and Levites, and the joyful dedication of the wall.
16	13	14	Rebuilding Jerusalem's walls and renewing the covenant, 445–430 BC	Returning later, Nehemiah finds the people breaking their promises and puts things right again.
17	1	12	The Jews in Persia under King Xerxes, about 483–473 BC	King Xerxes of Persia holds a great feast, and Queen Vashti refuses his command and is removed.
17	2	17	The Jews in Persia under King Xerxes, about 483–473 BC	Esther, a Jewish orphan raised by her cousin Mordecai, becomes queen. Mordecai uncovers a plot against the king.
17	3	6	The Jews in Persia under King Xerxes, about 483–473 BC	Haman is promoted, and when Mordecai will not bow to him, he plots to destroy all the Jews.
17	4	14	The Jews in Persia under King Xerxes, about 483–473 BC	Mordecai urges Esther to go to the king: who knows whether you have come to the kingdom for such a time as this?
17	5	2	The Jews in Persia under King Xerxes, about 483–473 BC	Esther goes to the king unbidden, and he welcomes her. Haman builds a gallows for Mordecai.
17	6	10	The Jews in Persia under King Xerxes, about 483–473 BC	The sleepless king learns that Mordecai saved his life, and Haman must honour Mordecai.
17	7	3	The Jews in Persia under King Xerxes, about 483–473 BC	At Esther's banquet she reveals Haman's plot, and Haman is hanged on his own gallows.
17	8	17	The Jews in Persia under King Xerxes, about 483–473 BC	The king gives a new decree letting the Jews defend themselves, and there is joy.
17	9	22	The Jews in Persia under King Xerxes, about 483–473 BC	The Jews overcome their enemies, and the feast of Purim is set to remember it.
17	10	3	The Jews in Persia under King Xerxes, about 483–473 BC	Mordecai becomes second to the king and works for the good of his people.
18	1	21	Wisdom: the story of Job, set in the time of the patriarchs	Job is a good man whom God blesses. Satan says Job serves God only for gain, and Job loses his children and wealth, yet he worships God.
18	2	10	Wisdom: the story of Job, set in the time of the patriarchs	Satan strikes Job with painful sores. His wife tells him to curse God, but he will not. Three friends come to comfort him.
18	3	11	Wisdom: the story of Job, set in the time of the patriarchs	Job breaks his silence and curses the day he was born.
18	4	7	Wisdom: the story of Job, set in the time of the patriarchs	Eliphaz says the innocent never perish, so Job must have sinned.
18	5	17	Wisdom: the story of Job, set in the time of the patriarchs	Eliphaz urges Job to seek God and accept his discipline.
18	6	10	Wisdom: the story of Job, set in the time of the patriarchs	Job says his friends have failed him, and holds on to his innocence.
18	7	17	Wisdom: the story of Job, set in the time of the patriarchs	Job asks God why he is so troubled and pleads for relief.
18	8	20	Wisdom: the story of Job, set in the time of the patriarchs	Bildad says God never rejects the blameless, so Job's children must have sinned.
18	9	33	Wisdom: the story of Job, set in the time of the patriarchs	Job asks how a man can be right before God, and wishes for someone to stand between them.
18	10	8	Wisdom: the story of Job, set in the time of the patriarchs	Job asks God why he made him only to destroy him.
18	11	7	Wisdom: the story of Job, set in the time of the patriarchs	Zophar says Job deserves even worse and should repent.
18	12	10	Wisdom: the story of Job, set in the time of the patriarchs	Job answers that he knows God's power as well as they do.
18	13	15	Wisdom: the story of Job, set in the time of the patriarchs	Job will argue his case with God: though he slay me, I will hope in him.
18	14	14	Wisdom: the story of Job, set in the time of the patriarchs	Job reflects on how short life is: if a man dies, will he live again?
18	15	14	Wisdom: the story of Job, set in the time of the patriarchs	Eliphaz accuses Job of empty talk and of undermining reverence for God.
18	16	19	Wisdom: the story of Job, set in the time of the patriarchs	Job calls his friends miserable comforters; his witness is in heaven.
18	17	1	Wisdom: the story of Job, set in the time of the patriarchs	Job's spirit is broken and his hope seems gone.
18	18	5	Wisdom: the story of Job, set in the time of the patriarchs	Bildad describes the terrible end of the wicked.
18	19	25	Wisdom: the story of Job, set in the time of the patriarchs	Job feels abandoned by all, yet declares: I know that my Redeemer lives.
18	20	5	Wisdom: the story of Job, set in the time of the patriarchs	Zophar says the joy of the wicked is short.
18	21	7	Wisdom: the story of Job, set in the time of the patriarchs	Job answers that the wicked often prosper.
18	22	21	Wisdom: the story of Job, set in the time of the patriarchs	Eliphaz accuses Job of great wickedness and urges him to make peace with God.
18	23	10	Wisdom: the story of Job, set in the time of the patriarchs	Job longs to find God; yet he knows that God tests him and he will come out as gold.
18	24	1	Wisdom: the story of Job, set in the time of the patriarchs	Job asks why God seems to let the wicked oppress the poor.
18	25	4	Wisdom: the story of Job, set in the time of the patriarchs	Bildad says no man can be pure before God.
18	26	14	Wisdom: the story of Job, set in the time of the patriarchs	Job answers with a hymn to God's great power over creation.
18	27	6	Wisdom: the story of Job, set in the time of the patriarchs	Job holds fast to his integrity.
18	28	28	Wisdom: the story of Job, set in the time of the patriarchs	Where can wisdom be found? The fear of the Lord is wisdom.
18	29	2	Wisdom: the story of Job, set in the time of the patriarchs	Job remembers his past days of honour and blessing.
18	30	20	Wisdom: the story of Job, set in the time of the patriarchs	Job laments his present suffering and shame.
18	31	6	Wisdom: the story of Job, set in the time of the patriarchs	Job swears he has lived an upright life and calls on God to answer.
18	32	8	Wisdom: the story of Job, set in the time of the patriarchs	A younger man, Elihu, speaks up, angry at Job and at the friends.
18	33	14	Wisdom: the story of Job, set in the time of the patriarchs	Elihu says God speaks to people in dreams and through pain, to turn them back.
18	34	12	Wisdom: the story of Job, set in the time of the patriarchs	Elihu defends God's justice: God will never do wrong.
18	35	10	Wisdom: the story of Job, set in the time of the patriarchs	Elihu says people cry out in trouble but do not seek God.
18	36	15	Wisdom: the story of Job, set in the time of the patriarchs	Elihu says God uses suffering to teach and deliver.
18	37	23	Wisdom: the story of Job, set in the time of the patriarchs	Elihu speaks of God's majesty in the storm.
18	38	4	Wisdom: the story of Job, set in the time of the patriarchs	The LORD answers Job out of the whirlwind: where were you when I laid the foundations of the earth?
18	39	26	Wisdom: the story of Job, set in the time of the patriarchs	God asks Job about the wild animals and birds he cares for.
18	40	4	Wisdom: the story of Job, set in the time of the patriarchs	Job admits he is small and will say no more. God speaks of the great beast Behemoth.
18	41	11	Wisdom: the story of Job, set in the time of the patriarchs	God describes the mighty Leviathan: everything under heaven is his.
18	42	5	Wisdom: the story of Job, set in the time of the patriarchs	Job repents before God. God rebukes the friends and restores Job twice as much as before.
19	1	6	Psalms, Book 1: mostly songs of David, about 1000 BC	Two ways of life: the blessed person who delights in God's law, like a fruitful tree, and the wicked, who are like chaff.
19	2	7	Psalms, Book 1: mostly songs of David, about 1000 BC	The nations rage against the LORD and his anointed King, but God sets his Son on Zion. Blessed are all who take refuge in him.
19	3	8	Psalms, Book 1: mostly songs of David, about 1000 BC	David, fleeing from his son Absalom, trusts God as his shield and sleeps in peace.
19	4	8	Psalms, Book 1: mostly songs of David, about 1000 BC	An evening prayer: God gives a joy greater than plenty, and lets me lie down in safety.
19	5	3	Psalms, Book 1: mostly songs of David, about 1000 BC	A morning prayer for God's guidance and protection against deceitful enemies.
19	6	9	Psalms, Book 1: mostly songs of David, about 1000 BC	A prayer for mercy in sickness and sorrow; the LORD has heard my weeping.
19	7	17	Psalms, Book 1: mostly songs of David, about 1000 BC	David asks God, the righteous judge, to defend him against false accusers.
19	8	4	Psalms, Book 1: mostly songs of David, about 1000 BC	How majestic is God's name in all the earth! What is man that you care for him? God crowned him with glory.
19	9	9	Psalms, Book 1: mostly songs of David, about 1000 BC	Thanks for God's justice: he is a refuge for the oppressed and does not forget the needy.
19	10	17	Psalms, Book 1: mostly songs of David, about 1000 BC	Why does God seem far away when the wicked oppress the poor? The LORD hears the afflicted.
19	11	3	Psalms, Book 1: mostly songs of David, about 1000 BC	When foundations are shaken, the righteous still trust the LORD, who sees all.
19	12	6	Psalms, Book 1: mostly songs of David, about 1000 BC	In a world of lies, God's words are pure, like refined silver.
19	13	5	Psalms, Book 1: mostly songs of David, about 1000 BC	How long, O LORD? A cry of distress that turns to trust in God's steadfast love.
19	14	2	Psalms, Book 1: mostly songs of David, about 1000 BC	The fool says there is no God; all have turned aside, yet God is with the righteous.
19	15	1	Psalms, Book 1: mostly songs of David, about 1000 BC	Who may dwell with God? The one who walks blamelessly and speaks truth.
19	16	11	Psalms, Book 1: mostly songs of David, about 1000 BC	God is my portion and my security; he will not abandon me to the grave, and in his presence is fullness of joy.
19	17	8	Psalms, Book 1: mostly songs of David, about 1000 BC	David prays for protection: keep me as the apple of your eye.
19	18	2	Psalms, Book 1: mostly songs of David, about 1000 BC	David's song of thanks for rescue from his enemies and Saul: the LORD is my rock and fortress.
19	19	1	Psalms, Book 1: mostly songs of David, about 1000 BC	The heavens declare God's glory, and his law is perfect, reviving the soul.
19	20	7	Psalms, Book 1: mostly songs of David, about 1000 BC	A prayer for the king before battle: some trust in chariots, but we trust in the LORD.
19	21	1	Psalms, Book 1: mostly songs of David, about 1000 BC	Thanks after victory: the king rejoices in God's strength.
19	22	1	Psalms, Book 1: mostly songs of David, about 1000 BC	My God, why have you forsaken me? A cry of suffering that ends in praise among the nations, words Jesus cried on the cross.
19	23	1	Psalms, Book 1: mostly songs of David, about 1000 BC	The LORD is my shepherd: he leads, restores and protects me, and I will dwell in his house for ever.
19	24	7	Psalms, Book 1: mostly songs of David, about 1000 BC	The earth is the LORD's. Who may stand in his holy place? Lift up your heads, that the King of glory may come in.
19	25	4	Psalms, Book 1: mostly songs of David, about 1000 BC	A prayer for guidance and forgiveness: show me your ways, O LORD.
19	26	8	Psalms, Book 1: mostly songs of David, about 1000 BC	David asks God to examine him and says he loves God's house.
19	27	1	Psalms, Book 1: mostly songs of David, about 1000 BC	The LORD is my light and salvation; whom shall I fear? Wait for the LORD.
19	28	7	Psalms, Book 1: mostly songs of David, about 1000 BC	A cry for help answered: the LORD is my strength and shield.
19	29	3	Psalms, Book 1: mostly songs of David, about 1000 BC	The voice of the LORD thunders over the waters in a storm; he gives strength to his people.
19	30	5	Psalms, Book 1: mostly songs of David, about 1000 BC	Thanks for healing: weeping may last for the night, but joy comes in the morning.
19	31	5	Psalms, Book 1: mostly songs of David, about 1000 BC	Into your hand I commit my spirit: trust in God in trouble.
19	32	1	Psalms, Book 1: mostly songs of David, about 1000 BC	The joy of being forgiven when sin is confessed instead of hidden.
19	33	12	Psalms, Book 1: mostly songs of David, about 1000 BC	Praise God, the Creator who rules the nations; blessed is the nation whose God is the LORD.
19	34	8	Psalms, Book 1: mostly songs of David, about 1000 BC	Taste and see that the LORD is good; he delivers those who fear him.
19	35	1	Psalms, Book 1: mostly songs of David, about 1000 BC	A prayer for God to fight against those who attack without cause.
19	36	9	Psalms, Book 1: mostly songs of David, about 1000 BC	The wickedness of sinners contrasted with God's unfailing love: with you is the fountain of life.
19	37	4	Psalms, Book 1: mostly songs of David, about 1000 BC	Do not fret because of evildoers. Trust in the LORD and delight in him, and the meek will inherit the land.
19	38	21	Psalms, Book 1: mostly songs of David, about 1000 BC	A prayer of a man suffering for his sin: do not forsake me, O LORD.
19	39	4	Psalms, Book 1: mostly songs of David, about 1000 BC	How short life is; my hope is in you.
19	40	1	Psalms, Book 1: mostly songs of David, about 1000 BC	I waited patiently for the LORD and he heard me; I delight to do your will.
19	41	1	Psalms, Book 1: mostly songs of David, about 1000 BC	Blessed is the one who considers the poor; a prayer in sickness and betrayal.
19	42	11	Psalms, Book 2: songs of the sons of Korah, Asaph and David	Like a deer pants for water, my soul longs for God. Why are you downcast? Hope in God.
19	43	5	Psalms, Book 2: songs of the sons of Korah, Asaph and David	A prayer for vindication: send out your light and truth to lead me to your altar.
19	44	26	Psalms, Book 2: songs of the sons of Korah, Asaph and David	Israel remembers God's past help but now suffers defeat, and asks God to wake up and help.
19	45	6	Psalms, Book 2: songs of the sons of Korah, Asaph and David	A royal wedding song praising the king, whose throne is for ever.
19	46	1	Psalms, Book 2: songs of the sons of Korah, Asaph and David	God is our refuge and strength. Be still, and know that I am God.
19	47	7	Psalms, Book 2: songs of the sons of Korah, Asaph and David	Clap your hands, all peoples: God is King over all the earth.
19	48	1	Psalms, Book 2: songs of the sons of Korah, Asaph and David	The beauty and safety of Zion, the city of the great King.
19	49	15	Psalms, Book 2: songs of the sons of Korah, Asaph and David	Riches cannot buy life from death, but God will redeem my soul.
19	50	23	Psalms, Book 2: songs of the sons of Korah, Asaph and David	God summons his people: he wants thankful, obedient hearts, not just sacrifices.
19	51	10	Psalms, Book 2: songs of the sons of Korah, Asaph and David	David's prayer of repentance after his sin with Bathsheba: create in me a clean heart, O God.
19	52	8	Psalms, Book 2: songs of the sons of Korah, Asaph and David	The end of the boastful liar; I am like an olive tree trusting God's love.
19	53	2	Psalms, Book 2: songs of the sons of Korah, Asaph and David	The fool says there is no God (like Psalm 14).
19	54	4	Psalms, Book 2: songs of the sons of Korah, Asaph and David	David, betrayed by the Ziphites, trusts God as his helper.
19	55	22	Psalms, Book 2: songs of the sons of Korah, Asaph and David	Betrayed by a close friend: cast your burden on the LORD, and he will sustain you.
19	56	3	Psalms, Book 2: songs of the sons of Korah, Asaph and David	When I am afraid, I put my trust in you; in God I trust.
19	57	5	Psalms, Book 2: songs of the sons of Korah, Asaph and David	Hiding in a cave from Saul, David praises God: be exalted above the heavens.
19	58	11	Psalms, Book 2: songs of the sons of Korah, Asaph and David	A cry against unjust rulers: there is a God who judges the earth.
19	59	16	Psalms, Book 2: songs of the sons of Korah, Asaph and David	David prays for rescue from those Saul sent, and sings of God's strength.
19	60	12	Psalms, Book 2: songs of the sons of Korah, Asaph and David	After a defeat Israel turns to God: through God we will do valiantly.
19	61	2	Psalms, Book 2: songs of the sons of Korah, Asaph and David	Lead me to the rock that is higher than I.
19	62	1	Psalms, Book 2: songs of the sons of Korah, Asaph and David	My soul waits in silence for God alone; he is my rock and salvation.
19	63	1	Psalms, Book 2: songs of the sons of Korah, Asaph and David	In a dry land David thirsts for God; your love is better than life.
19	64	10	Psalms, Book 2: songs of the sons of Korah, Asaph and David	A prayer for protection from the plots of the wicked.
19	65	9	Psalms, Book 2: songs of the sons of Korah, Asaph and David	Praise to God who answers prayer and waters the earth for an abundant harvest.
19	66	16	Psalms, Book 2: songs of the sons of Korah, Asaph and David	Come and see what God has done; he has tested us and brought us out.
19	67	1	Psalms, Book 2: songs of the sons of Korah, Asaph and David	May God bless us so that all nations may know his salvation.
19	68	5	Psalms, Book 2: songs of the sons of Korah, Asaph and David	God marches in victory; he is a father to the fatherless.
19	69	9	Psalms, Book 2: songs of the sons of Korah, Asaph and David	A cry from deep waters by one suffering for God's sake; zeal for your house consumes me.
19	70	1	Psalms, Book 2: songs of the sons of Korah, Asaph and David	A short urgent cry: hurry to help me, O God.
19	71	5	Psalms, Book 2: songs of the sons of Korah, Asaph and David	An old person's prayer: you have been my hope since my youth.
19	72	8	Psalms, Book 2: songs of the sons of Korah, Asaph and David	A prayer for the king's righteous reign, which will reach to the ends of the earth.
19	73	26	Psalms, Book 3: songs of Asaph and others, some from the time of the exile	Asaph envies the prosperous wicked until he enters God's sanctuary and sees their end. God is my strength for ever.
19	74	12	Psalms, Book 3: songs of Asaph and others, some from the time of the exile	A lament after the enemy destroyed the temple: remember your people.
19	75	7	Psalms, Book 3: songs of Asaph and others, some from the time of the exile	God is the judge: he brings one down and lifts up another.
19	76	1	Psalms, Book 3: songs of Asaph and others, some from the time of the exile	God is known in Judah and breaks the weapons of war.
19	77	11	Psalms, Book 3: songs of Asaph and others, some from the time of the exile	In trouble, the psalmist remembers God's mighty deeds, like leading Israel through the sea.
19	78	4	Psalms, Book 3: songs of Asaph and others, some from the time of the exile	A history lesson: Israel's forgetfulness and God's patience, from Egypt to David.
19	79	9	Psalms, Book 3: songs of Asaph and others, some from the time of the exile	A lament over Jerusalem's ruin: help us for the glory of your name.
19	80	3	Psalms, Book 3: songs of Asaph and others, some from the time of the exile	Restore us, O God; let your face shine. Israel is a vine God planted.
19	81	10	Psalms, Book 3: songs of Asaph and others, some from the time of the exile	Sing to God; if only my people would listen to me.
19	82	3	Psalms, Book 3: songs of Asaph and others, some from the time of the exile	God judges the unjust rulers and calls them to defend the weak.
19	83	18	Psalms, Book 3: songs of Asaph and others, some from the time of the exile	A prayer against nations plotting against Israel, that they may know the LORD is Most High.
19	84	10	Psalms, Book 3: songs of Asaph and others, some from the time of the exile	How lovely is your dwelling place: a day in your courts is better than a thousand elsewhere.
19	85	10	Psalms, Book 3: songs of Asaph and others, some from the time of the exile	Revive us again; love and faithfulness meet together.
19	86	11	Psalms, Book 3: songs of Asaph and others, some from the time of the exile	Teach me your way, O LORD; unite my heart to fear your name.
19	87	3	Psalms, Book 3: songs of Asaph and others, some from the time of the exile	Glorious things are spoken of Zion, birthplace of people from every nation.
19	88	1	Psalms, Book 3: songs of Asaph and others, some from the time of the exile	The darkest psalm: a cry from deep despair, still addressed to the God who saves.
19	89	1	Psalms, Book 3: songs of Asaph and others, some from the time of the exile	God's covenant with David and his faithfulness, yet a lament that the king has fallen.
19	90	12	Psalms, Book 4: from Moses' prayer to songs of God's kingship	Moses' prayer: God is eternal, our lives are short; teach us to number our days.
19	91	1	Psalms, Book 4: from Moses' prayer to songs of God's kingship	Whoever dwells in the shelter of the Most High is safe under his wings.
19	92	1	Psalms, Book 4: from Moses' prayer to songs of God's kingship	It is good to give thanks to the LORD; the righteous flourish like a palm tree.
19	93	1	Psalms, Book 4: from Moses' prayer to songs of God's kingship	The LORD reigns, robed in majesty; his throne is established from of old.
19	94	19	Psalms, Book 4: from Moses' prayer to songs of God's kingship	The God who avenges will judge the proud; his comfort cheers my soul.
19	95	6	Psalms, Book 4: from Moses' prayer to songs of God's kingship	Come, let us worship and bow down before our Maker; do not harden your hearts.
19	96	1	Psalms, Book 4: from Moses' prayer to songs of God's kingship	Sing to the LORD a new song; tell his glory among the nations.
19	97	1	Psalms, Book 4: from Moses' prayer to songs of God's kingship	The LORD reigns; let the earth rejoice; he guards the lives of his faithful.
19	98	4	Psalms, Book 4: from Moses' prayer to songs of God's kingship	Make a joyful noise to the LORD, the King, who has made known his salvation.
19	99	9	Psalms, Book 4: from Moses' prayer to songs of God's kingship	The LORD our God is holy; exalt him.
19	100	4	Psalms, Book 4: from Moses' prayer to songs of God's kingship	Enter his gates with thanksgiving; the LORD is good and his love endures for ever.
19	101	2	Psalms, Book 4: from Moses' prayer to songs of God's kingship	David promises to lead a blameless life and keep evil out of his house.
19	102	25	Psalms, Book 4: from Moses' prayer to songs of God's kingship	A prayer of the afflicted: my days fade, but you remain the same for ever.
19	103	2	Psalms, Book 4: from Moses' prayer to songs of God's kingship	Bless the LORD, O my soul, and forget not all his benefits; as far as the east is from the west he removes our sins.
19	104	24	Psalms, Book 4: from Moses' prayer to songs of God's kingship	Praise to God the Creator, who cares for every living thing.
19	105	1	Psalms, Book 4: from Moses' prayer to songs of God's kingship	Give thanks to the LORD for his faithfulness to Abraham, Joseph and Israel in Egypt.
19	106	1	Psalms, Book 4: from Moses' prayer to songs of God's kingship	Israel's long history of sin and God's mercy again and again.
19	107	1	Psalms, Book 5: songs of thanks, ascent and praise, many from after the exile	Give thanks: God rescued the lost, the prisoners, the sick and those at sea when they cried to him.
19	108	5	Psalms, Book 5: songs of thanks, ascent and praise, many from after the exile	Be exalted, O God; with God we will gain the victory.
19	109	26	Psalms, Book 5: songs of thanks, ascent and praise, many from after the exile	David prays against cruel accusers and trusts God's steadfast love.
19	110	1	Psalms, Book 5: songs of thanks, ascent and praise, many from after the exile	The LORD says to my Lord: sit at my right hand. A priest for ever like Melchizedek.
19	111	10	Psalms, Book 5: songs of thanks, ascent and praise, many from after the exile	Praise for God's great works; the fear of the LORD is the beginning of wisdom.
19	112	1	Psalms, Book 5: songs of thanks, ascent and praise, many from after the exile	Blessed is the one who fears the LORD; he is generous and not afraid of bad news.
19	113	5	Psalms, Book 5: songs of thanks, ascent and praise, many from after the exile	Praise the LORD, who stoops down to lift the needy from the dust.
19	114	7	Psalms, Book 5: songs of thanks, ascent and praise, many from after the exile	When Israel came out of Egypt, the sea fled and the mountains skipped.
19	115	1	Psalms, Book 5: songs of thanks, ascent and praise, many from after the exile	Not to us, O LORD, but to your name give glory; idols are lifeless.
19	116	1	Psalms, Book 5: songs of thanks, ascent and praise, many from after the exile	I love the LORD, for he heard my voice and saved me from death.
19	117	2	Psalms, Book 5: songs of thanks, ascent and praise, many from after the exile	The shortest psalm: praise the LORD, all nations, for his love is great.
19	118	24	Psalms, Book 5: songs of thanks, ascent and praise, many from after the exile	Give thanks, his love endures for ever. The stone the builders rejected has become the cornerstone.
19	119	105	Psalms, Book 5: songs of thanks, ascent and praise, many from after the exile	The longest psalm, in 22 sections for the letters of the Hebrew alphabet, delighting in God's word: a lamp to my feet.
19	120	1	Psalms, Book 5: songs of thanks, ascent and praise, many from after the exile	In my distress I cried to the LORD; I long for peace among those who hate it.
19	121	1	Psalms, Book 5: songs of thanks, ascent and praise, many from after the exile	I lift my eyes to the hills: my help comes from the LORD, who never sleeps.
19	122	6	Psalms, Book 5: songs of thanks, ascent and praise, many from after the exile	Joy at going up to the house of the LORD; pray for the peace of Jerusalem.
19	123	1	Psalms, Book 5: songs of thanks, ascent and praise, many from after the exile	We look to the LORD for mercy, as a servant looks to his master.
19	124	8	Psalms, Book 5: songs of thanks, ascent and praise, many from after the exile	If the LORD had not been on our side, we would have been swallowed up.
19	125	2	Psalms, Book 5: songs of thanks, ascent and praise, many from after the exile	Those who trust the LORD are like Mount Zion, which cannot be moved.
19	126	5	Psalms, Book 5: songs of thanks, ascent and praise, many from after the exile	When God restored Zion we were like dreamers; those who sow in tears will reap with joy.
19	127	1	Psalms, Book 5: songs of thanks, ascent and praise, many from after the exile	Unless the LORD builds the house, they labour in vain; children are a gift from him.
19	128	1	Psalms, Book 5: songs of thanks, ascent and praise, many from after the exile	The blessings of the one who fears the LORD and walks in his ways.
19	129	2	Psalms, Book 5: songs of thanks, ascent and praise, many from after the exile	Israel has been afflicted often, but its enemies have not prevailed.
19	130	5	Psalms, Book 5: songs of thanks, ascent and praise, many from after the exile	Out of the depths I cry to you; with you there is forgiveness; I wait for the LORD.
19	131	2	Psalms, Book 5: songs of thanks, ascent and praise, many from after the exile	I have calmed and quieted my soul like a weaned child with its mother.
19	132	11	Psalms, Book 5: songs of thanks, ascent and praise, many from after the exile	A prayer for David's line and for God's dwelling in Zion.
19	133	1	Psalms, Book 5: songs of thanks, ascent and praise, many from after the exile	How good and pleasant it is when God's people live together in unity.
19	134	1	Psalms, Book 5: songs of thanks, ascent and praise, many from after the exile	A call to bless the LORD in his house by night.
19	135	3	Psalms, Book 5: songs of thanks, ascent and praise, many from after the exile	Praise the LORD, who chose Israel and is greater than all idols.
19	136	1	Psalms, Book 5: songs of thanks, ascent and praise, many from after the exile	Give thanks to the LORD, for his steadfast love endures for ever, the refrain after every line.
19	137	1	Psalms, Book 5: songs of thanks, ascent and praise, many from after the exile	By the rivers of Babylon the exiles weep when they remember Zion.
19	138	8	Psalms, Book 5: songs of thanks, ascent and praise, many from after the exile	Thanks with my whole heart: the LORD will fulfil his purpose for me.
19	139	14	Psalms, Book 5: songs of thanks, ascent and praise, many from after the exile	God knows me completely and is everywhere; I am fearfully and wonderfully made. Search me, O God.
19	140	1	Psalms, Book 5: songs of thanks, ascent and praise, many from after the exile	A prayer for rescue from violent and evil men.
19	141	3	Psalms, Book 5: songs of thanks, ascent and praise, many from after the exile	Set a guard over my mouth; keep me from evil.
19	142	5	Psalms, Book 5: songs of thanks, ascent and praise, many from after the exile	From a cave, David cries out: you are my refuge.
19	143	10	Psalms, Book 5: songs of thanks, ascent and praise, many from after the exile	A prayer for mercy and guidance: teach me to do your will.
19	144	1	Psalms, Book 5: songs of thanks, ascent and praise, many from after the exile	Blessed be the LORD my rock, who trains my hands for war; blessed are the people whose God is the LORD.
19	145	3	Psalms, Book 5: songs of thanks, ascent and praise, many from after the exile	Great is the LORD and greatly to be praised; he is gracious and near to all who call on him.
19	146	5	Psalms, Book 5: songs of thanks, ascent and praise, many from after the exile	Do not trust in princes; blessed is the one whose help is the God of Jacob.
19	147	3	Psalms, Book 5: songs of thanks, ascent and praise, many from after the exile	Praise God, who heals the brokenhearted and counts the stars.
19	148	5	Psalms, Book 5: songs of thanks, ascent and praise, many from after the exile	Let all creation praise the LORD: angels, sun, moon, sea creatures and people.
19	149	4	Psalms, Book 5: songs of thanks, ascent and praise, many from after the exile	Sing a new song; the LORD takes pleasure in his people.
19	150	6	Psalms, Book 5: songs of thanks, ascent and praise, many from after the exile	Praise him with every instrument; let everything that has breath praise the LORD.
20	1	7	Wisdom: Solomon's teaching to his son, about 950 BC	Why the proverbs were written. The fear of the LORD is the beginning of knowledge; do not follow sinners. Wisdom calls out in the streets.
20	2	6	Wisdom: Solomon's teaching to his son, about 950 BC	Seek wisdom like hidden treasure, for the LORD gives wisdom, and it will keep you from evil.
20	3	5	Wisdom: Solomon's teaching to his son, about 950 BC	Trust in the LORD with all your heart and do not lean on your own understanding; he will make your paths straight.
20	4	23	Wisdom: Solomon's teaching to his son, about 950 BC	A father urges his son to get wisdom; guard your heart, for everything you do flows from it.
20	5	21	Wisdom: Solomon's teaching to his son, about 950 BC	A warning against adultery; enjoy the wife of your youth.
20	6	6	Wisdom: Solomon's teaching to his son, about 950 BC	Warnings against laziness (go to the ant), deceit, and seven things the LORD hates.
20	7	25	Wisdom: Solomon's teaching to his son, about 950 BC	A young man is led astray by an adulterous woman; do not let your heart turn to her ways.
20	8	35	Wisdom: Solomon's teaching to his son, about 950 BC	Wisdom speaks: she was with God at creation, and whoever finds her finds life.
20	9	10	Wisdom: Solomon's teaching to his son, about 950 BC	Wisdom and Folly both invite people to their houses; the fear of the LORD is the beginning of wisdom.
20	10	22	Wisdom: Solomon's short sayings and the sayings of the wise	Short sayings contrasting the wise and the foolish, the righteous and the wicked.
20	11	2	Wisdom: Solomon's short sayings and the sayings of the wise	Sayings about honesty, pride, generosity and the righteous.
20	12	15	Wisdom: Solomon's short sayings and the sayings of the wise	Sayings about the tongue, hard work and listening to advice.
20	13	20	Wisdom: Solomon's short sayings and the sayings of the wise	Sayings about discipline, wealth and good company: walk with the wise and become wise.
20	14	12	Wisdom: Solomon's short sayings and the sayings of the wise	Sayings about wise living; there is a way that seems right, but its end is death.
20	15	1	Wisdom: Solomon's short sayings and the sayings of the wise	A gentle answer turns away wrath; sayings about words, the heart and the LORD's care.
20	16	9	Wisdom: Solomon's short sayings and the sayings of the wise	People plan their way, but the LORD directs their steps. Pride goes before destruction.
20	17	17	Wisdom: Solomon's short sayings and the sayings of the wise	Sayings about peace, friendship and foolishness: a friend loves at all times.
20	18	10	Wisdom: Solomon's short sayings and the sayings of the wise	The name of the LORD is a strong tower; sayings about words and relationships.
20	19	21	Wisdom: Solomon's short sayings and the sayings of the wise	Sayings about poverty, patience and God's purposes, which stand.
20	20	24	Wisdom: Solomon's short sayings and the sayings of the wise	Sayings about wine, honesty, kings and trusting God to guide our steps.
20	21	1	Wisdom: Solomon's short sayings and the sayings of the wise	The king's heart is in the LORD's hand; sayings about justice and pride.
20	22	6	Wisdom: Solomon's short sayings and the sayings of the wise	A good name is better than riches; train up a child in the way he should go.
20	23	4	Wisdom: Solomon's short sayings and the sayings of the wise	The sayings of the wise: on greed, discipline and the dangers of drink.
20	24	16	Wisdom: Solomon's short sayings and the sayings of the wise	More sayings of the wise: do not envy the wicked; the righteous rise again.
20	25	21	Wisdom: Solomon's sayings copied by Hezekiah's men, about 700 BC, and the words of Agur and Lemuel	Hezekiah's collection: humility before the king, and kindness to enemies.
20	26	11	Wisdom: Solomon's sayings copied by Hezekiah's men, about 700 BC, and the words of Agur and Lemuel	Sayings about fools, the lazy and gossip.
20	27	17	Wisdom: Solomon's sayings copied by Hezekiah's men, about 700 BC, and the words of Agur and Lemuel	Sayings about friendship and planning: as iron sharpens iron, so one person sharpens another.
20	28	13	Wisdom: Solomon's sayings copied by Hezekiah's men, about 700 BC, and the words of Agur and Lemuel	Sayings about righteousness and confession: whoever confesses sin finds mercy.
20	29	25	Wisdom: Solomon's sayings copied by Hezekiah's men, about 700 BC, and the words of Agur and Lemuel	Sayings about discipline, leaders and trust in the LORD.
20	30	5	Wisdom: Solomon's sayings copied by Hezekiah's men, about 700 BC, and the words of Agur and Lemuel	The words of Agur: every word of God proves true; he is a shield.
20	31	30	Wisdom: Solomon's sayings copied by Hezekiah's men, about 700 BC, and the words of Agur and Lemuel	King Lemuel's mother's advice, and the poem of the wife of noble character who fears the LORD.
21	1	2	Wisdom: the Preacher (traditionally Solomon) on the meaning of life, about 935 BC	The Preacher says everything under the sun is vanity, a fleeting breath; nothing is new.
21	2	24	Wisdom: the Preacher (traditionally Solomon) on the meaning of life, about 935 BC	He tried pleasure, great projects and wealth, and found them empty without God.
21	3	1	Wisdom: the Preacher (traditionally Solomon) on the meaning of life, about 935 BC	There is a time for everything; God has set eternity in our hearts.
21	4	9	Wisdom: the Preacher (traditionally Solomon) on the meaning of life, about 935 BC	Oppression, envy and loneliness; two are better than one.
21	5	2	Wisdom: the Preacher (traditionally Solomon) on the meaning of life, about 935 BC	Be careful when you come before God, and do not love money.
21	6	12	Wisdom: the Preacher (traditionally Solomon) on the meaning of life, about 935 BC	Riches cannot satisfy; who knows what is good for a person?
21	7	14	Wisdom: the Preacher (traditionally Solomon) on the meaning of life, about 935 BC	Wise sayings about sorrow, patience and the limits of wisdom.
21	8	12	Wisdom: the Preacher (traditionally Solomon) on the meaning of life, about 935 BC	Obey the king; it will go well with those who fear God, though life is hard to understand.
21	9	10	Wisdom: the Preacher (traditionally Solomon) on the meaning of life, about 935 BC	Everyone dies; so enjoy life with those you love and work with all your might.
21	10	1	Wisdom: the Preacher (traditionally Solomon) on the meaning of life, about 935 BC	Wisdom and folly in leaders and in everyday work.
21	11	1	Wisdom: the Preacher (traditionally Solomon) on the meaning of life, about 935 BC	Cast your bread on the waters; enjoy your youth, but remember God will judge.
21	12	13	Wisdom: the Preacher (traditionally Solomon) on the meaning of life, about 935 BC	Remember your Creator in your youth. The end of the matter: fear God and keep his commandments.
22	1	2	Wisdom: Solomon's song of love, about 950 BC	The bride longs for her beloved, the king, and they praise each other.
22	2	4	Wisdom: Solomon's song of love, about 950 BC	The lovers delight in each other; the beloved calls her to come away with him in springtime.
22	3	4	Wisdom: Solomon's song of love, about 950 BC	The bride searches for her love at night; Solomon's wedding procession.
22	4	7	Wisdom: Solomon's song of love, about 950 BC	The bridegroom praises the beauty of his bride.
22	5	16	Wisdom: Solomon's song of love, about 950 BC	The bride is slow to open, her beloved leaves, and she searches for him, describing his beauty.
22	6	3	Wisdom: Solomon's song of love, about 950 BC	The lovers are reunited: I am my beloved's, and my beloved is mine.
22	7	10	Wisdom: Solomon's song of love, about 950 BC	The bridegroom delights in his bride, and she gives herself to him.
22	8	6	Wisdom: Solomon's song of love, about 950 BC	Love is as strong as death; many waters cannot quench it.
23	1	18	Isaiah prophesies to Judah before and during the Assyrian threat, about 740–700 BC	God charges Judah with rebellion and empty worship; come, though your sins are like scarlet, they shall be white as snow.
23	2	4	Isaiah prophesies to Judah before and during the Assyrian threat, about 740–700 BC	In the last days all nations will come to God's mountain, and swords will be beaten into ploughshares.
23	3	10	Isaiah prophesies to Judah before and during the Assyrian threat, about 740–700 BC	Judah's leaders and proud women will face judgment.
23	4	2	Isaiah prophesies to Judah before and during the Assyrian threat, about 740–700 BC	After judgment, the Branch of the LORD will be beautiful and Zion will be holy.
23	5	7	Isaiah prophesies to Judah before and during the Assyrian threat, about 740–700 BC	The song of the vineyard: God's people produced bad fruit. Woe to the greedy and the proud.
23	6	8	Isaiah prophesies to Judah before and during the Assyrian threat, about 740–700 BC	Isaiah sees the LORD on his throne, is cleansed, and answers: Here am I, send me.
23	7	14	Isaiah prophesies to Judah before and during the Assyrian threat, about 740–700 BC	King Ahaz will not trust God; the sign: a virgin will conceive and bear a son, Immanuel.
23	8	13	Isaiah prophesies to Judah before and during the Assyrian threat, about 740–700 BC	Assyria is coming; fear the LORD, who is a sanctuary to those who trust him.
23	9	6	Isaiah prophesies to Judah before and during the Assyrian threat, about 740–700 BC	A light dawns: a child is born, Wonderful Counsellor, Mighty God, Prince of Peace.
23	10	20	Isaiah prophesies to Judah before and during the Assyrian threat, about 740–700 BC	Assyria is the rod of God's anger, but will itself be judged; a remnant will return.
23	11	1	Isaiah prophesies to Judah before and during the Assyrian threat, about 740–700 BC	A shoot from Jesse's stump: the Spirit-filled King will bring justice and peace, and the wolf will live with the lamb.
23	12	2	Isaiah prophesies to Judah before and during the Assyrian threat, about 740–700 BC	A song of praise: God is my salvation; I will trust and not be afraid.
23	13	11	Isaiah prophesies to Judah before and during the Assyrian threat, about 740–700 BC	A prophecy against Babylon: the day of the LORD is coming.
23	14	12	Isaiah prophesies to Judah before and during the Assyrian threat, about 740–700 BC	The proud king of Babylon falls like the morning star; God's purpose against Assyria stands.
23	15	5	Isaiah prophesies to Judah before and during the Assyrian threat, about 740–700 BC	A lament over the destruction of Moab.
23	16	5	Isaiah prophesies to Judah before and during the Assyrian threat, about 740–700 BC	Moab's fall; a throne will be set up in love in David's house.
23	17	10	Isaiah prophesies to Judah before and during the Assyrian threat, about 740–700 BC	A prophecy against Damascus and Israel, who forgot the God of their salvation.
23	18	7	Isaiah prophesies to Judah before and during the Assyrian threat, about 740–700 BC	A message to Cush: gifts will be brought to the LORD on Mount Zion.
23	19	25	Isaiah prophesies to Judah before and during the Assyrian threat, about 740–700 BC	Egypt will be struck, but will turn to the LORD; Egypt and Assyria will worship with Israel.
23	20	6	Isaiah prophesies to Judah before and during the Assyrian threat, about 740–700 BC	Isaiah walks barefoot as a sign that Egypt and Cush will be taken captive.
23	21	9	Isaiah prophesies to Judah before and during the Assyrian threat, about 740–700 BC	Babylon has fallen; prophecies against Edom and Arabia.
23	22	22	Isaiah prophesies to Judah before and during the Assyrian threat, about 740–700 BC	Jerusalem's leaders feast instead of repenting; the key of David is given to Eliakim.
23	23	9	Isaiah prophesies to Judah before and during the Assyrian threat, about 740–700 BC	A prophecy against Tyre, the proud trading city.
23	24	23	Isaiah prophesies to Judah before and during the Assyrian threat, about 740–700 BC	The LORD will judge the whole earth and reign on Mount Zion.
23	25	8	Isaiah prophesies to Judah before and during the Assyrian threat, about 740–700 BC	God will prepare a feast for all peoples and swallow up death for ever.
23	26	3	Isaiah prophesies to Judah before and during the Assyrian threat, about 740–700 BC	A song of trust: you keep in perfect peace the one whose mind is fixed on you.
23	27	13	Isaiah prophesies to Judah before and during the Assyrian threat, about 740–700 BC	God will care for his vineyard and gather his people.
23	28	16	Isaiah prophesies to Judah before and during the Assyrian threat, about 740–700 BC	Judgment on Ephraim's drunken leaders; God lays in Zion a precious cornerstone.
23	29	13	Isaiah prophesies to Judah before and during the Assyrian threat, about 740–700 BC	People honour God with their lips, but their hearts are far from him.
23	30	15	Isaiah prophesies to Judah before and during the Assyrian threat, about 740–700 BC	Do not trust Egypt; in returning and rest you shall be saved, in quietness and trust is your strength.
23	31	1	Isaiah prophesies to Judah before and during the Assyrian threat, about 740–700 BC	Woe to those who rely on Egypt's horses instead of the Holy One of Israel.
23	32	1	Isaiah prophesies to Judah before and during the Assyrian threat, about 740–700 BC	A king will reign in righteousness; the Spirit will be poured out.
23	33	22	Isaiah prophesies to Judah before and during the Assyrian threat, about 740–700 BC	The LORD is our judge, our lawgiver, our king; he will save us.
23	34	8	Isaiah prophesies to Judah before and during the Assyrian threat, about 740–700 BC	God's judgment on the nations and on Edom.
23	35	5	Isaiah prophesies to Judah before and during the Assyrian threat, about 740–700 BC	The desert will bloom; the blind will see and the lame will leap, as the redeemed return to Zion.
23	36	1	Isaiah prophesies to Judah before and during the Assyrian threat, about 740–700 BC	The Assyrian commander mocks Hezekiah and the LORD outside Jerusalem.
23	37	20	Isaiah prophesies to Judah before and during the Assyrian threat, about 740–700 BC	Hezekiah prays, and the angel of the LORD strikes down the Assyrian army.
23	38	17	Isaiah prophesies to Judah before and during the Assyrian threat, about 740–700 BC	Hezekiah is sick and prays; God adds fifteen years to his life.
23	39	6	Isaiah prophesies to Judah before and during the Assyrian threat, about 740–700 BC	Hezekiah shows his treasures to Babylon's envoys, and Isaiah foretells exile to Babylon.
23	40	31	Comfort for God's people, looking ahead to the return from Babylon and the Servant	Comfort my people. Prepare the way of the LORD; those who wait on the LORD will renew their strength.
23	41	10	Comfort for God's people, looking ahead to the return from Babylon and the Servant	Do not fear, for I am with you; God will help his servant Israel.
23	42	1	Comfort for God's people, looking ahead to the return from Babylon and the Servant	The LORD's chosen Servant will bring justice to the nations, gently.
23	43	2	Comfort for God's people, looking ahead to the return from Babylon and the Servant	When you pass through the waters I will be with you; I am doing a new thing.
23	44	6	Comfort for God's people, looking ahead to the return from Babylon and the Servant	I am the first and the last; besides me there is no god. The folly of idols. Cyrus will rebuild Jerusalem.
23	45	22	Comfort for God's people, looking ahead to the return from Babylon and the Servant	God anoints Cyrus; turn to me and be saved, all the ends of the earth.
23	46	4	Comfort for God's people, looking ahead to the return from Babylon and the Servant	Babylon's idols must be carried, but God carries his people to old age.
23	47	1	Comfort for God's people, looking ahead to the return from Babylon and the Servant	Proud Babylon will be brought down.
23	48	17	Comfort for God's people, looking ahead to the return from Babylon and the Servant	God refined Israel in affliction; I am the LORD who teaches you; go out from Babylon.
23	49	6	Comfort for God's people, looking ahead to the return from Babylon and the Servant	The Servant will be a light to the nations; God will never forget Zion.
23	50	7	Comfort for God's people, looking ahead to the return from Babylon and the Servant	The Servant obeys though he is beaten and spat upon, trusting God to help him.
23	51	11	Comfort for God's people, looking ahead to the return from Babylon and the Servant	Look to Abraham; the redeemed of the LORD will return with singing.
23	52	7	Comfort for God's people, looking ahead to the return from Babylon and the Servant	How beautiful the feet of those who bring good news. The Servant will be lifted up, though disfigured.
23	53	5	Comfort for God's people, looking ahead to the return from Babylon and the Servant	The suffering Servant: he was pierced for our transgressions, and by his wounds we are healed.
23	54	10	Comfort for God's people, looking ahead to the return from Babylon and the Servant	Sing, barren one; God's love and covenant of peace will not be removed.
23	55	1	Comfort for God's people, looking ahead to the return from Babylon and the Servant	Come, everyone who thirsts; seek the LORD while he may be found. My thoughts are not your thoughts.
23	56	7	The future glory of Zion and the new heavens and new earth	Foreigners who hold to God's covenant are welcome; my house will be a house of prayer for all peoples.
23	57	15	The future glory of Zion and the new heavens and new earth	God dwells with the humble and contrite; there is no peace for the wicked.
23	58	6	The future glory of Zion and the new heavens and new earth	True fasting is to set the oppressed free and share bread with the hungry.
23	59	2	The future glory of Zion and the new heavens and new earth	Your sins have separated you from God; the Redeemer will come to Zion.
23	60	1	The future glory of Zion and the new heavens and new earth	Arise, shine, for your light has come; nations will come to Zion's light.
23	61	1	The future glory of Zion and the new heavens and new earth	The Spirit of the LORD is on me to bring good news to the poor, words Jesus read in Nazareth.
23	62	5	The future glory of Zion and the new heavens and new earth	God will not rest until Zion shines; he will rejoice over her as a bridegroom.
23	63	9	The future glory of Zion and the new heavens and new earth	The LORD comes in judgment; a prayer remembering his mercy in the past.
23	64	8	The future glory of Zion and the new heavens and new earth	A prayer: you are our Father, we are the clay and you the potter.
23	65	17	The future glory of Zion and the new heavens and new earth	God answers: I am creating new heavens and a new earth.
23	66	2	The future glory of Zion and the new heavens and new earth	God looks to the humble; all flesh will worship before him in the new creation.
24	1	5	Jeremiah warns Judah before Babylon comes, about 627–605 BC	God calls young Jeremiah: before I formed you in the womb I knew you. He will be a prophet to the nations.
24	2	13	Jeremiah warns Judah before Babylon comes, about 627–605 BC	Israel has forsaken God, the fountain of living water, for broken cisterns.
24	3	22	Jeremiah warns Judah before Babylon comes, about 627–605 BC	Return, faithless people, and I will heal your faithlessness.
24	4	3	Jeremiah warns Judah before Babylon comes, about 627–605 BC	Judah must turn back or disaster will come from the north.
24	5	1	Jeremiah warns Judah before Babylon comes, about 627–605 BC	Search Jerusalem for one honest person; the people have refused to repent.
24	6	16	Jeremiah warns Judah before Babylon comes, about 627–605 BC	Stand at the crossroads and ask for the ancient paths, but the people refuse.
24	7	4	Jeremiah warns Judah before Babylon comes, about 627–605 BC	Jeremiah's temple sermon: do not trust in the temple while living in sin.
24	8	22	Jeremiah warns Judah before Babylon comes, about 627–605 BC	The people do not know God's ways; is there no balm in Gilead?
24	9	24	Jeremiah warns Judah before Babylon comes, about 627–605 BC	Jeremiah weeps for his people. Let the one who boasts boast in knowing the LORD.
24	10	10	Jeremiah warns Judah before Babylon comes, about 627–605 BC	Idols are worthless; the LORD is the true and living God.
24	11	11	Jeremiah warns Judah before Babylon comes, about 627–605 BC	Judah has broken the covenant; plots against Jeremiah's life.
24	12	1	Jeremiah warns Judah before Babylon comes, about 627–605 BC	Jeremiah asks why the wicked prosper; God says worse is coming.
24	13	11	Jeremiah warns Judah before Babylon comes, about 627–605 BC	A ruined linen belt pictures how God will ruin Judah's pride.
24	14	7	Jeremiah warns Judah before Babylon comes, about 627–605 BC	Drought; Jeremiah prays for the people, and God warns against false prophets.
24	15	16	Jeremiah warns Judah before Babylon comes, about 627–605 BC	Jeremiah complains of his suffering; God's words were his joy, and God promises to make him strong.
24	16	2	Jeremiah warns Judah before Babylon comes, about 627–605 BC	Jeremiah is told not to marry, as a sign of coming judgment.
24	17	7	Jeremiah warns Judah before Babylon comes, about 627–605 BC	Blessed is the one who trusts in the LORD; the heart is deceitful above all things.
24	18	6	Jeremiah warns Judah before Babylon comes, about 627–605 BC	At the potter's house: as clay in the potter's hand, so is Israel in God's hand.
24	19	11	Jeremiah warns Judah before Babylon comes, about 627–605 BC	Jeremiah breaks a clay jar as a sign that Jerusalem will be broken.
24	20	9	Jeremiah warns Judah before Babylon comes, about 627–605 BC	Jeremiah is beaten and put in stocks; God's word is like fire shut up in his bones.
24	21	8	Jeremiah warns Judah before Babylon comes, about 627–605 BC	King Zedekiah asks for help; Jerusalem will fall to Babylon.
24	22	16	Jeremiah warns Judah before Babylon comes, about 627–605 BC	Warnings to Judah's kings to do justice.
24	23	5	Jeremiah warns Judah before Babylon comes, about 627–605 BC	Woe to the shepherds who scatter the flock; God will raise up a righteous Branch for David.
24	24	7	Jeremiah warns Judah before Babylon comes, about 627–605 BC	Two baskets of figs: God will care for the exiles in Babylon and give them a heart to know him.
24	25	11	Jeremiah warns Judah before Babylon comes, about 627–605 BC	Judah will serve Babylon seventy years; the cup of God's wrath for the nations.
24	26	13	Jeremiah's sufferings and the fall of Jerusalem, about 605–586 BC	Jeremiah is put on trial for prophesying against the temple, but is spared.
24	27	12	Jeremiah's sufferings and the fall of Jerusalem, about 605–586 BC	Jeremiah wears a yoke: serve the king of Babylon and live.
24	28	9	Jeremiah's sufferings and the fall of Jerusalem, about 605–586 BC	The false prophet Hananiah breaks the yoke and promises a quick return, and dies.
24	29	11	Jeremiah's sufferings and the fall of Jerusalem, about 605–586 BC	Jeremiah's letter to the exiles: settle in Babylon and pray for it; I know the plans I have for you.
24	30	17	Jeremiah's sufferings and the fall of Jerusalem, about 605–586 BC	God will restore the fortunes of Israel and Judah.
24	31	31	Jeremiah's sufferings and the fall of Jerusalem, about 605–586 BC	God will make a new covenant, writing his law on their hearts.
24	32	27	Jeremiah's sufferings and the fall of Jerusalem, about 605–586 BC	Jeremiah buys a field during the siege as a sign that land will be bought again.
24	33	3	Jeremiah's sufferings and the fall of Jerusalem, about 605–586 BC	Call to me and I will answer you; God will restore Judah and the line of David.
24	34	17	Jeremiah's sufferings and the fall of Jerusalem, about 605–586 BC	Zedekiah will be taken to Babylon; the people break their promise to free their slaves.
24	35	18	Jeremiah's sufferings and the fall of Jerusalem, about 605–586 BC	The Rechabites' faithfulness to their father shames Judah's unfaithfulness to God.
24	36	3	Jeremiah's sufferings and the fall of Jerusalem, about 605–586 BC	King Jehoiakim burns the scroll of Jeremiah's words, and it is written again.
24	37	17	Jeremiah's sufferings and the fall of Jerusalem, about 605–586 BC	Jeremiah is arrested and imprisoned as a deserter.
24	38	6	Jeremiah's sufferings and the fall of Jerusalem, about 605–586 BC	Jeremiah is thrown into a muddy cistern and rescued by Ebed-melech.
24	39	18	Jeremiah's sufferings and the fall of Jerusalem, about 605–586 BC	Jerusalem falls to Babylon. Jeremiah is freed and Ebed-melech is spared.
24	40	4	Jeremiah's sufferings and the fall of Jerusalem, about 605–586 BC	Jeremiah stays in Judah with Gedaliah, the new governor.
24	41	2	Jeremiah's sufferings and the fall of Jerusalem, about 605–586 BC	Ishmael murders the governor Gedaliah, and the people fear what Babylon will do.
24	42	11	Jeremiah's sufferings and the fall of Jerusalem, about 605–586 BC	The people ask Jeremiah to pray; God tells them to stay in Judah and not go to Egypt.
24	43	7	Jeremiah's sufferings and the fall of Jerusalem, about 605–586 BC	The people disobey and take Jeremiah to Egypt.
24	44	23	Jeremiah's sufferings and the fall of Jerusalem, about 605–586 BC	Jeremiah warns the Jews in Egypt against worshipping the queen of heaven.
24	45	5	Jeremiah's sufferings and the fall of Jerusalem, about 605–586 BC	A message for Baruch, Jeremiah's scribe: do not seek great things for yourself.
24	46	28	Prophecies against the nations	A prophecy against Egypt, and comfort for Israel.
24	47	4	Prophecies against the nations	A prophecy against the Philistines.
24	48	47	Prophecies against the nations	A prophecy against Moab, with hope of restoration.
24	49	6	Prophecies against the nations	Prophecies against Ammon, Edom, Damascus, Kedar and Elam.
24	50	34	Prophecies against the nations	Babylon will fall; their Redeemer is strong.
24	51	15	Prophecies against the nations	More about Babylon's fall; God made the earth by his power.
24	52	12	The fall of Jerusalem, 586 BC	Jerusalem is destroyed and the people taken to Babylon; later King Jehoiachin is released from prison.
25	1	1	Laments after Jerusalem fell to Babylon, 586 BC	Jerusalem sits lonely like a widow, weeping, with no one to comfort her.
25	2	17	Laments after Jerusalem fell to Babylon, 586 BC	The LORD has done what he planned; Jerusalem's walls and temple lie in ruins.
25	3	23	Laments after Jerusalem fell to Babylon, 586 BC	In the depths of grief, hope: the LORD's mercies never come to an end; they are new every morning.
25	4	22	Laments after Jerusalem fell to Babylon, 586 BC	The horrors of the siege; Zion's punishment will end.
25	5	21	Laments after Jerusalem fell to Babylon, 586 BC	A prayer: remember us, LORD; restore us to yourself.
26	1	28	Ezekiel among the exiles in Babylon warns that Jerusalem will fall, 593–588 BC	By the river Kebar in Babylon, Ezekiel sees a vision of God's glory on a throne above living creatures and wheels.
26	2	7	Ezekiel among the exiles in Babylon warns that Jerusalem will fall, 593–588 BC	God sends Ezekiel to rebellious Israel, whether they listen or not.
26	3	17	Ezekiel among the exiles in Babylon warns that Jerusalem will fall, 593–588 BC	Ezekiel eats the scroll and is made a watchman for Israel.
26	4	3	Ezekiel among the exiles in Babylon warns that Jerusalem will fall, 593–588 BC	Ezekiel acts out the siege of Jerusalem with a clay brick.
26	5	11	Ezekiel among the exiles in Babylon warns that Jerusalem will fall, 593–588 BC	Ezekiel shaves his head as a sign of Jerusalem's judgment.
26	6	7	Ezekiel among the exiles in Babylon warns that Jerusalem will fall, 593–588 BC	Judgment on the mountains and idols of Israel.
26	7	2	Ezekiel among the exiles in Babylon warns that Jerusalem will fall, 593–588 BC	The end has come upon the land.
26	8	6	Ezekiel among the exiles in Babylon warns that Jerusalem will fall, 593–588 BC	In a vision Ezekiel sees idol worship in the temple itself.
26	9	4	Ezekiel among the exiles in Babylon warns that Jerusalem will fall, 593–588 BC	Those who grieve over the sins are marked, and the rest are judged.
26	10	18	Ezekiel among the exiles in Babylon warns that Jerusalem will fall, 593–588 BC	The glory of the LORD leaves the temple.
26	11	19	Ezekiel among the exiles in Babylon warns that Jerusalem will fall, 593–588 BC	God will give his scattered people one heart and a new spirit. The glory leaves the city.
26	12	3	Ezekiel among the exiles in Babylon warns that Jerusalem will fall, 593–588 BC	Ezekiel packs his bags as a sign of exile.
26	13	10	Ezekiel among the exiles in Babylon warns that Jerusalem will fall, 593–588 BC	Against false prophets who say "Peace" when there is no peace.
26	14	14	Ezekiel among the exiles in Babylon warns that Jerusalem will fall, 593–588 BC	Even Noah, Daniel and Job could only save themselves.
26	15	6	Ezekiel among the exiles in Babylon warns that Jerusalem will fall, 593–588 BC	Jerusalem is like a useless vine, fit only for burning.
26	16	60	Ezekiel among the exiles in Babylon warns that Jerusalem will fall, 593–588 BC	Jerusalem pictured as an unfaithful wife, yet God will remember his covenant.
26	17	24	Ezekiel among the exiles in Babylon warns that Jerusalem will fall, 593–588 BC	A parable of two eagles and a vine; God will plant a tender shoot.
26	18	32	Ezekiel among the exiles in Babylon warns that Jerusalem will fall, 593–588 BC	Each person is responsible for their own sin; God takes no pleasure in death: turn and live.
26	19	1	Ezekiel among the exiles in Babylon warns that Jerusalem will fall, 593–588 BC	A lament for the princes of Israel.
26	20	44	Ezekiel among the exiles in Babylon warns that Jerusalem will fall, 593–588 BC	Israel's history of rebellion and God's mercy for his name's sake.
26	21	27	Ezekiel among the exiles in Babylon warns that Jerusalem will fall, 593–588 BC	The sword of the LORD against Jerusalem; it will be ruin until he comes whose right it is.
26	22	30	Ezekiel among the exiles in Babylon warns that Jerusalem will fall, 593–588 BC	Jerusalem's sins; God looked for someone to stand in the gap and found none.
26	23	35	Ezekiel among the exiles in Babylon warns that Jerusalem will fall, 593–588 BC	Two unfaithful sisters picture Samaria and Jerusalem.
26	24	18	Ezekiel among the exiles in Babylon warns that Jerusalem will fall, 593–588 BC	The siege begins; Ezekiel's wife dies and he is told not to mourn, as a sign.
26	25	7	Prophecies against the nations	Prophecies against Ammon, Moab, Edom and Philistia.
26	26	3	Prophecies against the nations	A prophecy against Tyre, which rejoiced at Jerusalem's fall: it will become a bare rock.
26	27	3	Prophecies against the nations	A lament for Tyre, the proud trading ship.
26	28	2	Prophecies against the nations	Against the proud king of Tyre, and Sidon; Israel will be gathered.
26	29	3	Prophecies against the nations	A prophecy against Egypt and Pharaoh.
26	30	3	Prophecies against the nations	The day of the LORD for Egypt.
26	31	10	Prophecies against the nations	Egypt is like a great cedar that will be cut down.
26	32	2	Prophecies against the nations	A lament for Pharaoh and Egypt going down to the grave.
26	33	11	After Jerusalem's fall: hope, restoration and the new temple, 586–573 BC	Ezekiel the watchman; God takes no pleasure in the death of the wicked. News comes that Jerusalem has fallen.
26	34	11	After Jerusalem's fall: hope, restoration and the new temple, 586–573 BC	God will search for his scattered sheep and set one shepherd, David, over them.
26	35	15	After Jerusalem's fall: hope, restoration and the new temple, 586–573 BC	A prophecy against Mount Seir (Edom).
26	36	26	After Jerusalem's fall: hope, restoration and the new temple, 586–573 BC	God will give his people a new heart and a new spirit, for his name's sake.
26	37	5	After Jerusalem's fall: hope, restoration and the new temple, 586–573 BC	The valley of dry bones comes to life by God's Spirit; Israel and Judah will be one.
26	38	23	After Jerusalem's fall: hope, restoration and the new temple, 586–573 BC	Gog's great army attacks Israel and is defeated.
26	39	29	After Jerusalem's fall: hope, restoration and the new temple, 586–573 BC	God's victory over Gog; he will pour out his Spirit on Israel.
26	40	4	After Jerusalem's fall: hope, restoration and the new temple, 586–573 BC	A vision of a new temple, measured by a man of bronze.
26	41	1	After Jerusalem's fall: hope, restoration and the new temple, 586–573 BC	The measurements of the temple building.
26	42	20	After Jerusalem's fall: hope, restoration and the new temple, 586–573 BC	The priests' rooms and the outer measurements.
26	43	5	After Jerusalem's fall: hope, restoration and the new temple, 586–573 BC	The glory of the LORD returns and fills the temple.
26	44	23	After Jerusalem's fall: hope, restoration and the new temple, 586–573 BC	Rules for the priests in the new temple.
26	45	9	After Jerusalem's fall: hope, restoration and the new temple, 586–573 BC	The holy district and fair rulers.
26	46	9	After Jerusalem's fall: hope, restoration and the new temple, 586–573 BC	Worship and offerings in the new temple.
26	47	9	After Jerusalem's fall: hope, restoration and the new temple, 586–573 BC	A river flows from the temple, bringing life wherever it goes.
26	48	35	After Jerusalem's fall: hope, restoration and the new temple, 586–573 BC	The land divided among the tribes; the city's name is "The LORD is there."
27	1	8	Daniel in Babylon and Persia, about 605–536 BC	Daniel and his friends are taken to Babylon; they refuse the king's food and God gives them wisdom.
27	2	44	Daniel in Babylon and Persia, about 605–536 BC	Daniel tells Nebuchadnezzar his dream of a great statue: God's kingdom will crush all others and last for ever.
27	3	17	Daniel in Babylon and Persia, about 605–536 BC	Shadrach, Meshach and Abednego refuse to bow to the gold image and are thrown into the furnace, but God saves them.
27	4	34	Daniel in Babylon and Persia, about 605–536 BC	Nebuchadnezzar becomes like an animal until he learns that the Most High rules, and then praises God.
27	5	27	Daniel in Babylon and Persia, about 605–536 BC	At Belshazzar's feast a hand writes on the wall; Daniel reads it, and that night Babylon falls.
27	6	22	Daniel in Babylon and Persia, about 605–536 BC	Daniel keeps praying and is thrown to the lions, but God shuts their mouths.
27	7	13	Daniel's visions of the kingdoms to come	Daniel's vision of four beasts and one like a son of man given everlasting dominion.
27	8	19	Daniel's visions of the kingdoms to come	A vision of a ram and a goat: the kingdoms of Persia and Greece.
27	9	19	Daniel's visions of the kingdoms to come	Daniel confesses Israel's sin and prays; Gabriel brings the prophecy of seventy weeks.
27	10	19	Daniel's visions of the kingdoms to come	A glorious messenger strengthens Daniel and speaks of spiritual battles.
27	11	32	Daniel's visions of the kingdoms to come	Kings of the north and south; those who know their God will stand firm.
27	12	2	Daniel's visions of the kingdoms to come	At the end, many who sleep will awake; the wise will shine like the stars.
28	1	10	Hosea prophesies to the northern kingdom of Israel before it falls, about 755–715 BC	God tells Hosea to marry Gomer, who will be unfaithful, as a picture of Israel's unfaithfulness. Their children's names carry God's message.
28	2	19	Hosea prophesies to the northern kingdom of Israel before it falls, about 755–715 BC	Israel has chased other gods like an unfaithful wife, but God will win her back and betroth her to himself for ever.
28	3	1	Hosea prophesies to the northern kingdom of Israel before it falls, about 755–715 BC	Hosea buys back his unfaithful wife, as God loves Israel though they turn to other gods.
28	4	6	Hosea prophesies to the northern kingdom of Israel before it falls, about 755–715 BC	God brings charges against Israel: there is no knowledge of God in the land, and the people are destroyed for lack of it.
28	5	15	Hosea prophesies to the northern kingdom of Israel before it falls, about 755–715 BC	Judgment on Israel's priests and leaders; God will wait until they seek his face.
28	6	6	Hosea prophesies to the northern kingdom of Israel before it falls, about 755–715 BC	Come, let us return to the LORD; God desires steadfast love, not sacrifice.
28	7	10	Hosea prophesies to the northern kingdom of Israel before it falls, about 755–715 BC	Israel is like a half-baked cake and a silly dove, turning everywhere but to God.
28	8	7	Hosea prophesies to the northern kingdom of Israel before it falls, about 755–715 BC	They sow the wind and reap the whirlwind; Israel has made idols and kings without God.
28	9	17	Hosea prophesies to the northern kingdom of Israel before it falls, about 755–715 BC	Israel's joy will end in exile because they rejected God.
28	10	12	Hosea prophesies to the northern kingdom of Israel before it falls, about 755–715 BC	Sow righteousness and reap steadfast love; break up your fallow ground and seek the LORD.
28	11	1	Hosea prophesies to the northern kingdom of Israel before it falls, about 755–715 BC	When Israel was a child I loved him and called my son out of Egypt; God's love cannot give them up.
28	12	6	Hosea prophesies to the northern kingdom of Israel before it falls, about 755–715 BC	Like Jacob, return to God, hold fast to love and justice, and wait for him.
28	13	14	Hosea prophesies to the northern kingdom of Israel before it falls, about 755–715 BC	Israel will be judged for its idols, yet God will ransom them from death.
28	14	4	Hosea prophesies to the northern kingdom of Israel before it falls, about 755–715 BC	Return to the LORD with words of repentance; God will heal their faithlessness and love them freely.
29	1	15	Joel calls Judah to repent (date uncertain; traditionally about 835 BC)	A plague of locusts has stripped the land; Joel calls the people to mourn and cry to the LORD.
29	2	28	Joel calls Judah to repent (date uncertain; traditionally about 835 BC)	The day of the LORD is coming; return to me with all your heart. God will restore the years the locusts ate and pour out his Spirit on all people.
29	3	16	Joel calls Judah to repent (date uncertain; traditionally about 835 BC)	God will judge the nations in the valley of decision and dwell in Zion with his people.
30	1	2	Amos the shepherd prophesies to Israel in a time of wealth and injustice, about 760 BC	God will judge the nations around Israel for their cruelty.
30	2	6	Amos the shepherd prophesies to Israel in a time of wealth and injustice, about 760 BC	Judah and Israel will be judged too, for rejecting God's law and trampling the poor.
30	3	2	Amos the shepherd prophesies to Israel in a time of wealth and injustice, about 760 BC	Israel was chosen by God, so it will be held to account.
30	4	12	Amos the shepherd prophesies to Israel in a time of wealth and injustice, about 760 BC	Israel would not return to God despite many warnings: prepare to meet your God.
30	5	24	Amos the shepherd prophesies to Israel in a time of wealth and injustice, about 760 BC	Seek the LORD and live. God hates empty feasts; let justice roll down like waters.
30	6	1	Amos the shepherd prophesies to Israel in a time of wealth and injustice, about 760 BC	Woe to those at ease in Zion who live in luxury and do not grieve over the ruin of Joseph.
30	7	15	Amos the shepherd prophesies to Israel in a time of wealth and injustice, about 760 BC	Visions of locusts, fire and a plumb line. The priest Amaziah orders Amos away, but Amos obeys God.
30	8	11	Amos the shepherd prophesies to Israel in a time of wealth and injustice, about 760 BC	A basket of summer fruit: the end has come. There will be a famine of hearing the words of the LORD.
30	9	11	Amos the shepherd prophesies to Israel in a time of wealth and injustice, about 760 BC	God will judge Israel, but will restore David's fallen tent and bring his people home.
31	1	15	Obadiah's prophecy against Edom, probably soon after Jerusalem fell in 586 BC	Edom gloated when Jerusalem fell and joined in looting it; the day of the LORD will come on Edom, and the kingdom will be the LORD's.
32	1	17	Jonah and the city of Nineveh, about 760 BC	God sends Jonah to warn Nineveh, but he runs the other way. In a storm he is thrown overboard and swallowed by a great fish.
32	2	9	Jonah and the city of Nineveh, about 760 BC	Jonah prays from inside the fish: salvation belongs to the LORD. The fish spits him out on dry land.
32	3	10	Jonah and the city of Nineveh, about 760 BC	Jonah preaches in Nineveh, the people repent, and God spares the city.
32	4	11	Jonah and the city of Nineveh, about 760 BC	Jonah is angry that God showed mercy. God uses a plant to show his compassion for Nineveh.
33	1	3	Micah prophesies to Judah and Israel, about 735–700 BC	The LORD comes to judge Samaria and Jerusalem for their idols.
33	2	1	Micah prophesies to Judah and Israel, about 735–700 BC	Woe to those who plot evil and seize the land of the poor; God will gather a remnant.
33	3	8	Micah prophesies to Judah and Israel, about 735–700 BC	Micah condemns rulers, prophets and priests who sell justice for money.
33	4	2	Micah prophesies to Judah and Israel, about 735–700 BC	In the last days nations will come to God's house; swords will become ploughshares.
33	5	2	Micah prophesies to Judah and Israel, about 735–700 BC	From Bethlehem will come a ruler over Israel, whose origins are from of old.
33	6	8	Micah prophesies to Judah and Israel, about 735–700 BC	What does the LORD require? To do justice, to love kindness, and to walk humbly with your God.
33	7	18	Micah prophesies to Judah and Israel, about 735–700 BC	Micah waits for God, who pardons sin and delights in steadfast love.
34	1	7	Nahum foretells the fall of Nineveh, capital of Assyria (fell in 612 BC)	The LORD is slow to anger but will judge his enemies; he is a refuge in the day of trouble.
34	2	13	Nahum foretells the fall of Nineveh, capital of Assyria (fell in 612 BC)	A vivid picture of Nineveh's attack and fall.
34	3	19	Nahum foretells the fall of Nineveh, capital of Assyria (fell in 612 BC)	Woe to the city of blood; Nineveh's ruin is certain and no one will mourn.
35	1	2	Habakkuk questions God as Babylon rises, about 605 BC	Habakkuk asks why God allows injustice; God says he is raising up the Babylonians, and Habakkuk asks how that can be right.
35	2	4	Habakkuk questions God as Babylon rises, about 605 BC	God answers: write the vision; the righteous shall live by his faith. Woes on the proud oppressor.
35	3	18	Habakkuk questions God as Babylon rises, about 605 BC	Habakkuk's prayer: though the fig tree does not blossom, yet I will rejoice in the LORD.
36	1	14	Zephaniah prophesies in the days of King Josiah, about 630 BC	The great day of the LORD is near, a day of judgment on Judah and the world.
36	2	3	Zephaniah prophesies in the days of King Josiah, about 630 BC	Seek the LORD, all you humble; judgment on the nations around.
36	3	17	Zephaniah prophesies in the days of King Josiah, about 630 BC	Jerusalem will be judged, then restored; the LORD will rejoice over his people with singing.
37	1	4	Haggai urges the returned exiles to rebuild the temple, 520 BC	The people have built their own houses while God's house lies in ruins. They listen and start rebuilding.
37	2	9	Haggai urges the returned exiles to rebuild the temple, 520 BC	Take courage: the glory of this new house will be greater than the former, and God will bless them.
38	1	3	Zechariah encourages the returned exiles to rebuild, 520–518 BC	Return to me and I will return to you. A vision of horsemen; God will comfort Zion.
38	2	10	Zechariah encourages the returned exiles to rebuild, 520–518 BC	A man measures Jerusalem; God will be a wall of fire around it and live among his people.
38	3	8	Zechariah encourages the returned exiles to rebuild, 520–518 BC	The high priest Joshua is cleansed of filthy clothes; God will bring his servant the Branch.
38	4	6	Zechariah encourages the returned exiles to rebuild, 520–518 BC	A lampstand and two olive trees: not by might, nor by power, but by my Spirit.
38	5	3	Zechariah encourages the returned exiles to rebuild, 520–518 BC	A flying scroll and a woman in a basket: sin will be removed from the land.
38	6	12	Zechariah encourages the returned exiles to rebuild, 520–518 BC	Four chariots; the Branch will build the temple and be priest and king.
38	7	9	Zechariah encourages the returned exiles to rebuild, 520–518 BC	God wants justice and mercy, not just fasting.
38	8	8	Zechariah encourages the returned exiles to rebuild, 520–518 BC	God will return to Zion and bless it; many nations will seek the LORD.
38	9	9	Prophecies of the coming King and the last days	Your king comes to you, righteous and humble, riding on a donkey.
38	10	6	Prophecies of the coming King and the last days	God will strengthen Judah and gather his scattered people.
38	11	12	Prophecies of the coming King and the last days	The shepherd rejected, paid thirty pieces of silver.
38	12	10	Prophecies of the coming King and the last days	Jerusalem will look on the one they have pierced and mourn.
38	13	1	Prophecies of the coming King and the last days	A fountain will be opened to cleanse sin; strike the shepherd and the sheep will scatter.
38	14	9	Prophecies of the coming King and the last days	The day of the LORD: he will stand on the Mount of Olives and be king over all the earth.
39	1	2	Malachi, the last Old Testament prophet, about 430 BC	God has loved Israel, but the priests offer him blemished sacrifices.
39	2	16	Malachi, the last Old Testament prophet, about 430 BC	The priests have failed to teach truly, and the people are unfaithful in marriage.
39	3	10	Malachi, the last Old Testament prophet, about 430 BC	God will send his messenger; I the LORD do not change. Bring the full tithe and see if I will not open heaven's windows.
39	4	5	Malachi, the last Old Testament prophet, about 430 BC	The day is coming when the sun of righteousness will rise; God will send Elijah before it.
40	1	21	The life of Jesus: birth and beginnings, about 5 BC – AD 27	The family line of Jesus from Abraham through David. An angel tells Joseph that Mary's child is from the Holy Spirit: call him Jesus, for he will save his people from their sins.
40	2	11	The life of Jesus: birth and beginnings, about 5 BC – AD 27	Wise men from the east follow a star to worship the child. Herod tries to kill him, and Joseph takes the family to Egypt, then to Nazareth.
40	3	17	The life of Jesus: birth and beginnings, about 5 BC – AD 27	John the Baptist calls people to repent. Jesus is baptized, the Spirit comes on him, and the Father says, "This is my beloved Son."
40	4	19	The life of Jesus: birth and beginnings, about 5 BC – AD 27	Jesus is tempted in the wilderness and answers with Scripture. He begins preaching in Galilee and calls his first disciples.
40	5	3	The life of Jesus: teaching and miracles in Galilee and on the way to Jerusalem, about AD 27–30	The Sermon on the Mount begins: the Beatitudes, salt and light, and Jesus' teaching on anger, lust, honesty and loving enemies.
40	6	33	The life of Jesus: teaching and miracles in Galilee and on the way to Jerusalem, about AD 27–30	Jesus teaches about giving, prayer (the Lord's Prayer) and fasting in secret, and not worrying: seek first God's kingdom.
40	7	12	The life of Jesus: teaching and miracles in Galilee and on the way to Jerusalem, about AD 27–30	Do not judge; ask, seek, knock; the golden rule; the narrow gate; build your house on the rock.
40	8	27	The life of Jesus: teaching and miracles in Galilee and on the way to Jerusalem, about AD 27–30	Jesus heals a leper, a centurion's servant and many others, and calms a storm.
40	9	13	The life of Jesus: teaching and miracles in Galilee and on the way to Jerusalem, about AD 27–30	Jesus forgives and heals a paralysed man, calls Matthew, raises a girl and heals the blind.
40	10	39	The life of Jesus: teaching and miracles in Galilee and on the way to Jerusalem, about AD 27–30	Jesus sends out the twelve apostles and warns them of persecution.
40	11	28	The life of Jesus: teaching and miracles in Galilee and on the way to Jerusalem, about AD 27–30	Jesus answers John's doubts and invites the weary: come to me and I will give you rest.
40	12	8	The life of Jesus: teaching and miracles in Galilee and on the way to Jerusalem, about AD 27–30	Jesus is Lord of the Sabbath; the Pharisees plot against him and accuse him of working by Satan.
40	13	23	The life of Jesus: teaching and miracles in Galilee and on the way to Jerusalem, about AD 27–30	Parables of the kingdom: the sower, the weeds, the mustard seed, the hidden treasure and the net.
40	14	27	The life of Jesus: teaching and miracles in Galilee and on the way to Jerusalem, about AD 27–30	John the Baptist is killed. Jesus feeds five thousand and walks on water.
40	15	28	The life of Jesus: teaching and miracles in Galilee and on the way to Jerusalem, about AD 27–30	Jesus challenges empty tradition, heals a Canaanite woman's daughter and feeds four thousand.
40	16	16	The life of Jesus: teaching and miracles in Galilee and on the way to Jerusalem, about AD 27–30	Peter confesses, "You are the Christ, the Son of the living God." Jesus foretells his death.
40	17	5	The life of Jesus: teaching and miracles in Galilee and on the way to Jerusalem, about AD 27–30	Jesus is transfigured on the mountain; he heals a boy and pays the temple tax.
40	18	21	The life of Jesus: teaching and miracles in Galilee and on the way to Jerusalem, about AD 27–30	Greatness in the kingdom, the lost sheep, and forgiving seventy times seven.
40	19	26	The life of Jesus: teaching and miracles in Galilee and on the way to Jerusalem, about AD 27–30	Jesus teaches about marriage, blesses children, and meets a rich young man.
40	20	28	The life of Jesus: teaching and miracles in Galilee and on the way to Jerusalem, about AD 27–30	The workers in the vineyard. The Son of Man came to serve and give his life as a ransom.
40	21	9	The life of Jesus: the last week in Jerusalem, his death and resurrection, about AD 30	Jesus enters Jerusalem on a donkey, clears the temple and tells parables against the leaders.
40	22	37	The life of Jesus: the last week in Jerusalem, his death and resurrection, about AD 30	The wedding feast; questions about taxes and the resurrection; the greatest commandment.
40	23	37	The life of Jesus: the last week in Jerusalem, his death and resurrection, about AD 30	Jesus pronounces woes on the hypocrisy of the scribes and Pharisees and weeps over Jerusalem.
40	24	35	The life of Jesus: the last week in Jerusalem, his death and resurrection, about AD 30	Jesus foretells the temple's fall and his coming again; keep watch.
40	25	40	The life of Jesus: the last week in Jerusalem, his death and resurrection, about AD 30	Parables of the ten virgins and the talents; the judgment of the sheep and the goats.
40	26	28	The life of Jesus: the last week in Jerusalem, his death and resurrection, about AD 30	The plot to kill Jesus, the Last Supper, his prayer in Gethsemane, his arrest and Peter's denial.
40	27	54	The life of Jesus: the last week in Jerusalem, his death and resurrection, about AD 30	Jesus is tried before Pilate, crucified and buried.
40	28	19	The life of Jesus: the last week in Jerusalem, his death and resurrection, about AD 30	Jesus rises from the dead and sends his disciples to make disciples of all nations.
41	1	15	The life of Jesus: ministry in Galilee, about AD 27–29	John baptizes Jesus. Jesus is tempted, calls fishermen, and heals many: the kingdom of God is at hand.
41	2	17	The life of Jesus: ministry in Galilee, about AD 27–29	Jesus forgives and heals a paralysed man and calls Levi; he came to call sinners.
41	3	35	The life of Jesus: ministry in Galilee, about AD 27–29	Jesus heals on the Sabbath, chooses the twelve, and is accused of being possessed.
41	4	41	The life of Jesus: ministry in Galilee, about AD 27–29	Parables of the sower and the mustard seed; Jesus calms the storm.
41	5	19	The life of Jesus: ministry in Galilee, about AD 27–29	Jesus frees a man from many demons, heals a bleeding woman and raises Jairus's daughter.
41	6	34	The life of Jesus: ministry in Galilee, about AD 27–29	Jesus is rejected at home, sends out the twelve, feeds five thousand and walks on water.
41	7	15	The life of Jesus: ministry in Galilee, about AD 27–29	What defiles a person comes from the heart; Jesus heals a Gentile girl and a deaf man.
41	8	29	The life of Jesus: ministry in Galilee, about AD 27–29	Jesus feeds four thousand; Peter says, "You are the Christ"; take up your cross.
41	9	7	The life of Jesus: ministry in Galilee, about AD 27–29	The transfiguration; Jesus heals a boy and teaches who is greatest.
41	10	45	The life of Jesus: to Jerusalem, his death and resurrection, about AD 30	Divorce, children, the rich man, and James and John's request; the Son of Man came to serve.
41	11	17	The life of Jesus: to Jerusalem, his death and resurrection, about AD 30	Jesus enters Jerusalem, curses a fig tree and clears the temple.
41	12	30	The life of Jesus: to Jerusalem, his death and resurrection, about AD 30	The tenants; questions on taxes and resurrection; the greatest commandment; the widow's gift.
41	13	31	The life of Jesus: to Jerusalem, his death and resurrection, about AD 30	Jesus foretells the temple's fall and his return; stay awake.
41	14	36	The life of Jesus: to Jerusalem, his death and resurrection, about AD 30	Jesus is anointed at Bethany, shares the Last Supper, prays in Gethsemane, is arrested and denied.
41	15	39	The life of Jesus: to Jerusalem, his death and resurrection, about AD 30	Jesus is tried before Pilate, mocked, crucified and buried.
41	16	6	The life of Jesus: to Jerusalem, his death and resurrection, about AD 30	The women find the tomb empty: he has risen. Jesus appears and sends out his disciples.
42	1	37	The life of Jesus: birth and beginnings, about 6 BC – AD 27	Gabriel announces the births of John the Baptist and of Jesus. Mary visits Elizabeth and praises God; Zechariah prophesies.
42	2	11	The life of Jesus: birth and beginnings, about 6 BC – AD 27	Jesus is born in Bethlehem and shepherds hear the news. He is presented in the temple, and at twelve he stays in his Father's house.
42	3	22	The life of Jesus: birth and beginnings, about 6 BC – AD 27	John the Baptist preaches repentance and baptizes Jesus. The family line of Jesus back to Adam.
42	4	18	The life of Jesus: birth and beginnings, about 6 BC – AD 27	Jesus is tempted, then reads Isaiah in Nazareth: the Spirit is on me to preach good news to the poor. He heals many.
42	5	32	The life of Jesus: ministry in Galilee, about AD 27–29	Jesus calls fishermen after a great catch, heals a leper and a paralysed man, and calls Levi.
42	6	31	The life of Jesus: ministry in Galilee, about AD 27–29	Jesus chooses the twelve and teaches: blessed are the poor; love your enemies.
42	7	50	The life of Jesus: ministry in Galilee, about AD 27–29	Jesus heals a centurion's servant, raises a widow's son, and forgives a sinful woman who anoints his feet.
42	8	21	The life of Jesus: ministry in Galilee, about AD 27–29	The parable of the sower; Jesus calms a storm, frees a demon-possessed man, and raises Jairus's daughter.
42	9	23	The life of Jesus: ministry in Galilee, about AD 27–29	Jesus sends the twelve, feeds five thousand, is confessed as the Christ, and is transfigured.
42	10	27	The life of Jesus: the journey to Jerusalem, about AD 29–30	Jesus sends out seventy-two. The parable of the good Samaritan; Mary and Martha.
42	11	9	The life of Jesus: the journey to Jerusalem, about AD 29–30	The Lord's Prayer; ask, seek, knock; woes on the Pharisees.
42	12	34	The life of Jesus: the journey to Jerusalem, about AD 29–30	Beware of greed; do not worry; be ready for the Master's return.
42	13	24	The life of Jesus: the journey to Jerusalem, about AD 29–30	Repent or perish; Jesus heals on the Sabbath; strive to enter the narrow door.
42	14	11	The life of Jesus: the journey to Jerusalem, about AD 29–30	Humility at the feast; the great banquet; the cost of following Jesus.
42	15	7	The life of Jesus: the journey to Jerusalem, about AD 29–30	Parables of the lost sheep, the lost coin and the lost son: joy in heaven over one sinner who repents.
42	16	13	The life of Jesus: the journey to Jerusalem, about AD 29–30	The shrewd manager; you cannot serve God and money; the rich man and Lazarus.
42	17	21	The life of Jesus: the journey to Jerusalem, about AD 29–30	Forgiveness and faith; ten lepers healed, one returns to thank him; the coming of the kingdom.
42	18	13	The life of Jesus: the journey to Jerusalem, about AD 29–30	The persistent widow; the Pharisee and the tax collector; the rich ruler; a blind man healed.
42	19	10	The life of Jesus: the journey to Jerusalem, about AD 29–30	Zacchaeus meets Jesus: the Son of Man came to seek and save the lost. Jesus enters Jerusalem and weeps over it.
42	20	17	The life of Jesus: the last week, his death and resurrection, about AD 30	Jesus' authority is questioned; the tenants; taxes and the resurrection.
42	21	33	The life of Jesus: the last week, his death and resurrection, about AD 30	The widow's offering; signs of the end and the Son of Man's coming.
42	22	19	The life of Jesus: the last week, his death and resurrection, about AD 30	The Last Supper, Jesus' prayer on the Mount of Olives, his arrest and Peter's denial.
42	23	34	The life of Jesus: the last week, his death and resurrection, about AD 30	Jesus before Pilate and Herod; crucified, he forgives and promises paradise to a thief; he is buried.
42	24	6	The life of Jesus: the last week, his death and resurrection, about AD 30	The empty tomb; Jesus walks with two disciples to Emmaus, appears to the eleven and ascends.
43	1	14	The life of Jesus: signs that show who he is, about AD 27–30	In the beginning was the Word, and the Word was God; the Word became flesh. John the Baptist points to the Lamb of God, and the first disciples follow Jesus.
43	2	11	The life of Jesus: signs that show who he is, about AD 27–30	Jesus turns water into wine at a wedding in Cana, his first sign, and clears the temple.
43	3	16	The life of Jesus: signs that show who he is, about AD 27–30	Jesus tells Nicodemus he must be born again: God so loved the world that he gave his only Son.
43	4	14	The life of Jesus: signs that show who he is, about AD 27–30	Jesus offers living water to a Samaritan woman, and many believe; he heals an official's son.
43	5	24	The life of Jesus: signs that show who he is, about AD 27–30	Jesus heals a man at the pool on the Sabbath and says he does the Father's work.
43	6	35	The life of Jesus: signs that show who he is, about AD 27–30	Jesus feeds five thousand, walks on water, and says, "I am the bread of life." Many leave him.
43	7	37	The life of Jesus: signs that show who he is, about AD 27–30	At the Feast of Tabernacles Jesus invites the thirsty to come to him; people are divided.
43	8	12	The life of Jesus: signs that show who he is, about AD 27–30	A woman caught in adultery is forgiven. "I am the light of the world"; before Abraham was, I am.
43	9	25	The life of Jesus: signs that show who he is, about AD 27–30	Jesus heals a man born blind, who is questioned and believes.
43	10	11	The life of Jesus: signs that show who he is, about AD 27–30	"I am the good shepherd," who lays down his life for the sheep; I and the Father are one.
43	11	25	The life of Jesus: signs that show who he is, about AD 27–30	Jesus raises Lazarus from the dead: "I am the resurrection and the life." The leaders plot to kill him.
43	12	24	The life of Jesus: signs that show who he is, about AD 27–30	Mary anoints Jesus; he enters Jerusalem; a grain of wheat must die to bear fruit.
43	13	34	The life of Jesus: the last night, his death and resurrection, about AD 30	Jesus washes his disciples' feet and gives a new command: love one another.
43	14	6	The life of Jesus: the last night, his death and resurrection, about AD 30	"I am the way, the truth and the life." Jesus promises the Holy Spirit and his peace.
43	15	5	The life of Jesus: the last night, his death and resurrection, about AD 30	"I am the vine; you are the branches." Abide in me and love one another.
43	16	33	The life of Jesus: the last night, his death and resurrection, about AD 30	The Spirit will guide into truth; your sorrow will turn to joy; I have overcome the world.
43	17	3	The life of Jesus: the last night, his death and resurrection, about AD 30	Jesus prays for himself, his disciples and all who will believe.
43	18	37	The life of Jesus: the last night, his death and resurrection, about AD 30	Jesus is arrested, Peter denies him, and Jesus stands before Pilate.
43	19	30	The life of Jesus: the last night, his death and resurrection, about AD 30	Jesus is crucified; "It is finished." He is buried.
43	20	31	The life of Jesus: the last night, his death and resurrection, about AD 30	Mary Magdalene sees the risen Jesus; Thomas believes. These are written that you may believe.
43	21	17	The life of Jesus: the last night, his death and resurrection, about AD 30	Jesus appears by the sea, restores Peter and tells him to feed his sheep.
44	1	8	The early church in Jerusalem, about AD 30–34	Jesus promises the Holy Spirit and ascends to heaven: you will be my witnesses to the ends of the earth. Matthias replaces Judas.
44	2	38	The early church in Jerusalem, about AD 30–34	At Pentecost the Holy Spirit comes; Peter preaches and three thousand believe and are baptized. The believers share life together.
44	3	19	The early church in Jerusalem, about AD 30–34	Peter and John heal a lame man at the temple gate in Jesus' name, and Peter calls the people to repent.
44	4	12	The early church in Jerusalem, about AD 30–34	Peter and John are arrested and tell the council there is salvation in no other name. The church prays for boldness.
44	5	29	The early church in Jerusalem, about AD 30–34	Ananias and Sapphira lie and die. The apostles are jailed and freed: we must obey God rather than men.
44	6	7	The early church in Jerusalem, about AD 30–34	Seven men, including Stephen, are chosen to serve the widows. Stephen is arrested.
44	7	59	The early church in Jerusalem, about AD 30–34	Stephen tells Israel's story and is stoned to death, praying for his killers; Saul approves.
44	8	35	The gospel spreads to Samaria and the Gentiles, about AD 34–44	Persecution scatters the church. Philip preaches in Samaria and explains Isaiah to an Ethiopian official.
44	9	15	The gospel spreads to Samaria and the Gentiles, about AD 34–44	Saul meets the risen Jesus on the road to Damascus, is blinded, believes and begins to preach. Peter heals and raises Tabitha.
44	10	34	The gospel spreads to Samaria and the Gentiles, about AD 34–44	God shows Peter that the gospel is for Gentiles too; the Spirit falls on Cornelius's household.
44	11	18	The gospel spreads to Samaria and the Gentiles, about AD 34–44	Peter explains to the church in Jerusalem; the church in Antioch grows, and believers are first called Christians.
44	12	7	The gospel spreads to Samaria and the Gentiles, about AD 34–44	Herod kills James and jails Peter, but an angel frees him. Herod dies.
44	13	2	Paul's missionary journeys, about AD 46–57	The Spirit sends Barnabas and Saul (Paul) on their first journey; Paul preaches in Antioch of Pisidia.
44	14	22	Paul's missionary journeys, about AD 46–57	Paul and Barnabas preach in Iconium, Lystra and Derbe, and strengthen the new churches.
44	15	11	Paul's missionary journeys, about AD 46–57	The council in Jerusalem decides Gentiles are saved by grace without keeping the law of Moses. Paul and Barnabas part.
44	16	31	Paul's missionary journeys, about AD 46–57	Paul's second journey: Timothy joins him; Lydia believes in Philippi; Paul and Silas are jailed and the jailer is saved.
44	17	28	Paul's missionary journeys, about AD 46–57	Paul preaches in Thessalonica and Berea, and to the philosophers in Athens about the unknown God.
44	18	9	Paul's missionary journeys, about AD 46–57	Paul stays in Corinth with Aquila and Priscilla; Apollos preaches in Ephesus.
44	19	20	Paul's missionary journeys, about AD 46–57	Paul's third journey: two years in Ephesus; a riot breaks out over the goddess Artemis.
44	20	35	Paul's missionary journeys, about AD 46–57	Paul travels through Greece and says farewell to the Ephesian elders.
44	21	13	Paul's missionary journeys, about AD 46–57	Paul goes to Jerusalem though warned, and is seized in the temple.
44	22	15	Paul a prisoner, from Jerusalem to Rome, about AD 57–62	Paul tells the crowd how he met Jesus; he is a Roman citizen.
44	23	11	Paul a prisoner, from Jerusalem to Rome, about AD 57–62	Paul before the council; a plot to kill him; he is sent to Caesarea.
44	24	16	Paul a prisoner, from Jerusalem to Rome, about AD 57–62	Paul defends himself before Governor Felix and is kept in prison two years.
44	25	11	Paul a prisoner, from Jerusalem to Rome, about AD 57–62	Before Festus, Paul appeals to Caesar.
44	26	18	Paul a prisoner, from Jerusalem to Rome, about AD 57–62	Paul tells King Agrippa his story and urges him to believe.
44	27	25	Paul a prisoner, from Jerusalem to Rome, about AD 57–62	On the voyage to Rome a storm wrecks the ship, but all are saved as God promised.
44	28	31	Paul a prisoner, from Jerusalem to Rome, about AD 57–62	On Malta Paul survives a snakebite and heals the sick. In Rome he preaches the kingdom of God openly.
45	1	16	Paul's letter to the church in Rome, about AD 57	Paul is not ashamed of the gospel, the power of God for salvation. People have rejected God and turned to idols and sin.
45	2	11	Paul's letter to the church in Rome, about AD 57	God judges everyone fairly; having the law does not save those who break it.
45	3	23	Paul's letter to the church in Rome, about AD 57	All have sinned and fall short of God's glory, and are justified freely by his grace through faith in Christ.
45	4	3	Paul's letter to the church in Rome, about AD 57	Abraham was counted righteous by faith, not by works.
45	5	8	Paul's letter to the church in Rome, about AD 57	At peace with God through faith; God showed his love in that Christ died for us while we were sinners. Adam and Christ.
45	6	23	Paul's letter to the church in Rome, about AD 57	Dead to sin and alive to God; the wages of sin is death, but God's gift is eternal life.
45	7	24	Paul's letter to the church in Rome, about AD 57	The law shows sin; the struggle with sin within: who will rescue me?
45	8	28	Paul's letter to the church in Rome, about AD 57	No condemnation for those in Christ. Life in the Spirit; all things work together for good; nothing can separate us from God's love.
45	9	16	Paul's letter to the church in Rome, about AD 57	Paul grieves for Israel; God's mercy and choice.
45	10	9	Paul's letter to the church in Rome, about AD 57	If you confess Jesus as Lord and believe God raised him, you will be saved; faith comes by hearing.
45	11	33	Paul's letter to the church in Rome, about AD 57	God has not rejected Israel; Gentiles are grafted in. Oh the depth of the riches of God's wisdom!
45	12	2	Paul's letter to the church in Rome, about AD 57	Offer yourselves as living sacrifices; be transformed by renewing your mind; love sincerely.
45	13	10	Paul's letter to the church in Rome, about AD 57	Respect authorities; love fulfils the law; put on the Lord Jesus Christ.
45	14	19	Paul's letter to the church in Rome, about AD 57	Do not judge one another over food and days; build each other up.
45	15	13	Paul's letter to the church in Rome, about AD 57	Accept one another as Christ accepted you. Paul's plans to visit Rome.
45	16	20	Paul's letter to the church in Rome, about AD 57	Paul greets many friends in Rome and warns against those who cause divisions.
46	1	18	Paul's letter to the church in Corinth, about AD 55	Paul urges unity; the message of the cross is foolishness to some but God's power to us.
46	2	2	Paul's letter to the church in Corinth, about AD 55	Paul came preaching Christ crucified, in the Spirit's power, not clever words.
46	3	11	Paul's letter to the church in Corinth, about AD 55	Workers together in God's field; Christ is the only foundation; you are God's temple.
46	4	2	Paul's letter to the church in Corinth, about AD 55	Servants of Christ must be faithful; Paul's example of humble service.
46	5	7	Paul's letter to the church in Corinth, about AD 55	The church must deal with sexual sin in its midst; Christ our Passover lamb is sacrificed.
46	6	19	Paul's letter to the church in Corinth, about AD 55	Do not take believers to court; flee sexual sin; your body is a temple of the Holy Spirit.
46	7	17	Paul's letter to the church in Corinth, about AD 55	Teaching on marriage, singleness and living as God has called you.
46	8	1	Paul's letter to the church in Corinth, about AD 55	Food offered to idols: knowledge puffs up, but love builds up.
46	9	22	Paul's letter to the church in Corinth, about AD 55	Paul gives up his rights for the gospel and runs to win the prize.
46	10	13	Paul's letter to the church in Corinth, about AD 55	Lessons from Israel; God will not let you be tempted beyond what you can bear; do all to God's glory.
46	11	24	Paul's letter to the church in Corinth, about AD 55	Head coverings, and the right way to share the Lord's Supper.
46	12	27	Paul's letter to the church in Corinth, about AD 55	Spiritual gifts; one body with many parts.
46	13	13	Paul's letter to the church in Corinth, about AD 55	Love is patient and kind; faith, hope and love remain, and the greatest is love.
46	14	40	Paul's letter to the church in Corinth, about AD 55	Prophecy and tongues; everything done for building up and in order.
46	15	20	Paul's letter to the church in Corinth, about AD 55	Christ has been raised, the firstfruits; the resurrection body; death is swallowed up in victory.
46	16	14	Paul's letter to the church in Corinth, about AD 55	The collection for Jerusalem, travel plans and greetings; let all be done in love.
47	1	4	Paul's second letter to the church in Corinth, about AD 56	God comforts us in all our troubles so we can comfort others.
47	2	14	Paul's second letter to the church in Corinth, about AD 56	Paul forgives the offender and gives thanks for spreading the fragrance of Christ.
47	3	18	Paul's second letter to the church in Corinth, about AD 56	The new covenant of the Spirit is more glorious than the old; we are being transformed.
47	4	7	Paul's second letter to the church in Corinth, about AD 56	We have this treasure in jars of clay; we do not lose heart.
47	5	17	Paul's second letter to the church in Corinth, about AD 56	We long for our heavenly home. If anyone is in Christ, he is a new creation; be reconciled to God.
47	6	2	Paul's second letter to the church in Corinth, about AD 56	Now is the day of salvation; Paul's hardships; do not be yoked with unbelievers.
47	7	10	Paul's second letter to the church in Corinth, about AD 56	Paul rejoices that his letter led them to godly sorrow and repentance.
47	8	9	Paul's second letter to the church in Corinth, about AD 56	The example of the Macedonians' giving; Christ became poor so you might become rich.
47	9	7	Paul's second letter to the church in Corinth, about AD 56	God loves a cheerful giver; he is able to make all grace abound.
47	10	5	Paul's second letter to the church in Corinth, about AD 56	Paul defends his ministry: take every thought captive to Christ.
47	11	30	Paul's second letter to the church in Corinth, about AD 56	Paul answers the false apostles by boasting of his sufferings.
47	12	9	Paul's second letter to the church in Corinth, about AD 56	Paul's thorn in the flesh: my grace is sufficient for you, for power is made perfect in weakness.
47	13	5	Paul's second letter to the church in Corinth, about AD 56	Examine yourselves; Paul's final warnings and blessing.
48	1	6	Paul's letter to the churches of Galatia, about AD 48–49	Paul is astonished that the Galatians are turning to a different gospel; his gospel came from Christ.
48	2	20	Paul's letter to the churches of Galatia, about AD 48–49	Paul confronts Peter; we are justified by faith in Christ, not works of the law. I have been crucified with Christ.
48	3	11	Paul's letter to the churches of Galatia, about AD 48–49	Did you receive the Spirit by the law or by faith? The righteous shall live by faith; all are one in Christ.
48	4	7	Paul's letter to the churches of Galatia, about AD 48–49	You are no longer slaves but sons and heirs; Hagar and Sarah as two covenants.
48	5	1	Paul's letter to the churches of Galatia, about AD 48–49	Stand firm in freedom. Walk by the Spirit; the fruit of the Spirit is love, joy, peace.
48	6	2	Paul's letter to the churches of Galatia, about AD 48–49	Bear one another's burdens; you reap what you sow; boast only in the cross.
49	1	7	Paul's letter to the church in Ephesus, written from prison, about AD 60–62	Every spiritual blessing in Christ: chosen, redeemed, forgiven and sealed with the Spirit. Paul prays for them.
49	2	8	Paul's letter to the church in Ephesus, written from prison, about AD 60–62	Dead in sin, made alive by grace through faith; Jews and Gentiles are one new people in Christ.
49	3	20	Paul's letter to the church in Ephesus, written from prison, about AD 60–62	The mystery revealed: Gentiles share in the promise. Paul prays that they may know Christ's love.
49	4	32	Paul's letter to the church in Ephesus, written from prison, about AD 60–62	Live worthy of your calling in unity; the gifts Christ gives; put off the old self, put on the new.
49	5	1	Paul's letter to the church in Ephesus, written from prison, about AD 60–62	Imitate God and walk in love and light; wives and husbands, as the church and Christ.
49	6	11	Paul's letter to the church in Ephesus, written from prison, about AD 60–62	Children and parents, servants and masters; put on the whole armour of God.
50	1	21	Paul's letter to the church in Philippi, written from prison, about AD 61	Paul thanks God for the Philippians; his chains have spread the gospel. For to me, to live is Christ and to die is gain.
50	2	5	Paul's letter to the church in Philippi, written from prison, about AD 61	Have the mind of Christ, who humbled himself to death on a cross and was exalted. Timothy and Epaphroditus.
50	3	14	Paul's letter to the church in Philippi, written from prison, about AD 61	Paul counts everything loss compared to knowing Christ, and presses on toward the goal.
50	4	13	Paul's letter to the church in Philippi, written from prison, about AD 61	Rejoice in the Lord; do not be anxious but pray; I can do all things through Christ who strengthens me.
51	1	15	Paul's letter to the church in Colossae, written from prison, about AD 60–62	Christ is the image of the invisible God; all things were created through him and hold together in him.
51	2	9	Paul's letter to the church in Colossae, written from prison, about AD 60–62	In Christ the fullness of God dwells bodily; do not be taken captive by empty philosophy or rules.
51	3	2	Paul's letter to the church in Colossae, written from prison, about AD 60–62	Set your minds on things above; put on love; whatever you do, do it for the Lord.
51	4	2	Paul's letter to the church in Colossae, written from prison, about AD 60–62	Devote yourselves to prayer; let your speech be gracious; greetings.
52	1	9	Paul's first letter to the church in Thessalonica, about AD 50–51	Paul thanks God for their faith, love and hope; they turned from idols to serve the living God.
52	2	13	Paul's first letter to the church in Thessalonica, about AD 50–51	Paul recalls his gentle care among them; they received God's word as truly God's word.
52	3	12	Paul's first letter to the church in Thessalonica, about AD 50–51	Timothy's good news of their faith; Paul prays for their love to increase.
52	4	16	Paul's first letter to the church in Thessalonica, about AD 50–51	Live to please God in holiness; the Lord will come, and the dead in Christ will rise first.
52	5	18	Paul's first letter to the church in Thessalonica, about AD 50–51	Be ready for the day of the Lord; rejoice always, pray continually, give thanks in all circumstances.
53	1	7	Paul's second letter to the church in Thessalonica, about AD 51	God will repay those who trouble them when the Lord Jesus is revealed from heaven.
53	2	15	Paul's second letter to the church in Thessalonica, about AD 51	The day of the Lord has not come yet; the man of lawlessness must come first. Stand firm.
53	3	10	Paul's second letter to the church in Thessalonica, about AD 51	Pray for us; avoid idleness: if anyone will not work, let him not eat.
54	1	15	Paul's letter to Timothy, leading the church in Ephesus, about AD 62–64	Guard against false teaching; Christ Jesus came into the world to save sinners, of whom I am the foremost.
54	2	5	Paul's letter to Timothy, leading the church in Ephesus, about AD 62–64	Pray for everyone; there is one God and one mediator, the man Christ Jesus. Worship in the church.
54	3	15	Paul's letter to Timothy, leading the church in Ephesus, about AD 62–64	Qualifications for overseers and deacons; the mystery of godliness.
54	4	12	Paul's letter to Timothy, leading the church in Ephesus, about AD 62–64	Beware of false teachers; train yourself in godliness; let no one despise your youth.
54	5	8	Paul's letter to Timothy, leading the church in Ephesus, about AD 62–64	Caring for widows, honouring elders and correcting sin.
54	6	10	Paul's letter to Timothy, leading the church in Ephesus, about AD 62–64	Godliness with contentment is great gain; the love of money is a root of all evil; fight the good fight.
55	1	7	Paul's last letter, to Timothy, from prison in Rome, about AD 67	God gave us a spirit not of fear but of power, love and self-control; guard the gospel.
55	2	15	Paul's last letter, to Timothy, from prison in Rome, about AD 67	Be strong in grace; a good soldier of Christ; rightly handle the word of truth.
55	3	16	Paul's last letter, to Timothy, from prison in Rome, about AD 67	Hard times will come in the last days; all Scripture is breathed out by God and useful.
55	4	7	Paul's last letter, to Timothy, from prison in Rome, about AD 67	Preach the word; Paul has fought the good fight and finished the race.
56	1	9	Paul's letter to Titus, leading the churches on Crete, about AD 63–65	Appoint elders who are above reproach and hold firm to sound teaching.
56	2	11	Paul's letter to Titus, leading the churches on Crete, about AD 63–65	Teach sound doctrine to every age; the grace of God has appeared, training us to live godly lives.
56	3	5	Paul's letter to Titus, leading the churches on Crete, about AD 63–65	God saved us by his mercy, not by our works, through the washing of rebirth and renewal by the Holy Spirit.
57	1	16	Paul's letter to Philemon, written from prison, about AD 60–62	Paul asks Philemon to welcome back his runaway slave Onesimus, now a believer, as a dear brother.
58	1	3	A letter to Jewish Christians (author not named), before AD 70	God has spoken by his Son, who is the radiance of his glory and is greater than the angels.
58	2	18	A letter to Jewish Christians (author not named), before AD 70	Pay attention so we do not drift away; Jesus became like us to help those who are tempted.
58	3	13	A letter to Jewish Christians (author not named), before AD 70	Jesus is greater than Moses; do not harden your hearts as Israel did in the wilderness.
58	4	12	A letter to Jewish Christians (author not named), before AD 70	A Sabbath rest remains for God's people; the word of God is living and active; we have a high priest who sympathizes.
58	5	9	A letter to Jewish Christians (author not named), before AD 70	Jesus is high priest like Melchizedek; a warning to grow up in the faith.
58	6	19	A letter to Jewish Christians (author not named), before AD 70	Go on to maturity; God's promise is an anchor for the soul.
58	7	25	A letter to Jewish Christians (author not named), before AD 70	Jesus is a priest for ever, like Melchizedek, and always lives to intercede for us.
58	8	10	A letter to Jewish Christians (author not named), before AD 70	Jesus serves in the true tabernacle as mediator of a better, new covenant.
58	9	22	A letter to Jewish Christians (author not named), before AD 70	The old tabernacle pointed to Christ, who entered heaven with his own blood once for all.
58	10	14	A letter to Jewish Christians (author not named), before AD 70	By one sacrifice Christ has made perfect for ever those being made holy; hold fast and do not give up meeting together.
58	11	1	A letter to Jewish Christians (author not named), before AD 70	Faith is the assurance of things hoped for: the heroes of faith from Abel to the prophets.
58	12	2	A letter to Jewish Christians (author not named), before AD 70	Run the race looking to Jesus; God disciplines those he loves; you have come to Mount Zion.
58	13	8	A letter to Jewish Christians (author not named), before AD 70	Love one another, be content, remember your leaders; Jesus Christ is the same yesterday, today and for ever.
59	1	22	James, the Lord's brother, writes to Jewish Christians, about AD 45–50	Count trials joy, ask God for wisdom, and be doers of the word, not hearers only.
59	2	17	James, the Lord's brother, writes to Jewish Christians, about AD 45–50	Do not show favouritism; faith without works is dead.
59	3	17	James, the Lord's brother, writes to Jewish Christians, about AD 45–50	The tongue is a fire hard to tame; wisdom from above is pure and peaceable.
59	4	8	James, the Lord's brother, writes to Jewish Christians, about AD 45–50	Quarrels come from selfish desires; humble yourselves, draw near to God, and he will draw near to you.
59	5	16	James, the Lord's brother, writes to Jewish Christians, about AD 45–50	Warning to the rich; be patient; pray for one another, for the prayer of a righteous person is powerful.
60	1	3	Peter writes to suffering Christians in Asia Minor, about AD 62–64	God has given us new birth into a living hope; be holy, for you were redeemed by Christ's precious blood.
60	2	9	Peter writes to suffering Christians in Asia Minor, about AD 62–64	You are a chosen people, a royal priesthood; Christ suffered for you, leaving an example.
60	3	15	Peter writes to suffering Christians in Asia Minor, about AD 62–64	Wives and husbands; repay evil with blessing; always be ready to give a reason for your hope.
60	4	10	Peter writes to suffering Christians in Asia Minor, about AD 62–64	Do not be surprised by suffering; use your gifts to serve one another.
60	5	7	Peter writes to suffering Christians in Asia Minor, about AD 62–64	Elders, shepherd the flock; cast all your anxiety on him, because he cares for you.
61	1	21	Peter's last letter, shortly before his death, about AD 65–68	Add goodness, knowledge and love to your faith; Scripture came from God as men were carried along by the Spirit.
61	2	9	Peter's last letter, shortly before his death, about AD 65–68	False teachers will come and be judged, but the Lord knows how to rescue the godly.
61	3	9	Peter's last letter, shortly before his death, about AD 65–68	The Lord is not slow about his promise; he is patient, wanting all to repent. The day of the Lord will come.
62	1	9	John writes to churches he cares for, about AD 85–95	We proclaim the Word of life; God is light. If we confess our sins, he is faithful to forgive us.
62	2	1	John writes to churches he cares for, about AD 85–95	Jesus is our advocate; whoever says he knows God must keep his commands; do not love the world.
62	3	1	John writes to churches he cares for, about AD 85–95	See what love the Father has given us, that we should be called children of God; love one another in deed.
62	4	8	John writes to churches he cares for, about AD 85–95	Test the spirits; God is love, and perfect love casts out fear.
62	5	13	John writes to churches he cares for, about AD 85–95	Faith overcomes the world; whoever has the Son has life, that you may know you have eternal life.
63	1	6	John's short letter to "the elect lady and her children", about AD 85–95	Walk in truth and love, and do not welcome those who deny that Jesus Christ came in the flesh.
64	1	4	John's short letter to his friend Gaius, about AD 85–95	John praises Gaius for welcoming travelling teachers and warns against proud Diotrephes.
65	1	3	Jude, the brother of James, warns the church, about AD 65–80	Contend for the faith once for all delivered; false teachers will be judged; God is able to keep you from falling.
66	1	8	John's vision on Patmos and the letters to seven churches, about AD 95	John on Patmos sees the risen Jesus among seven lampstands: I am the Alpha and the Omega.
66	2	10	John's vision on Patmos and the letters to seven churches, about AD 95	Letters to the churches in Ephesus, Smyrna, Pergamum and Thyatira: hold fast and overcome.
66	3	20	John's vision on Patmos and the letters to seven churches, about AD 95	Letters to Sardis, Philadelphia and Laodicea: I stand at the door and knock.
66	4	8	John's visions of heaven, judgment and the new creation	A door opens in heaven: God on his throne, worshipped day and night: holy, holy, holy.
66	5	9	John's visions of heaven, judgment and the new creation	Only the Lamb who was slain is worthy to open the scroll, and all creation praises him.
66	6	17	John's visions of heaven, judgment and the new creation	The Lamb opens six seals: conquest, war, famine, death, martyrs crying out, and a great earthquake.
66	7	17	John's visions of heaven, judgment and the new creation	God's servants are sealed; a great multitude from every nation stands before the throne.
66	8	1	John's visions of heaven, judgment and the new creation	The seventh seal; the first four trumpets bring judgment on the earth.
66	9	20	John's visions of heaven, judgment and the new creation	The fifth and sixth trumpets bring terrible plagues, yet people do not repent.
66	10	7	John's visions of heaven, judgment and the new creation	A mighty angel with a little scroll; John eats it and must prophesy again.
66	11	15	John's visions of heaven, judgment and the new creation	Two witnesses prophesy, are killed and rise; the seventh trumpet: the kingdom of the world has become the kingdom of our Lord.
66	12	11	John's visions of heaven, judgment and the new creation	A woman, her child and the dragon; war in heaven; they overcame by the blood of the Lamb.
66	13	8	John's visions of heaven, judgment and the new creation	A beast from the sea and a beast from the earth demand worship; the mark of the beast.
66	14	13	John's visions of heaven, judgment and the new creation	The Lamb on Mount Zion; angels announce the gospel and judgment; the harvest of the earth.
66	15	3	John's visions of heaven, judgment and the new creation	The song of Moses and the Lamb; seven angels with seven last plagues.
66	16	1	John's visions of heaven, judgment and the new creation	The seven bowls of God's wrath are poured out.
66	17	14	John's visions of heaven, judgment and the new creation	The great prostitute Babylon riding the beast; the Lamb will conquer, for he is Lord of lords.
66	18	2	John's visions of heaven, judgment and the new creation	Babylon the great has fallen, and the world mourns her.
66	19	6	John's visions of heaven, judgment and the new creation	Heaven rejoices; the marriage supper of the Lamb; Christ rides out as King of kings and defeats the beast.
66	20	12	John's visions of heaven, judgment and the new creation	Satan is bound for a thousand years, then defeated for ever; the dead are judged before the great white throne.
66	21	4	John's visions of heaven, judgment and the new creation	A new heaven and a new earth; God will dwell with his people and wipe away every tear. The new Jerusalem.
66	22	20	John's visions of heaven, judgment and the new creation	The river of life and the tree of life; Jesus says, "I am coming soon." Come, Lord Jesus.
